model,env,item_id,lp__abstract__failed,lp__abstract__gold,lp__abstract_min__failed,lp__abstract_min__gold,lp__fail__distractor0,lp__fail__distractor1,lp__fail__failed,lp__fail__gold,lp__fail_early__failed,lp__fail_early__gold,lp__fail_echo__failed,lp__fail_echo__gold,lp__fail_instr__failed,lp__fail_instr__gold,lp__fail_k2__failed,lp__fail_k2__gold,lp__fail_k3__failed,lp__fail_k3__gold,lp__fail_other__failed,lp__fail_other__gold,lp__fail_terse__failed,lp__fail_terse__gold,lp__fail_verbose__failed,lp__fail_verbose__gold,lp__neut__failed,lp__neut__gold,lp__neut_pad__failed,lp__neut_pad__gold,lp__pre__distractor0,lp__pre__distractor1,lp__pre__failed,lp__pre__gold,lp__succ__failed,lp__succ__gold,greedy__abstract__failed,greedy__abstract__gold,greedy__abstract_min__failed,greedy__abstract_min__gold,greedy__fail__distractor0,greedy__fail__distractor1,greedy__fail__failed,greedy__fail__gold,greedy__fail_early__failed,greedy__fail_early__gold,greedy__fail_echo__failed,greedy__fail_echo__gold,greedy__fail_instr__failed,greedy__fail_instr__gold,greedy__fail_k2__failed,greedy__fail_k2__gold,greedy__fail_k3__failed,greedy__fail_k3__gold,greedy__fail_other__failed,greedy__fail_other__gold,greedy__fail_terse__failed,greedy__fail_terse__gold,greedy__fail_verbose__failed,greedy__fail_verbose__gold,greedy__neut__failed,greedy__neut__gold,greedy__neut_pad__failed,greedy__neut_pad__gold,greedy__pre__distractor0,greedy__pre__distractor1,greedy__pre__failed,greedy__pre__gold,greedy__succ__failed,greedy__succ__gold,ntok__abstract__failed,ntok__abstract__gold,ntok__abstract_min__failed,ntok__abstract_min__gold,ntok__fail__distractor0,ntok__fail__distractor1,ntok__fail__failed,ntok__fail__gold,ntok__fail_early__failed,ntok__fail_early__gold,ntok__fail_echo__failed,ntok__fail_echo__gold,ntok__fail_instr__failed,ntok__fail_instr__gold,ntok__fail_k2__failed,ntok__fail_k2__gold,ntok__fail_k3__failed,ntok__fail_k3__gold,ntok__fail_other__failed,ntok__fail_other__gold,ntok__fail_terse__failed,ntok__fail_terse__gold,ntok__fail_verbose__failed,ntok__fail_verbose__gold,ntok__neut__failed,ntok__neut__gold,ntok__neut_pad__failed,ntok__neut_pad__gold,ntok__pre__distractor0,ntok__pre__distractor1,ntok__pre__failed,ntok__pre__gold,ntok__succ__failed,ntok__succ__gold,ctx__abstract,ctx__abstract_min,ctx__fail,ctx__fail_early,ctx__fail_echo,ctx__fail_instr,ctx__fail_k2,ctx__fail_k3,ctx__fail_other,ctx__fail_terse,ctx__fail_verbose,ctx__neut,ctx__neut_pad,ctx__pre,ctx__succ,G,G_pad,copy,sem,copy_pad,sem_pad,polarity,G_abstract,delta_abstract,repair,repair_abstract,margin_pre,margin_fail,margin_abstract,margin_shift,G_fail_echo,delta_fail_echo,G_fail_terse,delta_fail_terse,G_fail_verbose,delta_fail_verbose,G_fail_instr,delta_fail_instr,G_fail_k2,delta_fail_k2,G_fail_k3,delta_fail_k3,G_fail_early,delta_fail_early,G_fail_other,delta_fail_other,G_abstract_min,delta_abstract_min,copy_succ,sem_succ,G_per_token,copy_per_token,sem_per_token,G_negative,p_repeat_pre,p_repeat_fail,p_repeat_abstract,p_repeat_neut,p_repeat_succ,p_repeat_shift,greedy_repeat_pre,greedy_repeat_fail,greedy_repeat_abstract
llama3.2-1b,toolshed,toolshed-0000-s0-arg_typo-1,-16.0278263092041,-6.588790416717529,,,-12.521305561065674,-27.531822681427002,-8.114800930023193,-4.128025054931641,,,,,,,,,,,,,,,,,-10.932442665100098,-13.479006290435791,,,-15.311451435089111,-34.278865337371826,-17.09085702896118,-8.486408472061157,-8.076666593551636,-5.70727401971817,False,False,,,False,False,False,False,,,,,,,,,,,,,,,,,False,False,,,False,False,False,False,False,False,10.0,9.0,,,9.0,7.0,10.0,9.0,,,,,,,,,,,,,,,,,10.0,9.0,,,9.0,7.0,10.0,9.0,10.0,9.0,597.0,,612.0,,,,,,,,,595.0,,569.0,619.0,-8.976056098937988,-8.976056098937988,6.158414363861084,2.8176417350769043,,,-0.03813433647155762,-1.06303071975708,-7.913025379180908,4.358383417129517,1.897618055343628,8.604448556900024,3.9867758750915527,9.439035892486572,-4.617672681808472,,,,,,,,,,,,,,,,,,,9.014190435409546,-0.03813433647155762,-0.8976056098937988,0.6158414363861084,0.28176417350769045,1.0,0.00018305621442744083,0.018217229813749757,7.955074433574828e-05,0.927342316458986,0.08553664042449771,0.018034173599322315,0.0,0.0,0.0
llama3.2-1b,toolshed,toolshed-0000-s0-hallucinated_entity-2,-29.515132904052734,-5.759650230407715,,,-19.818058490753174,-24.208476543426514,-9.482492446899414,-8.077220916748047,,,,,,,,,,,,,,,,,-7.243722319602966,-9.12800931930542,,,-15.311457633972168,-17.09086036682129,-34.278865814208984,-8.486420154571533,-6.829302787780762,-6.905358076095581,False,False,,,False,False,False,False,,,,,,,,,,,,,,,,,False,False,,,False,False,False,False,False,False,7.0,9.0,,,9.0,10.0,7.0,9.0,,,,,,,,,,,,,,,,,7.0,9.0,,,9.0,10.0,7.0,9.0,7.0,9.0,594.0,,609.0,,,,,,,,,592.0,,569.0,614.0,-24.79637336730957,-24.79637336730957,27.035143494606018,-2.2387701272964478,,,-2.6531896591186523,-4.76373291015625,-20.03264045715332,0.40919923782348633,2.7267699241638184,25.79244565963745,1.4052715301513672,23.75548267364502,-24.387174129486084,,,,,,,,,,,,,,,,,,,27.449563026428223,-2.6531896591186523,-3.5423390524727956,3.8621633563722884,-0.3198243038994925,1.0,6.279602837754596e-12,0.1969796565529789,4.820864887668912e-11,0.868102764524336,0.5190046620702516,0.19697965654669927,0.0,0.0,0.0
llama3.2-1b,toolshed,toolshed-0000-s2-tool_typo-1,-8.209397554397583,-4.667511463165283,,,-10.209632396697998,-16.308446407318115,-10.793509483337402,-3.0701429173350334,,,,,,,,,,,,,,,,,-28.444010734558105,-21.89943504333496,,,-16.576454162597656,-22.22513771057129,-25.131437301635742,-15.308309555053711,-13.278404712677002,-13.220115661621094,False,False,,,False,False,False,False,,,,,,,,,,,,,,,,,False,False,,,False,False,False,False,False,False,26.0,26.0,,,16.0,27.0,26.0,26.0,,,,,,,,,,,,,,,,,26.0,26.0,,,16.0,27.0,26.0,26.0,26.0,26.0,672.0,,702.0,,,,,,,,,689.0,,647.0,687.0,-14.33792781829834,-14.33792781829834,-3.3125734329223633,17.650501251220703,,,2.4848952293395996,-16.92203974723816,2.5841119289398193,12.238166637718678,10.640798091888428,9.823127746582031,7.723366566002369,3.5418860912323,-2.0997611805796623,,,,,,,,,,,,,,,,,,,11.85303258895874,2.4848952293395996,-0.5514587622422439,-0.12740667049701399,0.6788654327392578,1.0,4.225196267846907e-05,0.00044182216080443105,0.02814365444096493,0.0014358294935219729,0.4854318617443717,0.00039957019812596195,0.0,0.0,0.0
llama3.2-1b,toolshed,toolshed-0001-s0-date_format-2,-21.283177375793457,-4.803915023803711,,,-12.277138352394104,-12.924119591712952,-3.646659016609192,-0.184194877743721,,,,,,,,,,,,,,,,,-6.258413553237915,-4.622913837432861,,,-14.994871139526367,-14.784880638122559,-23.251951217651367,-6.253268480300903,-7.257227957248688,-7.530312418937683,False,False,,,False,False,False,True,,,,,,,,,,,,,,,,,False,False,,,False,False,False,False,False,False,12.0,11.0,,,11.0,11.0,12.0,11.0,,,,,,,,,,,,,,,,,12.0,11.0,,,11.0,11.0,12.0,11.0,12.0,11.0,593.0,,615.0,,,,,,,,,594.0,,566.0,642.0,-19.605292201042175,-19.605292201042175,16.993537664413452,2.611754536628723,,,3.610568940639496,-1.9687738418579102,-17.636518359184265,6.069073602557182,1.4493534564971924,16.998682737350464,3.462464138865471,16.479262351989746,-13.536218598484993,,,,,,,,,,,,,,,,,,,15.99472326040268,3.610568940639496,-1.633774350086848,1.416128138701121,0.21764621138572693,1.0,4.1439154193873335e-08,0.030399066734533547,6.968627724708882e-08,0.16307834754498587,0.5678499785400836,0.030399025295379353,0.0,0.0,0.0
llama3.2-1b,toolshed,toolshed-0001-s0-tool_typo-0,-10.045904636383057,-4.891725540161133,,,-11.971052668988705,-19.566687129437923,-8.358262561261654,-0.11781534925103188,,,,,,,,,,,,,,,,,-10.59945559501648,-3.819151997566223,,,-14.784879207611084,-23.251949787139893,-14.994879245758057,-6.25327205657959,-8.230102777481079,-3.464659571647644,False,False,,,False,False,False,True,,,,,,,,,,,,,,,,,False,False,,,False,False,False,False,False,False,11.0,11.0,,,11.0,12.0,11.0,11.0,,,,,,,,,,,,,,,,,11.0,11.0,,,11.0,12.0,11.0,11.0,11.0,11.0,591.0,,606.0,,,,,,,,,593.0,,566.0,591.0,-6.636616684496403,-6.636616684496403,4.395423650741577,2.2411930337548256,,,-0.1281597837805748,-4.948974609375,-1.6876420751214027,6.135456707328558,1.361546516418457,8.741607189178467,8.240447212010622,5.154179096221924,-0.5011599771678448,,,,,,,,,,,,,,,,,,,6.7647764682769775,-0.1281597837805748,-0.603328789499673,0.3995839682492343,0.2037448212504387,1.0,0.00015973983431788257,0.0002636948325730804,0.005742057389736425,0.0011346411076672497,0.008447149475763017,0.00010395499825519781,0.0,0.0,0.0
llama3.2-1b,toolshed,toolshed-0002-s0-hallucinated_entity-2,-25.639293670654297,-7.756058692932129,,,-18.65158724784851,-24.081870794296265,-8.061567068099976,-8.388927698135376,,,,,,,,,,,,,,,,,-8.442873239517212,-8.384076833724976,,,-17.200218200683594,-15.168835639953613,-30.809803009033203,-8.377067565917969,-9.762521982192993,-9.23201596736908,False,False,,,False,False,False,False,,,,,,,,,,,,,,,,,False,False,,,False,False,False,False,False,False,7.0,8.0,,,8.0,9.0,7.0,8.0,,,,,,,,,,,,,,,,,7.0,8.0,,,8.0,9.0,7.0,8.0,7.0,8.0,606.0,,621.0,,,,,,,,,604.0,,581.0,626.0,-22.748235940933228,-22.748235940933228,22.36692976951599,0.38130617141723633,,,1.7009549140930176,-5.170509338378906,-17.57772660255432,-0.011860132217407227,0.6210088729858398,22.432735443115234,-0.3273606300354004,17.883234977722168,-22.760096073150635,,,,,,,,,,,,,,,,,,,21.04728102684021,1.7009549140930176,-3.2497479915618896,3.195275681359427,0.054472310202462335,1.0,1.8073217036238605e-10,0.5811085036656809,1.7116293431574864e-08,0.48530513167592376,0.3703988758432836,0.5811085034849487,0.0,0.0,0.0
llama3.2-1b,toolshed,toolshed-0002-s1-arg_typo-2,-12.285235941410065,-1.6341643929481506,,,-8.823012828826904,-13.529339790344238,-6.213993072509766,-2.7019914388656616,,,,,,,,,,,,,,,,,-7.925446100533009,-12.927381038665771,,,-6.85520339012146,-12.062000513076782,-10.835007905960083,-1.0107819736003876,-7.724781200289726,-10.505460739135742,False,True,,,False,False,False,False,,,,,,,,,,,,,,,,,False,False,,,False,False,False,True,False,False,34.0,34.0,,,23.0,34.0,34.0,34.0,,,,,,,,,,,,,,,,,34.0,34.0,,,23.0,34.0,34.0,34.0,34.0,34.0,657.0,,695.0,,,,,,,,,679.0,,629.0,680.0,-4.621014833450317,-4.621014833450317,2.9095618054270744,1.711453028023243,,,1.5107881277799606,1.4502280354499817,-6.071242868900299,-1.691209465265274,-0.6233824193477631,9.824225932359695,3.512001633644104,10.651071548461914,-6.312224298715591,,,,,,,,,,,,,,,,,,,3.1102267056703568,1.5107881277799606,-0.13591220098383286,0.08557534721844337,0.050336853765389496,1.0,5.396431601119882e-05,0.028910459110011083,2.367489808530757e-05,0.9933200003832519,0.9416228094401266,0.028856494793999883,0.0,0.0,0.0
llama3.2-1b,toolshed,toolshed-0002-s1-type_swap-3,-6.222533851861954,-1.5398347675800323,,,-7.716403007507324,-16.06375551223755,-4.509867906570435,-3.410839021205902,,,,,,,,,,,,,,,,,-8.11585859209299,-13.569659233093262,,,-6.855195045471191,-12.062007188796997,-6.386237621307373,-1.0107826888561249,-7.835074990987778,-10.353103637695312,False,True,,,False,False,False,False,,,,,,,,,,,,,,,,,False,False,,,False,False,False,True,False,False,34.0,34.0,,,23.0,34.0,34.0,34.0,,,,,,,,,,,,,,,,,34.0,34.0,,,23.0,34.0,34.0,34.0,34.0,34.0,657.0,,696.0,,,,,,,,,679.0,,629.0,680.0,-1.8763697147369385,-1.8763697147369385,-1.7296209707856178,3.6059906855225563,,,3.325207084417343,-0.1637037694454193,-1.7126659452915192,-2.400056332349777,-0.5290520787239075,5.375454932451248,1.0990288853645325,4.682699084281921,-4.276426047086716,,,,,,,,,,,,,,,,,,,-1.4488373696804047,3.325207084417343,-0.055187344551086426,-0.05087120502310641,0.10605854957419283,1.0,0.004594169131803362,0.24741719112759533,0.009169151461769512,0.9957382334211529,0.9253960702653216,0.24282302199579198,0.0,0.0,0.0
llama3.2-1b,toolshed,toolshed-0004-s0-tool_typo-0,-7.3760881423950195,-3.2641947269439697,,,-10.992964744567871,-20.677291870117188,-2.8867722749710083,-2.408018410205841,,,,,,,,,,,,,,,,,-6.876695141196251,-5.819021940231323,,,-15.720914244651794,-19.761308073997498,-15.46971082687378,-5.401430249214172,-6.596128672361374,-4.482060194015503,False,False,,,False,False,False,False,,,,,,,,,,,,,,,,,False,False,,,False,False,False,False,False,False,8.0,8.0,,,9.0,10.0,8.0,8.0,,,,,,,,,,,,,,,,,8.0,8.0,,,9.0,10.0,8.0,8.0,8.0,8.0,599.0,,611.0,,,,,,,,,598.0,,574.0,596.0,-12.582938551902771,-12.582938551902771,8.593015685677528,3.9899228662252426,,,3.7093563973903656,-8.09362268447876,-4.489315867424011,2.9934118390083313,2.1372355222702026,10.068280577659607,0.47875386476516724,4.11189341545105,-9.58952671289444,,,,,,,,,,,,,,,,,,,8.873582154512405,3.7093563973903656,-1.5728673189878464,1.074126960709691,0.4987403582781553,1.0,4.240023969431293e-05,0.3825022811795349,0.016112861093620964,0.25775436004976543,0.10773694056998219,0.38245988093984057,0.0,0.0,0.0
llama3.2-1b,toolshed,toolshed-0005-s0-tool_typo-1,-9.67649781703949,-3.1991993188858032,,,-12.790910005569458,-13.59450650215149,-6.68672776222229,-1.7752168513834476,,,,,,,,,,,,,,,,,-7.9669345915317535,-9.617720365524292,,,-13.715830087661743,-11.197989702224731,-13.428319215774536,-2.772987127304077,-7.005533754825592,-8.601975202560425,False,False,,,False,False,False,False,,,,,,,,,,,,,,,,,False,False,,,False,False,False,False,False,False,16.0,16.0,,,11.0,16.0,16.0,16.0,,,,,,,,,,,,,,,,,16.0,16.0,,,11.0,16.0,16.0,16.0,16.0,16.0,592.0,,612.0,,,,,,,,,599.0,,567.0,597.0,-6.741591453552246,-6.741591453552246,5.461384624242783,1.2802068293094635,,,0.318805992603302,-3.7518213987350464,-2.9897700548171997,0.9977702759206295,-0.4262121915817261,10.655332088470459,4.911510910838842,6.4772984981536865,-5.743821177631617,,,,,,,,,,,,,,,,,,,6.422785460948944,0.318805992603302,-0.4213494658470154,0.3413365390151739,0.08001292683184147,1.0,2.3568661563495458e-05,0.007307391312807732,0.001535598185320096,0.8389972217446197,0.8315204405771486,0.007283822651244236,0.0,0.0,0.0
llama3.2-1b,toolshed,toolshed-0006-s2-name_for_email-3,-13.694764614105225,-4.797321557998657,,,-12.30654001235962,-17.58247470855713,-13.749509811401367,-5.989943265914917,,,,,,,,,,,,,,,,,-19.952835083007812,-35.48837852478027,,,-16.81953001022339,-24.539327144622803,-25.039103984832764,-15.273243427276611,-7.64618444442749,-11.457315444946289,False,False,,,False,False,False,False,,,,,,,,,,,,,,,,,False,False,,,False,False,False,False,False,False,23.0,26.0,,,16.0,26.0,23.0,26.0,,,,,,,,,,,,,,,,,23.0,26.0,,,16.0,26.0,23.0,26.0,23.0,26.0,673.0,,703.0,,,,,,,,,685.0,,646.0,687.0,-11.289594173431396,-11.289594173431396,5.086268901824951,6.203325271606445,,,-6.103325366973877,-11.344339370727539,0.05474519729614258,9.283300161361694,10.475921869277954,9.765860557556152,7.75956654548645,8.897443056106567,-2.006294012069702,,,,,,,,,,,,,,,,,,,17.392919540405273,-6.103325366973877,-0.49085192058397376,0.22114212616630222,0.2697097944176715,1.0,4.729464658591001e-05,0.00042568709859042565,0.00013671941679291153,0.9999998209397724,0.9783556965168831,0.00037839245200451565,0.0,0.0,0.0
llama3.2-1b,toolshed,toolshed-0008-s1-arg_typo-2,-13.88732135295868,-3.6973875761032104,,,-8.423648953437805,-14.753951072692871,-6.22128689289093,-2.61897611618042,,,,,,,,,,,,,,,,,-7.5602689534425735,-12.960599422454834,,,-7.332029640674591,-13.285069465637207,-11.057226479053497,-1.778537929058075,-7.559636615216732,-10.770233154296875,False,False,,,False,False,False,False,,,,,,,,,,,,,,,,,False,False,,,False,False,False,False,False,False,34.0,34.0,,,23.0,34.0,34.0,34.0,,,,,,,,,,,,,,,,,34.0,34.0,,,23.0,34.0,34.0,34.0,34.0,34.0,660.0,,698.0,,,,,,,,,682.0,,632.0,683.0,-4.835939586162567,-4.835939586162567,3.4969575256109238,1.3389820605516434,,,1.3383497223258018,2.830094873905182,-7.666034460067749,-0.840438187122345,-1.9188496470451355,9.278688549995422,3.6023107767105103,10.189933776855469,-5.676377773284912,,,,,,,,,,,,,,,,,,,3.4975898638367653,1.3383497223258018,-0.1422335172400755,0.10285169192973305,0.039381825310342455,1.0,9.302353559687952e-05,0.026459477491117028,3.754496327683489e-05,0.995505205794901,0.9612311022053779,0.026366453955520147,0.0,0.0,0.0
llama3.2-1b,toolshed,toolshed-0008-s1-drop_arg-0,-5.883968949317932,-3.157281517982483,,,-18.413631439208984,-17.207719564437866,-6.2781031131744385,-7.337016820907593,,,,,,,,,,,,,,,,,-6.953534513711929,-13.731613636016846,,,-13.285079717636108,-11.05724573135376,-7.332025051116943,-1.7785392999649048,-7.566760361194611,-14.502297401428223,False,False,,,False,False,False,False,,,,,,,,,,,,,,,,,False,False,,,False,False,False,False,False,False,23.0,34.0,,,34.0,34.0,23.0,34.0,,,,,,,,,,,,,,,,,23.0,34.0,,,34.0,34.0,23.0,34.0,23.0,34.0,659.0,,680.0,,,,,,,,,671.0,,632.0,672.0,-1.0539219379425049,-1.0539219379425049,0.37849053740501404,0.6754314005374908,,,1.2886572480201721,-1.4480561017990112,0.39413416385650635,-5.558477520942688,-1.3787422180175781,5.553485751152039,-1.0589137077331543,2.726687431335449,-6.612399458885193,,,,,,,,,,,,,,,,,,,-0.23473531007766724,1.2886572480201721,-0.04582269295402195,0.01645611032195713,0.02936658263206482,1.0,0.003858583050358953,0.7424700623405776,0.06141683801696176,0.9988628349754182,0.9990283444300133,0.7386114792902186,0.0,0.0,0.0
llama3.2-1b,toolshed,toolshed-0008-s1-type_swap-3,-7.360305905342102,-3.8780122995376587,,,-7.140491962432861,-16.60996150970459,-4.713918209075928,-3.2621719241142273,,,,,,,,,,,,,,,,,-7.711693897843361,-13.288271427154541,,,-7.332025051116943,-13.285079717636108,-7.939580917358398,-1.7785392999649048,-7.656718492507935,-10.147598266601562,False,False,,,False,False,False,False,,,,,,,,,,,,,,,,,False,False,,,False,False,False,False,False,False,34.0,34.0,,,23.0,34.0,34.0,34.0,,,,,,,,,,,,,,,,,34.0,34.0,,,23.0,34.0,34.0,34.0,34.0,34.0,660.0,,699.0,,,,,,,,,682.0,,632.0,683.0,-3.2256627082824707,-3.2256627082824707,0.22788701951503754,2.997775688767433,,,2.942800283432007,-0.5792750120162964,-2.6463876962661743,-1.4836326241493225,-2.099472999572754,6.161041617393494,1.4517462849617004,3.4822936058044434,-4.709295332431793,,,,,,,,,,,,,,,,,,,0.28286242485046387,2.942800283432007,-0.09487243259654325,0.006702559397501104,0.08816987319904215,1.0,0.0020974818496477025,0.18660506188920484,0.02982025187667025,0.9962287768285121,0.9234999798856522,0.18450758003955714,0.0,0.0,0.0
llama3.2-1b,toolshed,toolshed-0010-s1-date_format-3,-16.374278366565704,-0.5992914438247681,,,-9.466147661209106,-21.74954605102539,-7.846571683883667,-0.7272030264139175,,,,,,,,,,,,,,,,,-6.641932785511017,-8.140137553215027,,,-18.274088382720947,-26.80644464492798,-23.501526355743408,-6.6715200543403625,-8.959930658340454,-6.585279420018196,False,True,,,False,False,False,True,,,,,,,,,,,,,,,,,False,False,,,False,False,False,False,False,False,21.0,20.0,,,11.0,20.0,21.0,20.0,,,,,,,,,,,,,,,,,21.0,20.0,,,11.0,20.0,21.0,20.0,21.0,20.0,627.0,,658.0,,,,,,,,,636.0,,599.0,643.0,-15.654954671859741,-15.654954671859741,16.85959357023239,-1.2046388983726501,,,1.113358974456787,-7.127247989177704,-8.527706682682037,5.944317027926445,6.0722286105155945,16.830006301403046,7.1193686574697495,15.774986922740936,-9.710637643933296,,,,,,,,,,,,,,,,,,,14.541595697402954,1.113358974456787,-0.745474031993321,0.8028377890586853,-0.05736375706536429,1.0,4.907012228435019e-08,0.0008084936856275326,1.4093217880448846e-07,0.8173065709999091,0.08512620254332304,0.0008084446155052482,0.0,0.0,0.0
llama3.2-1b,toolshed,toolshed-0010-s1-tool_typo-1,-5.748723328113556,-1.7324500977993011,,,-7.948866561055183,-12.099623396992683,-7.070268154144287,-0.19946664571762085,,,,,,,,,,,,,,,,,-12.82427167892456,-4.00230573117733,,,-18.274078845977783,-22.536644458770752,-26.806454181671143,-6.671513020992279,-13.719917297363281,-6.51130348443985,False,False,,,False,False,False,True,,,,,,,,,,,,,,,,,False,False,,,False,False,False,False,False,False,20.0,20.0,,,11.0,20.0,20.0,20.0,,,,,,,,,,,,,,,,,20.0,20.0,,,11.0,20.0,20.0,20.0,20.0,20.0,625.0,,650.0,,,,,,,,,635.0,,599.0,633.0,-19.736186027526855,-19.736186027526855,13.982182502746582,5.754003524780273,,,6.649649143218994,-21.057730853557587,1.3215448260307312,6.472046375274658,4.939062923192978,20.134941160678864,6.870801508426666,4.016273230314255,-13.264139652252197,,,,,,,,,,,,,,,,,,,13.086536884307861,6.649649143218994,-0.9868093013763428,0.6991091251373291,0.28770017623901367,1.0,1.8009519804560255e-09,0.0010361163271735516,0.017701023946114388,0.00014743643930011105,0.0007396350111642321,0.0010361145262215712,0.0,0.0,0.0
llama3.2-1b,toolshed,toolshed-0011-s0-hallucinated_entity-4,-22.903589367866516,-4.674151062965393,,,-9.116514205932617,-15.983023166656494,-3.535650998353958,-4.917012333869934,,,,,,,,,,,,,,,,,-7.884542375802994,-11.207844257354736,,,-15.289886951446533,-13.910398006439209,-26.931488513946533,-3.9086992740631104,-7.908189535140991,-8.274836778640747,False,False,,,False,False,False,False,,,,,,,,,,,,,,,,,False,False,,,False,False,False,False,False,False,16.0,16.0,,,11.0,16.0,16.0,16.0,,,,,,,,,,,,,,,,,16.0,16.0,,,11.0,16.0,16.0,16.0,16.0,16.0,594.0,,611.0,,,,,,,,,599.0,,567.0,601.0,-23.395837515592575,-23.395837515592575,19.04694613814354,4.348891377449036,,,4.372538536787033,-4.027899146080017,-19.367938369512558,-1.0083130598068237,-0.7654517889022827,23.022789239883423,-1.381361335515976,18.229438304901123,-24.4041505753994,,,,,,,,,,,,,,,,,,,19.023298978805542,4.372538536787033,-1.462239844724536,1.1904341336339712,0.27180571109056473,1.0,1.0030094800213836e-10,0.7968066909240665,1.2107529356394799e-08,0.9652196084281782,0.5906485865208181,0.7968066908237655,0.0,0.0,0.0
llama3.2-1b,toolshed,toolshed-0011-s1-arg_typo-2,-15.132936924695969,-3.976840704679489,,,-5.901013255119324,-13.122168064117432,-7.219460844993591,-2.0175928473472595,,,,,,,,,,,,,,,,,-16.382423400878906,-21.840811729431152,,,-18.637250423431396,-16.900800704956055,-21.74787473678589,-8.966578960418701,-4.485365033149719,-8.679038763046265,False,False,,,False,False,False,False,,,,,,,,,,,,,,,,,False,False,,,False,False,False,False,False,False,17.0,16.0,,,9.0,16.0,17.0,16.0,,,,,,,,,,,,,,,,,17.0,16.0,,,9.0,16.0,17.0,16.0,17.0,16.0,629.0,,651.0,,,,,,,,,634.0,,601.0,640.0,-14.528413891792297,-14.528413891792297,5.365451335906982,9.162962555885315,,,-2.734095811843872,-6.61493781208992,-7.913476079702377,6.948986113071442,4.989738255739212,12.781295776367188,5.201867997646332,11.15609622001648,-7.579427778720856,,,,,,,,,,,,,,,,,,,17.26250970363617,-2.734095811843872,-0.8546125818701351,0.3156147844651166,0.5389977974050185,1.0,2.811703930379239e-06,0.005366202509724114,1.428771461429482e-05,0.9957576575398643,0.9851336014115448,0.005363390805793735,0.0,0.0,0.0
llama3.2-1b,toolshed,toolshed-0012-s1-arg_typo-1,-14.404245138168335,-2.22446271777153,,,-15.889506816864014,-25.715562343597412,-11.44290828704834,-5.823188811540604,,,,,,,,,,,,,,,,,-8.894921898841858,-11.546466827392578,,,-24.83932638168335,-24.14884901046753,-18.030240535736084,-6.96106019616127,-9.645724534988403,-10.750234127044678,False,False,,,False,False,False,False,,,,,,,,,,,,,,,,,False,False,,,False,False,False,False,False,False,10.0,9.0,,,9.0,10.0,10.0,9.0,,,,,,,,,,,,,,,,,10.0,9.0,,,9.0,10.0,10.0,9.0,10.0,9.0,648.0,,663.0,,,,,,,,,646.0,,620.0,651.0,-6.587332248687744,-6.587332248687744,9.135318636894226,-2.547986388206482,,,-1.7971837520599365,-3.625995397567749,-2.961336851119995,1.1378713846206665,4.73659747838974,11.069180339574814,5.619719475507736,12.179782420396805,-5.449460864067078,,,,,,,,,,,,,,,,,,,8.38451600074768,-1.7971837520599365,-0.6587332248687744,0.9135318636894226,-0.2547986388206482,1.0,1.5585088343003717e-05,0.0036124072111332873,5.133167958656192e-06,0.9341061475227008,0.7511041133624926,0.0035968221227902835,0.0,0.0,0.0
llama3.2-1b,toolshed,toolshed-0012-s2-name_for_email-3,-21.196747064590454,-16.60020661354065,,,-12.983766555786133,-17.6474928855896,-13.651804447174072,-5.693793445825577,,,,,,,,,,,,,,,,,-19.79157018661499,-32.54082632064819,,,-20.160057067871094,-30.490904808044434,-28.142085075378418,-20.584202766418457,-8.69813859462738,-9.025089979171753,False,False,,,False,False,False,False,,,,,,,,,,,,,,,,,False,False,,,False,False,False,False,False,False,23.0,27.0,,,18.0,27.0,23.0,27.0,,,,,,,,,,,,,,,,,23.0,27.0,,,18.0,27.0,23.0,27.0,23.0,27.0,674.0,,704.0,,,,,,,,,686.0,,647.0,688.0,-14.490280628204346,-14.490280628204346,8.350514888763428,6.139765739440918,,,-4.953665852546692,-6.945338010787964,-7.544942617416382,14.89040932059288,3.9839961528778076,7.557882308959961,7.9580110013484955,4.596540451049805,0.40012869238853455,,,,,,,,,,,,,,,,,,,19.443946480751038,-4.953665852546692,-0.6300122012262759,0.36306586472884467,0.2669463364974312,1.0,0.00020640932185108784,0.0003494852877188698,0.00998594583632825,0.9999970955282868,0.581017417378803,0.00014307596586778196,0.0,0.0,0.0
llama3.2-1b,toolshed,toolshed-0014-s1-date_format-4,-15.280028700828552,-1.5873254537582397,,,-11.696094989776611,-15.860006332397461,-9.15327262878418,-4.6831125766038895,,,,,,,,,,,,,,,,,-7.894935786724091,-10.116136312484741,,,-7.479726195335388,-12.148543953895569,-17.254157423973083,-1.718689501285553,-8.07290081679821,-9.955101251602173,False,True,,,False,False,False,False,,,,,,,,,,,,,,,,,False,False,,,False,False,False,False,False,False,35.0,34.0,,,23.0,34.0,35.0,34.0,,,,,,,,,,,,,,,,,35.0,34.0,,,23.0,34.0,35.0,34.0,35.0,34.0,656.0,,701.0,,,,,,,,,680.0,,629.0,681.0,-8.100884795188904,-8.100884795188904,9.359221637248993,-1.2583368420600891,,,-1.0803718119859695,-1.9741287231445312,-6.126756072044373,-2.9644230753183365,0.13136404752731323,15.53546792268753,4.47016005218029,13.692703247070312,-11.06530787050724,,,,,,,,,,,,,,,,,,,9.181256607174873,-1.0803718119859695,-0.23145385129111154,0.26740633249282836,-0.03595248120171683,1.0,1.7850656674863693e-07,0.011305749315853172,1.1306652544270285e-06,0.9021372360726215,0.8678636685474775,0.011305570809286423,0.0,0.0,0.0
llama3.2-1b,toolshed,toolshed-0015-s1-drop_arg-0,-7.555920764803886,-10.945057556033134,,,-22.374749183654785,-21.69893503189087,-5.985740661621094,-13.625762462615967,,,,,,,,,,,,,,,,,-9.23253846168518,-15.804476261138916,,,-27.132810592651367,-27.833683967590332,-20.96731948852539,-19.80504608154297,-6.482618272304535,-15.591434478759766,False,False,,,False,False,False,False,,,,,,,,,,,,,,,,,False,False,,,False,False,False,False,False,False,10.0,22.0,,,22.0,23.0,10.0,22.0,,,,,,,,,,,,,,,,,10.0,22.0,,,22.0,23.0,10.0,22.0,10.0,22.0,673.0,,680.0,,,,,,,,,672.0,,646.0,679.0,-14.981578826904297,-14.981578826904297,11.73478102684021,3.246797800064087,,,0.49687761068344116,-13.411398723721504,-1.5701801031827927,6.179283618927002,8.859988525509834,1.1622734069824219,-7.640021800994873,-3.389136791229248,-8.802295207977295,,,,,,,,,,,,,,,,,,,14.484701216220856,0.49687761068344116,-1.4981578826904296,1.173478102684021,0.3246797800064087,1.0,0.2380761643320398,0.9995191871388375,0.9673633028522085,0.9986028710601434,0.9998893265833774,0.7614430228067977,0.0,0.0,0.0
llama3.2-1b,toolshed,toolshed-0016-s1-arg_typo-2,-13.850286193192005,-0.6111317351460457,,,-3.2629916220903397,-17.022737979888916,-9.039997532963753,-0.29845061898231506,,,,,,,,,,,,,,,,,-6.1134806871414185,-8.571260452270508,,,-15.986342906951904,-25.34362268447876,-20.925161838531494,-4.5400563180446625,-6.377849519252777,-7.1246877908706665,False,True,,,False,False,False,True,,,,,,,,,,,,,,,,,False,False,,,False,False,False,False,False,False,21.0,21.0,,,12.0,21.0,21.0,21.0,,,,,,,,,,,,,,,,,21.0,21.0,,,12.0,21.0,21.0,21.0,21.0,21.0,632.0,,657.0,,,,,,,,,640.0,,603.0,647.0,-11.885164305567741,-11.885164305567741,14.811681151390076,-2.9265168458223343,,,-2.6621480137109756,-7.074875645339489,-4.810288660228252,4.241605699062347,3.928924582898617,16.38510552048683,8.741546913981438,13.23915445804596,-7.643558606505394,,,,,,,,,,,,,,,,,,,14.547312319278717,-2.6621480137109756,-0.5659602050270353,0.705318150066194,-0.13935794503915877,1.0,7.656572711575992e-08,0.00015194428438818083,1.7795389615285071e-06,0.9211285117850468,0.6784893844568263,0.00015186771866106507,0.0,0.0,0.0
llama3.2-1b,toolshed,toolshed-0018-s2-arg_typo-2,-21.390817642211914,-10.18376874923706,,,-7.982283592224121,-16.832423210144043,-11.216838359832764,-6.698509931564331,,,,,,,,,,,,,,,,,-21.72212266921997,-26.34187936782837,,,-20.930678606033325,-27.54468274116516,-25.54463505744934,-15.647755861282349,-9.292043447494507,-8.34433001279831,False,False,,,False,False,False,False,,,,,,,,,,,,,,,,,False,False,,,False,False,False,False,False,False,29.0,28.0,,,18.0,28.0,29.0,28.0,,,,,,,,,,,,,,,,,29.0,28.0,,,18.0,28.0,29.0,28.0,29.0,28.0,684.0,,717.0,,,,,,,,,701.0,,656.0,708.0,-14.327796697616577,-14.327796697616577,3.82251238822937,10.505284309387207,,,-1.9247949123382568,-4.153817415237427,-10.17397928237915,8.949245929718018,5.463987112045288,9.896879196166992,4.518328428268433,11.207048892974854,-5.37855076789856,,,,,,,,,,,,,,,,,,,16.252591609954834,-1.9247949123382568,-0.4940619550902268,0.1318107720079093,0.36225118308231746,1.0,5.0074394419632e-05,0.00846876873011551,1.3577962674877572e-05,0.9902409834451983,0.2793449011436614,0.008418694335695878,0.0,0.0,0.0
llama3.2-1b,toolshed,toolshed-0019-s0-tool_typo-0,-9.55373239517212,-4.090172529220581,,,-12.258145280182362,-19.898358292877674,-9.12593836337328,-0.06792495399713516,,,,,,,,,,,,,,,,,-9.74430775642395,-3.444112539291382,,,-14.328315734863281,-25.101987838745117,-15.32465934753418,-6.116676568984985,-7.289952993392944,-3.0747069716453552,False,False,,,False,False,False,True,,,,,,,,,,,,,,,,,False,False,,,False,False,False,False,False,False,11.0,11.0,,,11.0,12.0,11.0,11.0,,,,,,,,,,,,,,,,,11.0,11.0,,,11.0,12.0,11.0,11.0,11.0,11.0,591.0,,606.0,,,,,,,,,593.0,,566.0,591.0,-6.1987209841609,-6.1987209841609,5.5803515911102295,0.6183693930506706,,,-1.8359853699803352,-5.7709269523620605,-0.42779403179883957,6.04875161498785,2.0265040397644043,9.207982778549194,9.058013409376144,5.463559865951538,-0.14996936917304993,,,,,,,,,,,,,,,,,,,8.034706354141235,-1.8359853699803352,-0.5635200894691728,0.5073046901009299,0.05621539936824278,1.0,0.00010019879187059201,0.00011643994185766855,0.004220552017568672,0.0018325818120048195,0.014553748137648925,1.6241149987076533e-05,0.0,0.0,0.0
llama3.2-1b,toolshed,toolshed-0019-s1-arg_typo-1,-11.189947485923767,-0.8634531572461128,,,-7.728693962097168,-12.06324815750122,-7.9851179122924805,-1.5249285399913788,,,,,,,,,,,,,,,,,-9.101956605911255,-8.362147808074951,,,-14.618494033813477,-13.01638756878674,-10.891044246032834,-0.035349152982234955,-7.952033042907715,-6.606339663267136,False,True,,,False,False,False,True,,,,,,,,,,,,,,,,,False,False,,,False,False,False,True,False,False,8.0,9.0,,,9.0,9.0,8.0,9.0,,,,,,,,,,,,,,,,,8.0,9.0,,,9.0,9.0,8.0,9.0,8.0,9.0,668.0,,681.0,,,,,,,,,664.0,,640.0,665.0,-2.9059263337403536,-2.9059263337403536,1.7890876401215792,1.1168386936187744,,,-0.033084869384765625,0.29890323989093304,-3.2048295736312866,-1.4895793870091438,-0.8281040042638779,10.855695093050599,6.460189372301102,10.326494328677654,-4.395505720749497,,,,,,,,,,,,,,,,,,,2.939011203125119,-0.033084869384765625,-0.3632407917175442,0.2236359550151974,0.1396048367023468,1.0,1.9293985264990433e-05,0.0015588675266872247,3.275263694070321e-05,0.3230459558251603,0.206575343425739,0.0015395735414222343,0.0,0.0,0.0
llama3.2-1b,toolshed,toolshed-0020-s1-hallucinated_entity-5,-18.38232320547104,-3.1813659071922302,,,-13.804169654846191,-21.078163146972656,-9.416412353515625,-11.827575206756592,,,,,,,,,,,,,,,,,-7.467775285243988,-13.519173622131348,,,-9.72126030921936,-14.883813858032227,-22.755770444869995,-3.5233137607574463,-7.533427685499191,-13.223995208740234,False,False,,,False,False,False,False,,,,,,,,,,,,,,,,,False,False,,,False,False,False,False,False,False,33.0,35.0,,,23.0,35.0,33.0,35.0,,,,,,,,,,,,,,,,,33.0,35.0,,,23.0,35.0,33.0,35.0,33.0,35.0,662.0,,711.0,,,,,,,,,686.0,,637.0,687.0,-13.33935809135437,-13.33935809135437,15.287995159626007,-1.948637068271637,,,-1.8829846680164337,-4.373447239398956,-8.965910851955414,-8.304261445999146,0.34194785356521606,19.23245668411255,-2.411162853240967,15.200957298278809,-21.643619537353516,,,,,,,,,,,,,,,,,,,15.222342759370804,-1.8829846680164337,-0.40422297246528394,0.4632725805947275,-0.05904960812944354,1.0,4.4316234680475626e-09,0.9073190782546621,2.5021193242832056e-07,0.9976509637385768,0.9966336947707796,0.9073190738230386,0.0,0.0,0.0
llama3.2-1b,toolshed,toolshed-0020-s1-type_swap-3,-7.582963824272156,-3.251874089241028,,,-6.667059421539307,-17.241771697998047,-4.639064788818359,-3.6409149169921875,,,,,,,,,,,,,,,,,-7.282723858952522,-14.021099090576172,,,-9.721271991729736,-14.883821249008179,-8.932519912719727,-3.5233306884765625,-7.491810858249664,-11.362709999084473,False,False,,,False,False,False,False,,,,,,,,,,,,,,,,,False,False,,,False,False,False,False,False,False,35.0,35.0,,,23.0,35.0,35.0,35.0,,,,,,,,,,,,,,,,,35.0,35.0,,,23.0,35.0,35.0,35.0,35.0,35.0,665.0,,705.0,,,,,,,,,688.0,,637.0,689.0,-4.293455123901367,-4.293455123901367,1.6497960537672043,2.643659070134163,,,2.852746069431305,-1.3495560884475708,-2.9438990354537964,-0.117584228515625,0.27145659923553467,5.409189224243164,0.9981498718261719,4.331089735031128,-4.411039352416992,,,,,,,,,,,,,,,,,,,1.4407090544700623,2.852746069431305,-0.12267014639718192,0.047137030107634405,0.07553311628954751,1.0,0.004446275122999809,0.26008750477256043,0.012982445387106203,0.9988168313002573,0.9795858009739904,0.2556412296495606,0.0,0.0,0.0
llama3.2-1b,toolshed,toolshed-0021-s1-readonly_target-3,-35.80076676607132,-10.872186481952667,,,-13.919426441192627,-20.651860237121582,-5.047343283891678,-12.606325626373291,,,,,,,,,,,,,,,,,-19.058303833007812,-19.82431983947754,,,-20.620084762573242,-28.614304542541504,-50.25188732147217,-19.969470977783203,-7.927365064620972,-13.681492805480957,False,False,,,False,False,False,False,,,,,,,,,,,,,,,,,False,False,,,False,False,False,False,False,False,20.0,22.0,,,10.0,22.0,20.0,22.0,,,,,,,,,,,,,,,,,20.0,22.0,,,10.0,22.0,20.0,22.0,20.0,22.0,673.0,,695.0,,,,,,,,,682.0,,646.0,687.0,-45.20454403758049,-45.20454403758049,31.193583488464355,14.010960549116135,,,2.880021780729294,-14.451120555400848,-30.75342348217964,7.363145351409912,9.097284495830536,30.282416343688965,-7.558982342481613,24.928580284118652,-37.84139868617058,,,,,,,,,,,,,,,,,,,42.324522256851196,2.880021780729294,-2.2602272018790246,1.5596791744232177,0.7005480274558067,1.0,4.6358261650691635e-14,0.9993386148872329,1.491609500744247e-11,0.6826584464967528,0.9968403448851968,0.9993386148871864,0.0,0.0,0.0
llama3.2-1b,toolshed,toolshed-0022-s0-hallucinated_entity-2,-19.262682616710663,-1.7386322617530823,,,-10.67318195104599,-16.450392961502075,-8.06299901008606,-4.200814992189407,,,,,,,,,,,,,,,,,-10.315843343734741,-9.20162945985794,,,-15.959679126739502,-15.717041969299316,-20.571505546569824,-5.189161539077759,-9.591613292694092,-7.665270447731018,False,True,,,False,False,False,False,,,,,,,,,,,,,,,,,False,False,,,False,False,False,False,False,False,10.0,9.0,,,9.0,10.0,10.0,9.0,,,,,,,,,,,,,,,,,10.0,9.0,,,9.0,10.0,10.0,9.0,10.0,9.0,601.0,,622.0,,,,,,,,,602.0,,576.0,605.0,-12.508506536483765,-12.508506536483765,10.255662202835083,2.2528443336486816,,,1.5286142826080322,-1.3088229298591614,-11.199683606624603,0.9883465468883514,3.4505292773246765,15.382344007492065,3.862184017896652,17.52405035495758,-11.520159989595413,,,,,,,,,,,,,,,,,,,10.979892253875732,1.5286142826080322,-1.2508506536483766,1.0255662202835083,0.22528443336486817,1.0,2.0869499514385948e-07,0.020557993849826615,2.451329093193476e-08,0.24708612527707507,0.1271559247101677,0.020557785154831473,0.0,0.0,0.0
llama3.2-1b,toolshed,toolshed-0024-s1-hallucinated_entity-2,-20.659881353378296,-2.3397300839424133,,,-35.07489633560181,-27.7585129737854,-11.62735390663147,-16.769362926483154,,,,,,,,,,,,,,,,,-8.270290493965149,-16.109018802642822,,,-25.938894748687744,-18.9692702293396,-26.466871738433838,-8.009247779846191,-10.742871284484863,-17.30716037750244,False,False,,,False,False,False,False,,,,,,,,,,,,,,,,,False,False,,,False,False,False,False,False,False,10.0,9.0,,,9.0,10.0,10.0,9.0,,,,,,,,,,,,,,,,,10.0,9.0,,,9.0,10.0,10.0,9.0,10.0,9.0,643.0,,664.0,,,,,,,,,644.0,,618.0,649.0,-14.839517831802368,-14.839517831802368,18.19658124446869,-3.357063412666321,,,-0.8844826221466064,-5.806990385055542,-9.032527446746826,-8.760115146636963,5.669517695903778,18.457623958587646,-5.142009019851685,18.320151269435883,-23.59963297843933,,,,,,,,,,,,,,,,,,,15.724000453948975,-0.8844826221466064,-1.483951783180237,1.8196581244468688,-0.33570634126663207,1.0,9.637140824041929e-09,0.9941879453782265,1.1057562206271139e-08,0.9996059853241452,0.9985921589609136,0.9941879357410857,0.0,0.0,0.0
llama3.2-1b,toolshed,toolshed-0024-s2-drop_arg-0,-13.276708126068115,-11.06541919708252,,,-17.943458557128906,-18.970633506774902,-9.425528049468994,-7.513883829116821,,,,,,,,,,,,,,,,,-16.358771324157715,-26.04628562927246,,,-25.376134872436523,-28.130081176757812,-20.275020599365234,-17.271565437316895,-7.519212126731873,-12.086599826812744,False,False,,,False,False,False,False,,,,,,,,,,,,,,,,,False,False,,,False,False,False,False,False,False,17.0,29.0,,,29.0,30.0,17.0,29.0,,,,,,,,,,,,,,,,,17.0,29.0,,,29.0,30.0,17.0,29.0,17.0,29.0,675.0,,689.0,,,,,,,,,681.0,,648.0,688.0,-10.84949254989624,-10.84949254989624,3.9162492752075195,6.933243274688721,,,-1.9063159227371216,-6.998312473297119,-3.851180076599121,9.757681608200073,6.206146240234375,3.00345516204834,1.9116442203521729,2.2112889289855957,-1.091810941696167,,,,,,,,,,,,,,,,,,,12.755808472633362,-1.9063159227371216,-0.6382054441115436,0.23036760442397175,0.4078378396875718,1.0,0.04725555456340553,0.12879174320425887,0.09874131016211889,0.999937950391555,0.9897216876329378,0.08153618864085335,0.0,0.0,0.0
llama3.2-1b,toolshed,toolshed-0024-s2-name_for_email-3,-20.08533477783203,-10.63900899887085,,,-11.379579544067383,-16.650725841522217,-16.302303791046143,-4.8511825650930405,,,,,,,,,,,,,,,,,-25.277271270751953,-37.042205810546875,,,-20.2750186920166,-25.376131057739258,-28.111942291259766,-17.271578788757324,-6.779408514499664,-9.2647225856781,False,False,,,False,False,False,False,,,,,,,,,,,,,,,,,False,False,,,False,False,False,False,False,False,25.0,29.0,,,17.0,29.0,25.0,29.0,,,,,,,,,,,,,,,,,25.0,29.0,,,17.0,29.0,25.0,29.0,25.0,29.0,675.0,,707.0,,,,,,,,,689.0,,648.0,691.0,-11.809638500213623,-11.809638500213623,2.8346710205078125,8.97496747970581,,,-9.522895276546478,-8.026607513427734,-3.7830309867858887,12.420396223664284,6.632569789886475,10.840363502502441,11.451121225953102,9.446325778961182,0.6107577234506607,,,,,,,,,,,,,,,,,,,21.3325337767601,-9.522895276546478,-0.47238554000854494,0.1133868408203125,0.3589986991882324,1.0,1.866063231138889e-05,1.0621825920778328e-05,7.897298270524238e-05,0.9999922276835619,0.9231058474203153,-8.038806390610563e-06,0.0,0.0,0.0
llama3.2-1b,toolshed,toolshed-0025-s0-date_format-3,-21.52867841720581,-4.479578733444214,,,-12.699950493872166,-14.56493977457285,-5.371682919561863,-0.7855053320527077,,,,,,,,,,,,,,,,,-8.48215103149414,-5.880072355270386,,,-15.214344501495361,-15.415244579315186,-27.384597301483154,-6.260812997817993,-9.106176853179932,-10.196232557296753,False,False,,,False,False,False,True,,,,,,,,,,,,,,,,,False,False,,,False,False,False,False,False,False,7.0,11.0,,,11.0,11.0,7.0,11.0,,,,,,,,,,,,,,,,,7.0,11.0,,,11.0,11.0,7.0,11.0,7.0,11.0,594.0,,606.0,,,,,,,,,590.0,,567.0,633.0,-22.01291438192129,-22.01291438192129,18.902446269989014,3.1104681119322777,,,3.7344939336180687,-5.855918884277344,-16.156995497643948,5.4753076657652855,1.7812342643737793,21.12378430366516,4.586177587509155,17.049099683761597,-16.537606716156006,,,,,,,,,,,,,,,,,,,18.278420448303223,3.7344939336180687,-3.1447020545601845,2.7003494671412875,0.4443525874188968,1.0,6.698151704219697e-10,0.01008884022020009,3.9415774877237984e-08,0.06900476003425263,0.7483922109103417,0.01008883955038492,0.0,0.0,0.0
llama3.2-1b,toolshed,toolshed-0026-s1-type_swap-3,,,,,,,-4.9020644426345825,,,,,,,,,,,,,,,,,,,,,,-8.745351552963257,-12.92848813533783,-8.343146562576294,-2.36388099193573,,,,,,,,,False,,,,,,,,,,,,,,,,,,,,,,False,False,False,False,,,,,,,,,34.0,,,,,,,,,,,,,,,,,,,,,,23.0,34.0,34.0,34.0,,,,,699.0,,,,,,,,,,,632.0,,-3.4410821199417114,-3.4410821199417114,,,,,,,,,,5.979265570640564,,,,,,,,,,,,,,,,,,,,,,,,-0.10120829764534445,,,1.0,0.0025199765111986153,1.0,,,,0.9974800234888014,0.0,0.0,
qwen2.5-0.5b,coderepair,mbpp-0003-undefined_name-2,-54.50510883331299,-22.273686408996582,,,-11.584746062755585,-15.535508811473846,-2.8581237196922302,-3.072947680950165,,,,,,,,,,,,,,,,,-2.130674958229065,-2.632678985595703,,,-26.993786334991455,-37.094656467437744,-55.16834115982056,-23.085686206817627,-6.005169987678528,-6.243733644485474,False,False,,,False,False,True,False,,,,,,,,,,,,,,,,,True,False,,,False,False,False,False,False,False,48.0,47.0,,,47.0,46.0,48.0,47.0,,,,,,,,,,,,,,,,,48.0,47.0,,,47.0,46.0,48.0,47.0,48.0,47.0,158.0,,271.0,,,,,,,,,195.0,,131.0,198.0,-52.310217440128326,-52.310217440128326,53.03766620159149,-0.7274487614631653,,,3.1470462679862976,-0.6632323265075684,-51.64698511362076,20.012738525867462,0.8119997978210449,32.08265495300293,-0.21482396125793457,32.231422424316406,-32.297478914260864,,,,,,,,,,,,,,,,,,,49.16317117214203,3.1470462679862976,-1.0897961966693401,1.1049513791998227,-0.01515518253048261,1.0,1.1429993846792474e-14,0.5534497513390942,1.0047802667943667e-14,0.622930169365524,0.5593596547654504,0.5534497513390828,0.0,1.0,0.0
qwen2.5-0.5b,coderepair,mbpp-0007-drop_return-0,-26.970958709716797,-31.28431510925293,,,-37.35186445713043,,-4.454668641090393,-16.721907258033752,,,,,,,,,,,,,,,,,-7.827162742614746,-14.201711654663086,,,-52.98763656616211,,-27.49774742126465,-31.496326446533203,-13.308320045471191,-20.50037908554077,False,False,,,False,,False,False,,,,,,,,,,,,,,,,,False,False,,,False,,False,False,False,False,11.0,27.0,,,28.0,,11.0,27.0,,,,,,,,,,,,,,,,,11.0,27.0,,,28.0,,11.0,27.0,11.0,27.0,206.0,,268.0,,,,,,,,,206.0,,179.0,209.0,-23.043078780174255,-23.043078780174255,19.670584678649902,3.372494101524353,,,8.853651404380798,-0.5267887115478516,-22.516290068626404,14.77441918849945,0.21201133728027344,-3.9985790252685547,-12.26723861694336,-4.313356399536133,-8.268659591674805,,,,,,,,,,,,,,,,,,,14.189427375793457,8.853651404380798,-2.094825343652205,1.7882349707863547,0.3065903728658503,1.0,0.9819886745723958,0.9999952966866014,0.986788347873604,0.9982985115457524,0.9992480278693997,0.01800662211420556,0.0,0.0,0.0
qwen2.5-0.5b,coderepair,mbpp-0009-flip_arith-1,-89.83616590499878,-73.79709577560425,,,-39.896549224853516,,-11.91100800037384,-17.915589332580566,,,,,,,,,,,,,,,,,-5.034651756286621,-10.504302501678467,,,-101.37828892469406,,-88.66908329725266,-73.04382389783859,-9.215427875518799,-15.851638317108154,False,False,,,False,,False,False,,,,,,,,,,,,,,,,,False,False,,,False,,False,False,False,False,61.0,60.0,,,62.0,,61.0,60.0,,,,,,,,,,,,,,,,,61.0,60.0,,,62.0,,61.0,60.0,61.0,60.0,164.0,,292.0,,,,,,,,,214.0,,137.0,217.0,-76.75807529687881,-76.75807529687881,83.63443154096603,-6.876356244087219,,,-2.6955801248550415,1.1670826077461243,-77.92515790462494,55.128234565258026,-0.7532718777656555,15.625259399414062,-6.004581332206726,16.03907012939453,-21.62984073162079,,,,,,,,,,,,,,,,,,,79.45365542173386,-2.6955801248550415,-1.2583291032275215,1.371056254769935,-0.11272715154241343,1.0,1.6369521830436383e-07,0.9975386510237313,1.0822318248468178e-07,0.9958049692125476,0.9986897293648382,0.997538487328513,0.0,0.0,0.0
qwen2.5-0.5b,coderepair,mbpp-0011-undefined_name-1,-87.96533346176147,-56.288968563079834,,,-21.016389846801758,-31.882447242736816,-9.509817123413086,-10.048439979553223,,,,,,,,,,,,,,,,,-8.134303331375122,-7.294496297836304,,,-69.58221216499805,-82.06486292183399,-89.63889856636524,-56.98896189033985,-12.808422088623047,-11.120487928390503,False,False,,,False,False,False,False,,,,,,,,,,,,,,,,,False,False,,,False,False,False,False,False,False,99.0,97.0,,,96.0,98.0,99.0,97.0,,,,,,,,,,,,,,,,,99.0,97.0,,,96.0,98.0,99.0,97.0,99.0,97.0,164.0,,316.0,,,,,,,,,252.0,,137.0,255.0,-80.12908144295216,-80.12908144295216,81.50459523499012,-1.3755137920379639,,,3.298604965209961,-1.6735651046037674,-78.45551633834839,46.94052191078663,0.6999933272600174,32.64993667602539,-0.5386228561401367,31.67636489868164,-33.18855953216553,,,,,,,,,,,,,,,,,,,76.8304764777422,3.298604965209961,-0.8093846610399208,0.823278739747375,-0.013894078707454181,1.0,6.611670360788331e-15,0.6314879875759142,1.750368615590907e-14,0.3015754265208655,0.15604771138337137,0.6314879875759075,0.0,0.0,0.0
qwen2.5-0.5b,coderepair,mbpp-0056-flip_comparison2-0,-93.78775119781494,-75.89669132232666,,,-23.564303398132324,-31.665350914001465,-9.920011758804321,-12.850489139556885,,,,,,,,,,,,,,,,,-7.969541311264038,-9.133827924728394,,,-75.23881214857101,-105.38125294446945,-94.40146321058273,-76.04799336194992,-13.286276817321777,-15.7037935256958,False,False,,,False,False,False,False,,,,,,,,,,,,,,,,,False,False,,,False,False,False,False,False,False,74.0,73.0,,,61.0,75.0,74.0,73.0,,,,,,,,,,,,,,,,,74.0,73.0,,,61.0,75.0,74.0,73.0,74.0,73.0,147.0,,216.0,,,,,,,,,212.0,,122.0,215.0,-84.48145145177841,-84.48145145177841,86.4319218993187,-1.9504704475402832,,,3.366265058517456,-0.6137120127677917,-83.86773943901062,63.197504222393036,0.1513020396232605,18.353469848632812,-2.9304773807525635,17.89105987548828,-21.283947229385376,,,,,,,,,,,,,,,,,,,81.11518639326096,3.366265058517456,-1.1416412358348433,1.1679989445853878,-0.026357708750544367,1.0,3.2948199099615707e-09,0.9493315722321781,1.698288283048584e-08,0.7621107420892327,0.918153324316437,0.9493315689373583,0.0,0.0,0.0
qwen2.5-0.5b,coderepair,mbpp-0057-off_by_one-0,-62.86187243461609,-45.12017321586609,,,-18.54545021057129,-26.22019672393799,-6.066563963890076,-11.72206974029541,,,,,,,,,,,,,,,,,-5.956386566162109,-7.7771947383880615,,,-63.01923447847366,-62.40778428316116,-65.02858430147171,-46.69382554292679,-10.147924184799194,-13.665945053100586,False,False,,,False,False,False,False,,,,,,,,,,,,,,,,,False,False,,,False,False,False,False,False,False,61.0,57.0,,,58.0,56.0,61.0,57.0,,,,,,,,,,,,,,,,,61.0,57.0,,,58.0,56.0,61.0,57.0,61.0,57.0,183.0,,247.0,,,,,,,,,231.0,,154.0,234.0,-58.962020337581635,-58.962020337581635,59.0721977353096,-0.11017739772796631,,,4.081360220909119,-2.1667118668556213,-56.79530847072601,34.97175580263138,1.5736523270606995,18.334758758544922,-5.6555057764053345,17.74169921875,-23.990264534950256,,,,,,,,,,,,,,,,,,,54.880660116672516,4.081360220909119,-0.9665904973374039,0.9683966841854033,-0.0018061868479994478,1.0,1.089721047139976e-08,0.9965102100123265,1.9718683720191637e-08,0.8606630730397726,0.9711961911481857,0.9965101991151161,0.0,0.0,0.0
qwen2.5-0.5b,coderepair,mbpp-0058-flip_comparison-0,-55.42000770568848,-45.187368392944336,,,,,-4.168473541736603,-9.887653589248657,,,,,,,,,,,,,,,,,-6.6287291049957275,-10.293197393417358,,,,,-56.49599492549896,-46.133156180381775,-12.175776958465576,-16.432711124420166,False,False,,,,,False,False,,,,,,,,,,,,,,,,,False,False,,,,,False,False,False,False,21.0,20.0,,,,,21.0,20.0,,,,,,,,,,,,,,,,,21.0,20.0,,,,,21.0,20.0,21.0,20.0,177.0,,199.0,,,,,,,,,185.0,,148.0,188.0,-52.32752138376236,-52.32752138376236,49.867265820503235,2.4602555632591248,,,8.007303416728973,-1.0759872198104858,-51.251534163951874,36.24550259113312,0.945787787437439,10.362838745117188,-5.719180047512054,10.23263931274414,-16.082018792629242,,,,,,,,,,,,,,,,,,,44.320217967033386,8.007303416728973,-2.4917867325601124,2.374631705738249,0.11715502682186309,1.0,3.158367043615963e-05,0.9967283376960425,3.597539631729007e-05,0.9750220898912298,0.9860321977307679,0.9966967540256063,0.0,0.0,0.0
qwen2.5-0.5b,coderepair,mbpp-0064-drop_return-0,-77.92599868774414,-65.93656539916992,,,,,-7.074261665344238,-8.529708862304688,,,,,,,,,,,,,,,,,-4.165823221206665,-2.7927814722061157,,,,,-78.43527665734291,-65.8913542330265,-11.326617360115051,-10.637938022613525,False,False,,,,,False,False,,,,,,,,,,,,,,,,,False,False,,,,,False,False,False,False,53.0,55.0,,,,,53.0,55.0,,,,,,,,,,,,,,,,,53.0,55.0,,,,,53.0,55.0,53.0,55.0,279.0,,383.0,,,,,,,,,319.0,,250.0,322.0,-71.36101499199867,-71.36101499199867,74.26945343613625,-2.9084384441375732,,,4.252355694770813,-0.5092779695987701,-70.8517370223999,57.36164537072182,-0.04521116614341736,12.543922424316406,-1.4554471969604492,11.989433288574219,-13.999369621276855,,,,,,,,,,,,,,,,,,,67.10865929722786,4.252355694770813,-1.3464342451320503,1.40131044219125,-0.054876197059199494,1.0,3.566499445074424e-06,0.8108353475851676,6.209442143394141e-06,0.20212885063087754,0.33432692556253063,0.8108317810857225,0.0,0.0,0.0
qwen2.5-0.5b,coderepair,mbpp-0069-flip_comparison-0,-97.82003688812256,-93.96376705169678,,,-29.202121257781982,-32.68518018722534,-10.838849544525146,-17.717525959014893,,,,,,,,,,,,,,,,,-5.793051719665527,-11.315240144729614,,,-103.30309823155403,-102.95702889561653,-97.78339913487434,-93.78237679600716,-10.421964168548584,-16.791306018829346,False,False,,,False,False,False,False,,,,,,,,,,,,,,,,,False,False,,,False,False,False,False,False,False,114.0,114.0,,,114.0,112.0,114.0,114.0,,,,,,,,,,,,,,,,,114.0,114.0,,,114.0,112.0,114.0,114.0,114.0,114.0,182.0,,374.0,,,,,,,,,285.0,,155.0,288.0,-86.9445495903492,-86.9445495903492,91.99034741520882,-5.045797824859619,,,-0.4168853759765625,0.03663775324821472,-86.98118734359741,76.06485083699226,-0.18139025568962097,4.0010223388671875,-6.878676414489746,3.8562698364257812,-10.879698753356934,,,,,,,,,,,,,,,,,,,87.36143496632576,-0.4168853759765625,-0.7626714876346421,0.8069328720632353,-0.04426138442859315,1.0,0.017965039791489446,0.9989715421156709,0.02070880968457142,0.9960188221009972,0.9982896438763964,0.9810065023241814,0.0,0.0,0.0
qwen2.5-0.5b,coderepair,mbpp-0070-undefined_name-1,-124.95756554603577,-101.17263054847717,,,-20.368154048919678,,-10.852635622024536,-11.27410626411438,,,,,,,,,,,,,,,,,-6.397637605667114,-6.900780439376831,,,-108.07013310492039,,-126.9276312738657,-102.73560704290867,-12.791575193405151,-13.875250816345215,False,False,,,False,,False,False,,,,,,,,,,,,,,,,,False,False,,,False,,False,False,False,False,69.0,68.0,,,60.0,,69.0,68.0,,,,,,,,,,,,,,,,,69.0,68.0,,,60.0,,69.0,68.0,69.0,68.0,195.0,,355.0,,,,,,,,,253.0,,168.0,256.0,-116.07499565184116,-116.07499565184116,120.52999366819859,-4.454998016357422,,,1.9389395713806152,-1.9700657278299332,-114.10492992401123,91.46150077879429,1.5629764944314957,24.19202423095703,-0.42147064208984375,23.784934997558594,-24.613494873046875,,,,,,,,,,,,,,,,,,,114.13605608046055,1.9389395713806152,-1.6822463137947994,1.7468115024376607,-0.06456518864286119,1.0,3.1006171939392876e-11,0.6038082372101355,4.680949740425086e-11,0.6231976240365121,0.7471889304376004,0.6038082371791293,0.0,0.0,0.0
qwen2.5-0.5b,coderepair,mbpp-0072-flip_bool-0,-24.253292322158813,-22.890383005142212,,,-21.383080005645752,,-5.469440340995789,-11.856608867645264,,,,,,,,,,,,,,,,,-3.2454800605773926,-9.449714660644531,,,-31.312434315681458,,-22.771126866340637,-21.47632133960724,-7.323047041893005,-14.99326753616333,False,False,,,False,,False,False,,,,,,,,,,,,,,,,,False,False,,,False,,False,False,False,False,26.0,26.0,,,25.0,,26.0,26.0,,,,,,,,,,,,,,,,,26.0,26.0,,,25.0,,26.0,26.0,26.0,26.0,160.0,,182.0,,,,,,,,,173.0,,131.0,176.0,-17.30168652534485,-17.30168652534485,19.525646805763245,-2.223960280418396,,,1.8536067008972168,1.4821654558181763,-18.783851981163025,9.619712471961975,-1.4140616655349731,1.2948055267333984,-6.387168526649475,1.3629093170166016,-7.6819740533828735,,,,,,,,,,,,,,,,,,,15.448079824447632,1.8536067008972168,-0.6654494817440326,0.7509864156062787,-0.085536933862246,1.0,0.21503150851687325,0.9983196906331147,0.203767868883944,0.9979832206393721,0.9995337025862254,0.7832881821162414,0.0,0.0,0.0
qwen2.5-0.5b,coderepair,mbpp-0074-drop_return-1,-164.8756513595581,-153.3473310470581,,,-18.500913619995117,-41.448326110839844,-12.0383882522583,-11.55356502532959,,,,,,,,,,,,,,,,,-9.483649253845215,-7.9886155128479,,,-160.23741871118546,-178.68204456567764,-163.32350879907608,-151.5120158791542,-16.285179615020752,-14.719982385635376,False,False,,,False,False,False,False,,,,,,,,,,,,,,,,,False,False,,,False,False,False,False,False,False,165.0,166.0,,,166.0,167.0,165.0,166.0,,,,,,,,,,,,,,,,,165.0,166.0,,,166.0,167.0,165.0,166.0,165.0,166.0,187.0,,361.0,,,,,,,,,339.0,,158.0,342.0,-151.28512054681778,-151.28512054681778,153.83985954523087,-2.554738998413086,,,4.246791362762451,1.5521425604820251,-152.8372631072998,139.95845085382462,-1.8353151679039001,11.811492919921875,0.48482322692871094,11.5283203125,-11.326669692993164,,,,,,,,,,,,,,,,,,,147.03832918405533,4.246791362762451,-0.9168795184655623,0.9323627851226113,-0.015483266657049006,1.0,7.417542673874345e-06,0.38088726405562273,9.847133506694688e-06,0.18316739223496023,0.17290214289539066,0.38087984651294887,0.0,0.0,0.0
qwen2.5-0.5b,coderepair,mbpp-0082-drop_return-0,-44.00844192504883,-31.712749481201172,,,-32.46060001850128,,-3.438494086265564,-3.4948593378067017,,,,,,,,,,,,,,,,,-4.168256998062134,-2.805027723312378,,,-61.51388692855835,,-46.71608877182007,-33.871610164642334,-9.661805152893066,-9.071464538574219,False,False,,,False,,False,True,,,,,,,,,,,,,,,,,False,True,,,False,,False,False,False,False,23.0,24.0,,,25.0,,23.0,24.0,,,,,,,,,,,,,,,,,23.0,24.0,,,25.0,,23.0,24.0,23.0,24.0,230.0,,320.0,,,,,,,,,242.0,,203.0,245.0,-43.277594685554504,-43.277594685554504,42.547831773757935,0.7297629117965698,,,6.223311066627502,-2.7076468467712402,-40.569947838783264,30.376750826835632,2.158860683441162,12.844478607177734,-0.056365251541137695,12.295692443847656,-12.900843858718872,,,,,,,,,,,,,,,,,,,37.054283618927,6.223311066627502,-1.881634551545848,1.8499057292938232,0.03172882225202477,1.0,2.6406611201880464e-06,0.5140875833461899,4.571372750004845e-06,0.2037159617740447,0.3565567053813698,0.5140849426850697,0.0,0.0,0.0
qwen2.5-0.5b,coderepair,mbpp-0083-flip_arith-2,-90.22381830215454,-84.24317407608032,,,-26.62621569633484,-41.84235644340515,-3.9931172728538513,-10.789539098739624,,,,,,,,,,,,,,,,,-2.959152340888977,-9.096600413322449,,,-85.29438936710358,-111.86614382266998,-89.87835848331451,-84.05045473575592,-5.837750554084778,-12.5563383102417,False,False,,,False,False,False,False,,,,,,,,,,,,,,,,,False,False,,,False,False,False,False,False,False,88.0,88.0,,,77.0,89.0,88.0,88.0,,,,,,,,,,,,,,,,,88.0,88.0,,,77.0,89.0,88.0,88.0,88.0,88.0,165.0,,249.0,,,,,,,,,240.0,,136.0,243.0,-85.88524121046066,-85.88524121046066,86.91920614242554,-1.0339649319648743,,,1.8446332812309265,0.34545981884002686,-86.23070102930069,73.2609156370163,-0.19271934032440186,5.827903747558594,-6.796421825885773,5.980644226074219,-12.624325573444366,,,,,,,,,,,,,,,,,,,84.04060792922974,1.8446332812309265,-0.9759686501188711,0.987718251618472,-0.011749601499600843,1.0,0.00228025128337881,0.9988834802938015,0.0025208270527657807,0.9978442275451144,0.9987932147463819,0.9966032290104226,0.0,0.0,0.0
qwen2.5-0.5b,coderepair,mbpp-0084-drop_return-0,-31.079628467559814,-49.45246362686157,,,-60.3957633972168,-46.55302047729492,-10.128766775131226,-37.05399703979492,,,,,,,,,,,,,,,,,-4.1509294509887695,-30.163575887680054,,,-76.08499658107758,-64.5446447134018,-33.91686570644379,-51.722630858421326,-9.629758834838867,-35.58551740646362,False,False,,,False,False,False,False,,,,,,,,,,,,,,,,,False,False,,,False,False,False,False,False,False,27.0,42.0,,,43.0,42.0,27.0,42.0,,,,,,,,,,,,,,,,,27.0,42.0,,,43.0,42.0,27.0,42.0,27.0,42.0,150.0,,173.0,,,,,,,,,164.0,,121.0,167.0,-23.78809893131256,-23.78809893131256,29.765936255455017,-5.977837324142456,,,-0.4990079402923584,-2.837237238883972,-20.95086169242859,14.668633818626404,2.2701672315597534,-17.80576515197754,-26.925230264663696,-18.372835159301758,-9.119465112686157,,,,,,,,,,,,,,,,,,,24.28710687160492,-0.4990079402923584,-0.8810407011597244,1.102442083535371,-0.22140138237564652,1.0,0.9999999815049455,0.9999999999979743,0.9999999895099135,0.9999999999949551,0.9999999999946598,1.8493028774990705e-08,0.0,0.0,0.0
qwen2.5-0.5b,coderepair,mbpp-0085-undefined_name-1,-55.92926216125488,-28.94722557067871,,,-19.343839168548584,,-3.0081212520599365,-6.658808708190918,,,,,,,,,,,,,,,,,-1.8910741209983826,-7.072634696960449,,,-44.53764867782593,,-57.55888509750366,-30.90424871444702,-7.029560744762421,-12.548496723175049,False,False,,,False,,False,False,,,,,,,,,,,,,,,,,True,False,,,False,,False,False,False,False,24.0,23.0,,,21.0,,24.0,23.0,,,,,,,,,,,,,,,,,24.0,23.0,,,21.0,,24.0,23.0,24.0,23.0,236.0,,351.0,,,,,,,,,249.0,,209.0,252.0,-54.550763845443726,-54.550763845443726,55.66781097650528,-1.117047131061554,,,4.021439492702484,-1.6296229362487793,-52.921140909194946,24.245440006256104,1.9570231437683105,26.65463638305664,-3.6506874561309814,26.982036590576172,-30.305323839187622,,,,,,,,,,,,,,,,,,,50.52932435274124,4.021439492702484,-2.2729484935601554,2.3194921240210533,-0.04654363046089808,1.0,2.6548377271887566e-12,0.9746841887639442,1.913596633169745e-12,0.9944121689770455,0.9960059042541779,0.9746841887612894,0.0,0.0,0.0
qwen2.5-0.5b,coderepair,mbpp-0091-flip_bool-0,-49.50811243057251,-30.95015573501587,,,-23.566411018371582,-28.233582496643066,-8.23055911064148,-8.995327711105347,,,,,,,,,,,,,,,,,-7.779910564422607,-5.532061576843262,,,-47.49666805565357,-50.426012232899666,-49.96291942894459,-30.668085291981697,-10.876188158988953,-11.536349534988403,False,False,,,False,False,False,False,,,,,,,,,,,,,,,,,False,False,,,False,False,False,False,False,False,30.0,30.0,,,29.0,31.0,30.0,30.0,,,,,,,,,,,,,,,,,30.0,30.0,,,29.0,31.0,30.0,30.0,30.0,30.0,196.0,,235.0,,,,,,,,,213.0,,167.0,216.0,-41.73236031830311,-41.73236031830311,42.18300886452198,-0.45064854621887207,,,2.645629048347473,-0.45480699837207794,-41.27755331993103,21.67275758087635,-0.28207044303417206,19.29483413696289,-0.7647686004638672,18.55795669555664,-20.059602737426758,,,,,,,,,,,,,,,,,,,39.086731269955635,2.645629048347473,-1.3910786772767703,1.406100295484066,-0.015021618207295735,1.0,4.172150640734284e-09,0.6823880492666548,8.717296301471048e-09,0.09553516837523564,0.6592966383994309,0.6823880450945041,0.0,0.0,0.0
qwen2.5-0.5b,coderepair,mbpp-0094-index_shift-0,-68.95673847198486,-53.57400608062744,,,-25.00196361541748,-35.038357734680176,-6.364762246608734,-11.836771965026855,,,,,,,,,,,,,,,,,-6.12426233291626,-10.11646318435669,,,-60.979562759399414,-90.09240531921387,-70.92282676696777,-54.51088905334473,-13.61446762084961,-19.397803783416748,False,False,,,False,False,False,False,,,,,,,,,,,,,,,,,False,False,,,False,False,False,False,False,False,34.0,33.0,,,30.0,35.0,34.0,33.0,,,,,,,,,,,,,,,,,34.0,33.0,,,30.0,35.0,34.0,33.0,34.0,33.0,239.0,,295.0,,,,,,,,,260.0,,210.0,263.0,-64.55806452035904,-64.55806452035904,64.79856443405151,-0.24049991369247437,,,7.249705374240875,-1.9660882949829102,-62.59197622537613,42.67411708831787,0.9368829727172852,16.411937713623047,-5.472009718418121,15.382732391357422,-21.883947432041168,,,,,,,,,,,,,,,,,,,57.308359146118164,7.249705374240875,-1.8987666035399717,1.9058401304132797,-0.007073526873308069,1.0,7.442396268404176e-08,0.9958148041601351,2.0862392662359836e-07,0.9818755168591103,0.996931019514745,0.9958147297361725,0.0,0.0,0.0
qwen2.5-0.5b,coderepair,mbpp-0096-drop_negation-0,-70.48782920837402,-71.93149375915527,,,-31.635515689849854,-24.716745853424072,-5.169238299131393,-17.631410121917725,,,,,,,,,,,,,,,,,-5.73366379737854,-17.29323172569275,,,-87.48650559782982,-78.58936509490013,-72.45755967497826,-73.76211747527122,-10.032573461532593,-23.341887950897217,False,False,,,False,False,False,False,,,,,,,,,,,,,,,,,False,False,,,False,False,False,False,False,False,35.0,36.0,,,35.0,36.0,35.0,36.0,,,,,,,,,,,,,,,,,35.0,36.0,,,35.0,36.0,35.0,36.0,35.0,36.0,151.0,,182.0,,,,,,,,,173.0,,122.0,176.0,-67.28832137584686,-67.28832137584686,66.72389587759972,0.5644254982471466,,,4.863335162401199,-1.9697304666042328,-65.31859090924263,56.1307073533535,1.8306237161159515,-1.3045578002929688,-12.462171822786331,-1.44366455078125,-11.157614022493362,,,,,,,,,,,,,,,,,,,62.42498621344566,4.863335162401199,-1.922523467881339,1.9063970250742777,0.016126442807061332,1.0,0.7852588531820622,0.9999961264452235,0.8090214867622214,0.9999904558052946,0.9999983410341776,0.21473727326316128,0.0,0.0,0.0
qwen2.5-0.5b,coderepair,mbpp-0100-drop_reverse-0,-58.037291049957275,-41.866915225982666,,,-17.683075428009033,-38.17606782913208,-1.7456567287445068,-7.413781642913818,,,,,,,,,,,,,,,,,-1.3972429633140564,-6.4689595103263855,,,-51.30102729797363,-71.95856666564941,-58.48379707336426,-42.01114463806152,-5.423841893672943,-10.46747636795044,False,False,,,False,False,False,False,,,,,,,,,,,,,,,,,True,False,,,False,False,False,False,False,False,44.0,46.0,,,45.0,47.0,44.0,46.0,,,,,,,,,,,,,,,,,44.0,46.0,,,45.0,47.0,44.0,46.0,44.0,46.0,171.0,,215.0,,,,,,,,,202.0,,142.0,205.0,-56.73814034461975,-56.73814034461975,57.0865541100502,-0.34841376543045044,,,3.6781851649284363,-0.4465060234069824,-56.29163432121277,34.597362995147705,0.14422941207885742,16.472652435302734,-5.6681249141693115,16.17037582397461,-22.140777349472046,,,,,,,,,,,,,,,,,,,53.059955179691315,3.6781851649284363,-1.289503189650449,1.2974216843193227,-0.007918494668873873,1.0,7.014194551120827e-08,0.9965574359992285,9.49062837694996e-08,0.9937674430648784,0.993591076883524,0.996557365857283,0.0,0.0,0.0
qwen2.5-0.5b,coderepair,mbpp-0104-index_shift-0,-51.27444291114807,-42.21140122413635,,,-31.481714248657227,-35.47312927246094,-9.250796437263489,-16.90262508392334,,,,,,,,,,,,,,,,,-6.85205602645874,-12.028605937957764,,,-55.05831304192543,-68.08587804436684,-49.70041051506996,-39.95511785149574,-11.95419192314148,-19.212624549865723,False,False,,,False,False,False,False,,,,,,,,,,,,,,,,,False,False,,,False,False,False,False,False,False,33.0,32.0,,,31.0,34.0,33.0,32.0,,,,,,,,,,,,,,,,,33.0,32.0,,,31.0,34.0,33.0,32.0,33.0,32.0,260.0,,327.0,,,,,,,,,280.0,,231.0,283.0,-40.44961407780647,-40.44961407780647,42.84835448861122,-2.3987404108047485,,,2.7033954858779907,1.5740323960781097,-42.02364647388458,23.052492767572403,-2.2562833726406097,9.745292663574219,-7.651828646659851,9.063041687011719,-17.39712131023407,,,,,,,,,,,,,,,,,,,37.74621859192848,2.7033954858779907,-1.2257458811456508,1.2984349845033702,-0.07268910335771965,1.0,5.85662768461078e-05,0.9995250510502091,0.00011585657546035215,0.9943842575955737,0.9992962846316047,0.999466484773363,0.0,0.0,0.0
qwen2.5-0.5b,coderepair,mbpp-0108-undefined_name-1,-72.39815425872803,-47.81018352508545,,,-17.768190383911133,,-5.481320142745972,-4.154999613761902,,,,,,,,,,,,,,,,,-5.91117787361145,-4.06741726398468,,,-58.09561014175415,,-73.61124658584595,-48.96963357925415,-11.441932916641235,-9.862224340438843,False,False,,,False,,False,False,,,,,,,,,,,,,,,,,False,False,,,False,,False,False,False,False,56.0,55.0,,,52.0,,56.0,55.0,,,,,,,,,,,,,,,,,56.0,55.0,,,52.0,,56.0,55.0,56.0,55.0,556.0,,832.0,,,,,,,,,601.0,,529.0,604.0,-68.12992644309998,-68.12992644309998,67.7000687122345,0.4298577308654785,,,5.960612773895264,-1.21309232711792,-66.91683411598206,44.81463396549225,1.1594500541687012,24.641613006591797,1.3263205289840698,24.587970733642578,-23.315292477607727,,,,,,,,,,,,,,,,,,,62.16931366920471,5.960612773895264,-1.216605829341071,1.208929798432759,0.007676030908312116,1.0,1.9871753728204034e-11,0.2097684412509039,2.0969109577159077e-11,0.13660713866229907,0.17083675869829587,0.20976844123103217,0.0,0.0,0.0
qwen2.5-0.5b,coderepair,mbpp-0109-drop_return-1,-48.16961050033569,-36.6074538230896,,,-26.32505512237549,-32.921265602111816,-6.077695369720459,-6.637479782104492,,,,,,,,,,,,,,,,,-3.749410033226013,-3.325467109680176,,,-56.763458371162415,-61.615516781806946,-48.031673550605774,-36.01073467731476,-8.417969942092896,-8.138214588165283,False,False,,,False,False,False,False,,,,,,,,,,,,,,,,,False,False,,,False,False,False,False,False,False,45.0,46.0,,,50.0,48.0,45.0,46.0,,,,,,,,,,,,,,,,,45.0,46.0,,,50.0,48.0,45.0,46.0,45.0,46.0,185.0,,235.0,,,,,,,,,217.0,,156.0,220.0,-41.953978180885315,-41.953978180885315,44.28226351737976,-2.328285336494446,,,2.3402745723724365,0.13793694972991943,-42.091915130615234,29.373254895210266,-0.5967191457748413,12.020938873291016,-0.5597844123840332,11.562156677246094,-12.580723285675049,,,,,,,,,,,,,,,,,,,39.61370360851288,2.3402745723724365,-0.9323106262418959,0.9840503003862169,-0.05173967414432102,1.0,6.016860831874583e-06,0.6364026553471399,9.519519369707197e-06,0.39557362920169975,0.4305137553249725,0.636396638486308,0.0,0.0,0.0
qwen2.5-0.5b,coderepair,mbpp-0113-flip_comparison-0,-115.95125985145569,-117.28576302528381,,,-26.251055479049683,,-3.438120722770691,-14.357640027999878,,,,,,,,,,,,,,,,,-3.6568896770477295,-14.523712158203125,,,-128.4237421154976,,-118.3835352063179,-119.20184880495071,-9.44666600227356,-20.735325813293457,False,False,,,False,,False,False,,,,,,,,,,,,,,,,,False,False,,,False,,False,False,False,False,104.0,104.0,,,103.0,,104.0,104.0,,,,,,,,,,,,,,,,,104.0,104.0,,,103.0,,104.0,104.0,104.0,104.0,148.0,,246.0,,,,,,,,,239.0,,119.0,242.0,-114.94541448354721,-114.94541448354721,114.72664552927017,0.21876895427703857,,,6.008545279502869,-2.432275354862213,-112.513139128685,104.84420877695084,1.9160857796669006,-0.8183135986328125,-10.919519305229187,-1.334503173828125,-10.101205706596375,,,,,,,,,,,,,,,,,,,108.93686920404434,6.008545279502869,-1.1052443700341077,1.1031408223968286,0.002103547637279217,1.0,0.6938572501909771,0.9999818987682838,0.7915845369882936,0.9999809194594548,0.9999874861224437,0.3061246485773067,0.0,0.0,0.0
qwen2.5-0.5b,coderepair,mbpp-0115-drop_negation-0,-67.46013903617859,-58.88449740409851,,,-24.429367065429688,-36.393985748291016,-4.764239013195038,-12.277682304382324,,,,,,,,,,,,,,,,,-4.114387631416321,-9.794559717178345,,,-72.44767969846725,-85.41034144163132,-70.15432947874069,-61.09711283445358,-9.86417305469513,-18.407670974731445,False,False,,,False,False,False,False,,,,,,,,,,,,,,,,,False,False,,,False,False,False,False,False,False,22.0,23.0,,,20.0,24.0,22.0,23.0,,,,,,,,,,,,,,,,,22.0,23.0,,,20.0,24.0,22.0,23.0,22.0,23.0,156.0,,175.0,,,,,,,,,165.0,,127.0,168.0,-65.39009046554565,-65.39009046554565,66.03994184732437,-0.649851381778717,,,5.0999340415000916,-2.6941904425621033,-62.69590002298355,48.81943053007126,2.212615430355072,9.05721664428711,-7.513443291187286,8.575641632080078,-16.570659935474396,,,,,,,,,,,,,,,,,,,60.29015642404556,5.0999340415000916,-2.9722768393429844,3.001815538514744,-0.029538699171759865,1.0,0.00011653196489397624,0.9994545958969592,0.00018860979389430165,0.9965986376820564,0.9998052302972161,0.9993380639320651,0.0,0.0,0.0
qwen2.5-0.5b,coderepair,mbpp-0117-drop_return-1,-88.9073007106781,-75.15209746360779,,,-22.063117027282715,-27.20333194732666,-6.329444885253906,-6.611175537109375,,,,,,,,,,,,,,,,,-5.01240736246109,-4.026875078678131,,,-88.99342656135559,-96.41021275520325,-89.72749638557434,-75.85447239875793,-10.697704315185547,-9.758094072341919,False,False,,,False,False,False,False,,,,,,,,,,,,,,,,,False,False,,,False,False,False,False,False,False,63.0,64.0,,,64.0,65.0,63.0,64.0,,,,,,,,,,,,,,,,,63.0,64.0,,,64.0,65.0,63.0,64.0,63.0,64.0,371.0,,501.0,,,,,,,,,421.0,,342.0,424.0,-83.39805150032043,-83.39805150032043,84.71508902311325,-1.3170375227928162,,,4.368259429931641,-0.8201956748962402,-82.5778558254242,69.24329686164856,0.7023749351501465,13.873023986816406,-0.28173065185546875,13.755203247070312,-14.154754638671875,,,,,,,,,,,,,,,,,,,79.0297920703888,4.368259429931641,-1.3237785952431815,1.3446839527478294,-0.020905357504647875,1.0,9.441064623979654e-07,0.5699704171361846,1.0621617824399197e-06,0.27179543790604394,0.280979078435685,0.5699694730297221,0.0,0.0,0.0
qwen2.5-0.5b,coderepair,mbpp-0119-off_by_one-0,-46.16455698013306,-40.934778690338135,,,-21.16168975830078,-37.71682167053223,-5.040017127990723,-9.3234281539917,,,,,,,,,,,,,,,,,-3.6529332399368286,-7.694752216339111,,,-42.80172926187515,-71.69188886880875,-46.9322834610939,-41.0062695145607,-8.465275168418884,-13.21554708480835,False,False,,,False,False,False,False,,,,,,,,,,,,,,,,,False,False,,,False,False,False,False,False,False,41.0,38.0,,,34.0,39.0,41.0,38.0,,,,,,,,,,,,,,,,,41.0,38.0,,,34.0,39.0,41.0,38.0,41.0,38.0,190.0,,234.0,,,,,,,,,218.0,,161.0,221.0,-41.89226633310318,-41.89226633310318,43.279350221157074,-1.387083888053894,,,3.4252580404281616,-0.767726480960846,-41.124539852142334,31.682841360569,0.0714908242225647,5.926013946533203,-4.283411026000977,5.229778289794922,-10.20942497253418,,,,,,,,,,,,,,,,,,,38.46700829267502,3.4252580404281616,-1.0217625934903214,1.0555939078330994,-0.033831314342777905,1.0,0.002283780158383578,0.9863921049225516,0.005326192138534832,0.9827377281766633,0.9914248266304151,0.984108324764168,0.0,0.0,0.0
qwen2.5-0.5b,coderepair,mbpp-0128-undefined_name-1,-79.75108909606934,-47.3840389251709,,,-25.43358325958252,,-15.168329238891602,-10.035817623138428,,,,,,,,,,,,,,,,,-9.45021104812622,-3.9942737817764282,,,-58.63399723172188,,-78.57355716824532,-45.6136420071125,-16.04829216003418,-10.672096252441406,False,False,,,False,,False,False,,,,,,,,,,,,,,,,,False,False,,,False,,False,False,False,False,45.0,43.0,,,41.0,,45.0,43.0,,,,,,,,,,,,,,,,,45.0,43.0,,,41.0,,45.0,43.0,45.0,43.0,170.0,,287.0,,,,,,,,,204.0,,143.0,207.0,-63.405227929353714,-63.405227929353714,69.1233461201191,-5.718118190765381,,,0.8799629211425781,1.1775319278240204,-64.58275985717773,35.577824383974075,-1.7703969180583954,32.95991516113281,5.132511615753174,32.36705017089844,-27.82740354537964,,,,,,,,,,,,,,,,,,,62.525265008211136,0.8799629211425781,-1.4090050650967492,1.5360743582248688,-0.12706929312811957,1.0,4.849419557858833e-15,0.00586709185982603,8.773415857653278e-15,0.004252709184229134,0.00460408821741462,0.005867091859821181,0.0,0.0,0.0
qwen2.5-0.5b,coderepair,mbpp-0129-flip_comparison2-0,-178.3968858718872,-172.88339710235596,,,-21.375755071640015,-35.30327773094177,-3.099433183670044,-7.653166055679321,,,,,,,,,,,,,,,,,-4.90215790271759,-8.861756563186646,,,-179.37251341342926,-190.50129759311676,-176.97653257846832,-170.83242857456207,-9.352332890033722,-14.314372539520264,False,False,,,False,False,False,False,,,,,,,,,,,,,,,,,False,False,,,False,False,False,False,False,False,150.0,150.0,,,149.0,151.0,150.0,150.0,,,,,,,,,,,,,,,,,150.0,150.0,,,149.0,151.0,150.0,150.0,150.0,150.0,249.0,,447.0,,,,,,,,,386.0,,220.0,389.0,-173.87709939479828,-173.87709939479828,172.07437467575073,1.8027247190475464,,,6.252899706363678,1.4203532934188843,-175.29745268821716,163.17926251888275,-2.0509685277938843,6.14410400390625,-4.553732872009277,5.51348876953125,-10.697836875915527,,,,,,,,,,,,,,,,,,,167.6241996884346,6.252899706363678,-1.1591806626319885,1.1471624978383381,0.01201816479365031,1.0,0.0021410844174612888,0.9895818373381732,0.004015824174582931,0.9812861214026236,0.9930500020278458,0.9874407529207119,0.0,0.0,0.0
qwen2.5-0.5b,coderepair,mbpp-0131-index_shift-0,-61.158756732940674,-51.073254108428955,,,-24.843486309051514,-28.66692304611206,-6.753193736076355,-8.825462341308594,,,,,,,,,,,,,,,,,-5.308985710144043,-7.357724666595459,,,-67.95368212461472,-73.50058764219284,-62.253723323345184,-52.36984270811081,-9.813273310661316,-12.623219966888428,False,False,,,False,False,False,False,,,,,,,,,,,,,,,,,False,False,,,False,False,False,False,False,False,87.0,87.0,,,85.0,88.0,87.0,87.0,,,,,,,,,,,,,,,,,87.0,87.0,,,85.0,88.0,87.0,87.0,87.0,87.0,165.0,,251.0,,,,,,,,,239.0,,136.0,242.0,-55.50052958726883,-55.50052958726883,56.94473761320114,-1.444208025932312,,,3.060079574584961,-1.0949665904045105,-54.40556299686432,43.544380366802216,1.2965885996818542,9.883880615234375,-2.0722686052322388,10.085502624511719,-11.956149220466614,,,,,,,,,,,,,,,,,,,52.44045001268387,3.060079574584961,-0.6379371216927452,0.6545372139448407,-0.01660009225209554,1.0,5.0987412204236766e-05,0.8881784608601138,4.1677701721348855e-05,0.8858201352576766,0.9432109619506087,0.8881274734479095,0.0,0.0,0.0
qwen2.5-0.5b,coderepair,mbpp-0140-drop_negation-0,-79.52075052261353,-60.52622079849243,,,-28.947865962982178,-37.237977504730225,-6.246234178543091,-15.677237033843994,,,,,,,,,,,,,,,,,-6.166381359100342,-11.887264251708984,,,-65.95965406298637,-92.07631513476372,-79.96363660693169,-61.11914274096489,-12.301777362823486,-19.2663311958313,False,False,,,False,False,False,False,,,,,,,,,,,,,,,,,False,False,,,False,False,False,False,False,False,51.0,51.0,,,48.0,53.0,51.0,51.0,,,,,,,,,,,,,,,,,51.0,51.0,,,48.0,53.0,51.0,51.0,51.0,51.0,281.0,,366.0,,,,,,,,,319.0,,252.0,322.0,-73.7174024283886,-73.7174024283886,73.79725524783134,-0.07985281944274902,,,6.0555431842803955,-0.442886084318161,-73.27451634407043,45.441905707120895,0.5929219424724579,18.844493865966797,-9.431002855300903,18.994529724121094,-28.2754967212677,,,,,,,,,,,,,,,,,,,67.6618592441082,6.0555431842803955,-1.4454392633017372,1.447005004859438,-0.0015657415577009612,1.0,6.494138609447137e-09,0.9999198075611424,5.633529229883262e-09,0.9967338859089807,0.9990561074017703,0.9999198010670038,0.0,0.0,0.0
qwen2.5-0.5b,coderepair,mbpp-0145-off_by_one-0,-60.15468668937683,-42.8951690196991,,,-26.822364807128906,-46.57821846008301,-9.56205677986145,-12.956901550292969,,,,,,,,,,,,,,,,,-8.334721803665161,-10.068966150283813,,,-51.7589505314827,-80.03313952684402,-60.92691546678543,-42.30806094408035,-11.542506694793701,-14.04720163345337,False,False,,,False,False,False,False,,,,,,,,,,,,,,,,,False,False,,,False,False,False,False,False,False,79.0,75.0,,,68.0,77.0,79.0,75.0,,,,,,,,,,,,,,,,,79.0,75.0,,,68.0,77.0,79.0,75.0,79.0,75.0,181.0,,267.0,,,,,,,,,247.0,,152.0,250.0,-51.36485868692398,-51.36485868692398,52.59219366312027,-1.227334976196289,,,1.980449914932251,-0.7722287774085999,-50.59262990951538,29.351159393787384,-0.5871080756187439,18.618854522705078,-3.3948447704315186,17.259517669677734,-22.013699293136597,,,,,,,,,,,,,,,,,,,49.38440877199173,1.980449914932251,-0.6501880846446073,0.6657239704192439,-0.015535885774636571,1.0,8.20162815078789e-09,0.9675430027374572,3.193645461868416e-08,0.8499545139535319,0.9244702979197423,0.967542994535829,0.0,0.0,0.0
qwen2.5-0.5b,coderepair,mbpp-0160-flip_arith-0,-64.47287583351135,-52.937978982925415,,,,,-3.996675133705139,-9.5768883228302,,,,,,,,,,,,,,,,,-4.626953840255737,-8.565199851989746,,,,,-65.86378681659698,-54.32645237445831,-8.390756130218506,-14.481682300567627,False,False,,,,,False,False,,,,,,,,,,,,,,,,,False,False,,,,,False,False,False,False,64.0,64.0,,,,,64.0,64.0,,,,,,,,,,,,,,,,,64.0,64.0,,,,,64.0,64.0,64.0,64.0,190.0,,259.0,,,,,,,,,241.0,,161.0,244.0,-61.867111682891846,-61.867111682891846,61.23683297634125,0.6302787065505981,,,4.394080996513367,-1.3909109830856323,-60.47620069980621,44.74956405162811,1.388473391532898,11.537334442138672,-5.580213189125061,11.534896850585938,-17.117547631263733,,,,,,,,,,,,,,,,,,,57.47303068637848,4.394080996513367,-0.9666736200451851,0.956825515255332,0.009848104789853096,1.0,9.758769893775985e-06,0.996242411392845,9.782586572000884e-06,0.9808899521479523,0.9977417992806074,0.9962326526229512,0.0,0.0,0.0
qwen2.5-0.5b,coderepair,mbpp-0161-drop_negation-0,-24.055641174316406,-9.810043334960938,,,-20.101437091827393,-31.08496618270874,-10.35825490951538,-7.599160611629486,,,,,,,,,,,,,,,,,-11.563537359237671,-5.4633506536483765,,,-25.834067344665527,-31.503289222717285,-21.840022087097168,-7.485023498535156,-14.47996711730957,-11.44438648223877,False,False,,,False,False,False,False,,,,,,,,,,,,,,,,,False,False,,,False,False,False,False,False,False,28.0,29.0,,,28.0,30.0,28.0,29.0,,,,,,,,,,,,,,,,,28.0,29.0,,,28.0,30.0,28.0,29.0,28.0,29.0,321.0,,401.0,,,,,,,,,336.0,,292.0,339.0,-11.481767177581787,-11.481767177581787,10.276484727859497,1.20528244972229,,,4.1217122077941895,2.2156190872192383,-13.697386264801025,-0.11413711309432983,-2.3250198364257812,14.354998588562012,2.7590942978858948,14.245597839355469,-11.595904290676117,,,,,,,,,,,,,,,,,,,7.360054969787598,4.1217122077941895,-0.4100631134850638,0.36701731170926777,0.043045801775796075,1.0,5.830463318060089e-07,0.059574880196664556,6.504518967743296e-07,0.002237431676205358,0.04584409695003904,0.05957429715033275,0.0,0.0,0.0
qwen2.5-0.5b,coderepair,mbpp-0162-flip_comparison-0,-20.565088510513306,-20.721237421035767,,,-21.93882417678833,-35.45561647415161,-3.341426268219948,-10.479469299316406,,,,,,,,,,,,,,,,,-1.8127000331878662,-8.554866433143616,,,-30.664101630449295,-44.742362052202225,-20.944659262895584,-20.99890235066414,-5.516061365604401,-13.326772689819336,False,False,,,False,False,False,False,,,,,,,,,,,,,,,,,False,False,,,False,False,False,False,False,False,31.0,31.0,,,22.0,32.0,31.0,31.0,,,,,,,,,,,,,,,,,31.0,31.0,,,22.0,32.0,31.0,31.0,31.0,31.0,188.0,,216.0,,,,,,,,,206.0,,159.0,209.0,-17.603232994675636,-17.603232994675636,19.131959229707718,-1.5287262350320816,,,2.174635097384453,-0.37957075238227844,-17.223662242293358,10.519433051347733,0.2776649296283722,-0.05424308776855469,-7.138043031096458,-0.15614891052246094,-7.083799943327904,,,,,,,,,,,,,,,,,,,15.428597897291183,2.174635097384453,-0.567846225634698,0.6171599751518618,-0.04931374951716392,1.0,0.5135415966206047,0.9992063170461458,0.5389581018441518,0.9988213031227384,0.9995947946618929,0.4856647204255411,0.0,0.0,0.0
qwen2.5-0.5b,coderepair,mbpp-0167-flip_comparison-0,-104.35132265090942,-65.4108510017395,,,-46.316904067993164,-25.411441802978516,-13.064128875732422,-11.445743083953857,,,,,,,,,,,,,,,,,-9.862574338912964,-6.043311834335327,,,-110.12967193126678,-77.22650420665741,-107.64133727550507,-64.99086272716522,-12.982123851776123,-9.71786880493164,False,False,,,False,False,False,False,,,,,,,,,,,,,,,,,False,False,,,False,False,False,False,False,False,61.0,59.0,,,62.0,59.0,61.0,59.0,,,,,,,,,,,,,,,,,61.0,59.0,,,62.0,59.0,61.0,59.0,61.0,59.0,164.0,,237.0,,,,,,,,,214.0,,137.0,217.0,-94.57720839977264,-94.57720839977264,97.7787629365921,-3.201554536819458,,,-0.08200502395629883,-3.290014624595642,-91.287193775177,53.545119643211365,-0.4199882745742798,42.650474548339844,1.6183857917785645,38.94047164916992,-41.03208875656128,,,,,,,,,,,,,,,,,,,94.65921342372894,-0.08200502395629883,-1.550446039340535,1.602930539944133,-0.052484500603597675,1.0,3.0000752276545706e-19,0.165427490750106,1.2256544322184547e-17,0.021472780282659178,0.03681801715685202,0.165427490750106,0.0,0.0,0.0
qwen2.5-0.5b,coderepair,mbpp-0170-off_by_one-0,-99.131094455719,-77.54539346694946,,,-25.735920906066895,-38.13148021697998,-8.471293210983276,-9.948137521743774,,,,,,,,,,,,,,,,,-7.116459608078003,-7.018960952758789,,,-92.88561141490936,-113.73970687389374,-100.09822738170624,-77.84449660778046,-11.801555395126343,-12.486815214157104,False,False,,,False,False,False,False,,,,,,,,,,,,,,,,,False,False,,,False,False,False,False,False,False,59.0,55.0,,,53.0,57.0,59.0,55.0,,,,,,,,,,,,,,,,,59.0,55.0,,,53.0,57.0,59.0,55.0,59.0,55.0,255.0,,427.0,,,,,,,,,303.0,,228.0,306.0,-91.62693417072296,-91.62693417072296,92.98176777362823,-1.3548336029052734,,,3.3302621841430664,-0.9671329259872437,-90.65980124473572,67.89635908603668,0.29910314083099365,22.25373077392578,-1.476844310760498,21.58570098876953,-23.73057508468628,,,,,,,,,,,,,,,,,,,88.2966719865799,3.3302621841430664,-1.5529988842495417,1.5759621656547158,-0.022963281405174125,1.0,2.1643495168928825e-10,0.8140954381954209,4.221328718735475e-10,0.47564462660433493,0.6649116216462576,0.8140954379789859,0.0,0.0,0.0
qwen2.5-0.5b,coderepair,mbpp-0172-flip_arith-2,-48.47850322723389,-35.094183921813965,,,-28.41206169128418,-36.3127498626709,-7.848348438739777,-14.563851833343506,,,,,,,,,,,,,,,,,-3.499972343444824,-8.917881965637207,,,-51.65354710072279,-58.93142872303724,-50.12528782337904,-36.83116703480482,-9.679683238267899,-15.920703411102295,False,False,,,False,False,False,False,,,,,,,,,,,,,,,,,False,False,,,False,False,False,False,False,False,66.0,66.0,,,65.0,67.0,66.0,66.0,,,,,,,,,,,,,,,,,66.0,66.0,,,65.0,67.0,66.0,66.0,66.0,66.0,203.0,,272.0,,,,,,,,,256.0,,174.0,259.0,-42.27693938463926,-42.27693938463926,46.625315479934216,-4.348376095294952,,,1.831334799528122,-1.646784596145153,-40.63015478849411,22.267315201461315,1.7369831129908562,13.294120788574219,-6.715503394603729,13.384319305419922,-20.009624183177948,,,,,,,,,,,,,,,,,,,40.44560458511114,1.831334799528122,-0.6405596876460494,0.7064441739383972,-0.06588448629234776,1.0,1.6843634524644048e-06,0.9987894901802735,1.5390875078714983e-06,0.9955831840733131,0.9980559194634748,0.998787805816821,0.0,0.0,0.0
qwen2.5-0.5b,coderepair,mbpp-0223-flip_bool-1,-137.64659118652344,-125.5180892944336,,,-19.17089033126831,-38.728561878204346,-8.090036153793335,-9.223031997680664,,,,,,,,,,,,,,,,,-9.761906862258911,-8.31252646446228,,,-128.65271699428558,-153.06660401821136,-137.61593568325043,-125.64833009243011,-11.872823715209961,-12.464718341827393,False,False,,,False,False,False,False,,,,,,,,,,,,,,,,,False,False,,,False,False,False,False,False,False,168.0,168.0,,,168.0,169.0,168.0,168.0,,,,,,,,,,,,,,,,,168.0,168.0,,,168.0,169.0,168.0,168.0,168.0,168.0,280.0,,469.0,,,,,,,,,435.0,,251.0,438.0,-129.5258995294571,-129.5258995294571,127.85402882099152,1.6718707084655762,,,3.782787561416626,0.030655503273010254,-129.5565550327301,116.42529809474945,0.130240797996521,11.967605590820312,-1.132995843887329,12.128501892089844,-13.100601434707642,,,,,,,,,,,,,,,,,,,125.74311196804047,3.782787561416626,-0.7709874971991494,0.7610358858392352,0.009951611359914144,1.0,6.046739416413636e-06,0.7563825344207127,5.403264254946908e-06,0.1900969417123037,0.6437997428406611,0.7563764876812963,0.0,0.0,0.0
qwen2.5-0.5b,coderepair,mbpp-0226-flip_arith-2,-44.17268109321594,-28.57709050178528,,,-26.493135452270508,-33.68862724304199,-11.505451202392578,-12.377262115478516,,,,,,,,,,,,,,,,,-8.116989374160767,-7.147434234619141,,,-44.08178184181452,-54.74168632179499,-44.47774741798639,-28.351990200579166,-12.825308322906494,-13.091603755950928,False,False,,,False,False,False,False,,,,,,,,,,,,,,,,,False,False,,,False,False,False,False,False,False,40.0,40.0,,,39.0,41.0,40.0,40.0,,,,,,,,,,,,,,,,,40.0,40.0,,,39.0,41.0,40.0,40.0,40.0,40.0,169.0,,277.0,,,,,,,,,198.0,,142.0,201.0,-32.972296215593815,-32.972296215593815,36.360758043825626,-3.3884618282318115,,,1.319857120513916,-0.3050663247704506,-32.667229890823364,15.97472808510065,-0.2251003012061119,16.125757217407227,-0.8718109130859375,15.595590591430664,-16.997568130493164,,,,,,,,,,,,,,,,,,,31.6524390950799,1.319857120513916,-0.8243074053898454,0.9090189510956407,-0.08471154570579528,1.0,9.923674637343464e-08,0.70512221748397,1.6862462267891511e-07,0.2749691812152369,0.5661832141153026,0.7051221182472236,0.0,0.0,0.0
qwen2.5-0.5b,coderepair,mbpp-0228-flip_comparison-0,-111.1203761100769,-72.72529554367065,,,-38.117581367492676,-38.125733375549316,-10.843775510787964,-21.160435676574707,,,,,,,,,,,,,,,,,-3.6321135759353638,-12.800617218017578,,,-84.07182884216309,-83.14369773864746,-108.72167778015137,-70.28095054626465,-7.3606045842170715,-17.7432541847229,False,False,,,False,False,False,False,,,,,,,,,,,,,,,,,False,False,,,False,False,False,False,False,False,70.0,69.0,,,69.0,68.0,70.0,69.0,,,,,,,,,,,,,,,,,70.0,69.0,,,69.0,68.0,70.0,69.0,70.0,69.0,191.0,,291.0,,,,,,,,,250.0,,164.0,253.0,-97.8779022693634,-97.8779022693634,105.089564204216,-7.2116619348526,,,-3.4831709265708923,2.398698329925537,-100.27660059928894,49.12051486968994,-2.444344997406006,38.44072723388672,-10.316660165786743,38.39508056640625,-48.75738739967346,,,,,,,,,,,,,,,,,,,101.3610731959343,-3.4831709265708923,-1.3982557467051915,1.5012794886316572,-0.10302374192646571,1.0,2.020238814076899e-17,0.9999669236871811,2.114600729909798e-17,0.9998957384496886,0.9999690358528126,0.9999669236871811,0.0,0.0,0.0
qwen2.5-0.5b,coderepair,mbpp-0235-flip_comparison2-1,-102.71846413612366,-88.78437447547913,,,-33.74737215042114,-25.674944400787354,-8.659909963607788,-12.83689546585083,,,,,,,,,,,,,,,,,-7.247159481048584,-10.702492713928223,,,-122.1977390050888,-89.18556249141693,-102.61185491085052,-87.87157475948334,-10.60963773727417,-14.433323860168457,False,False,,,False,False,False,False,,,,,,,,,,,,,,,,,False,False,,,False,False,False,False,False,False,70.0,69.0,,,71.0,64.0,70.0,69.0,,,,,,,,,,,,,,,,,70.0,69.0,,,71.0,64.0,70.0,69.0,70.0,69.0,158.0,,223.0,,,,,,,,,219.0,,133.0,222.0,-93.95194494724274,-93.95194494724274,95.36469542980194,-1.412750482559204,,,1.9497277736663818,0.10660922527313232,-94.05855417251587,75.03467929363251,-0.9127997159957886,14.740280151367188,-4.176985502243042,13.934089660644531,-18.91726565361023,,,,,,,,,,,,,,,,,,,92.00221717357635,1.9497277736663818,-1.3421706421034676,1.3623527918543135,-0.020182149750845774,1.0,3.1260992943916016e-07,0.9848871671609294,8.881807664705946e-07,0.9693897916394081,0.9786199709691599,0.984886854551,0.0,0.0,0.0
qwen2.5-0.5b,coderepair,mbpp-0239-off_by_one-1,-99.62728238105774,-79.8542492389679,,,-20.54523277282715,-27.490952491760254,-12.927256464958191,-12.901476383209229,,,,,,,,,,,,,,,,,-6.0045530796051025,-5.787607669830322,,,-87.76089763641357,-95.16157817840576,-102.56988048553467,-82.33027172088623,-9.108155012130737,-9.081535816192627,False,False,,,False,False,False,False,,,,,,,,,,,,,,,,,False,False,,,False,False,False,False,False,False,133.0,130.0,,,131.0,125.0,133.0,130.0,,,,,,,,,,,,,,,,,133.0,130.0,,,131.0,125.0,133.0,130.0,133.0,130.0,204.0,,408.0,,,,,,,,,326.0,,177.0,329.0,-89.64262402057648,-89.64262402057648,96.56532740592957,-6.922703385353088,,,-3.8191014528274536,-2.9425981044769287,-86.70002591609955,69.428795337677,2.476022481918335,20.239608764648438,0.025780081748962402,19.773033142089844,-20.213828682899475,,,,,,,,,,,,,,,,,,,93.46172547340393,-3.8191014528274536,-0.6740046918840337,0.7260550932776659,-0.05205040139363224,1.0,1.6149170922422343e-09,0.49343551379391426,2.5863114039746454e-09,0.4459753720231278,0.4933455939433021,0.49343551217899717,0.0,0.0,0.0
qwen2.5-0.5b,coderepair,mbpp-0247-off_by_one-0,-60.04615545272827,-42.459508419036865,,,-31.78800868988037,-52.33328723907471,-14.366154789924622,-16.416517972946167,,,,,,,,,,,,,,,,,-6.226522445678711,-6.6952948570251465,,,-53.27187520265579,-75.45838338136673,-58.47171574831009,-40.596231281757355,-10.326457500457764,-11.21510648727417,False,False,,,False,False,False,False,,,,,,,,,,,,,,,,,False,False,,,False,False,False,False,False,False,173.0,170.0,,,162.0,171.0,173.0,170.0,,,,,,,,,,,,,,,,,173.0,170.0,,,162.0,171.0,173.0,170.0,173.0,170.0,170.0,,406.0,,,,,,,,,332.0,,143.0,335.0,-44.10556095838547,-44.10556095838547,52.24519330263138,-8.13963234424591,,,-4.039697289466858,1.5744397044181824,-45.68000066280365,24.179713308811188,-1.8632771372795105,17.875484466552734,-2.0503631830215454,17.586647033691406,-19.92584764957428,,,,,,,,,,,,,,,,,,,48.145258247852325,-4.039697289466858,-0.25494543906581196,0.30199533700942993,-0.04704989794361798,1.0,1.7249414947198158e-08,0.8859842898874383,2.302587952776858e-08,0.6150931614958991,0.7086112922099074,0.8859842726380234,0.0,0.0,0.0
qwen2.5-0.5b,coderepair,mbpp-0272-index_shift-0,-66.03954911231995,-47.24262070655823,,,-25.41745948791504,-32.82104301452637,-8.705576419830322,-12.717840671539307,,,,,,,,,,,,,,,,,-6.969174146652222,-5.07151460647583,,,-58.06731754541397,-82.00107532739639,-70.47851520776749,-51.21601063013077,-13.791277885437012,-13.566343307495117,False,False,,,False,False,False,False,,,,,,,,,,,,,,,,,False,False,,,False,False,False,False,False,False,26.0,25.0,,,22.0,27.0,26.0,25.0,,,,,,,,,,,,,,,,,26.0,25.0,,,22.0,27.0,26.0,25.0,26.0,25.0,280.0,,341.0,,,,,,,,,293.0,,251.0,296.0,-61.772938787937164,-61.772938787937164,63.509341061115265,-1.7364022731781006,,,5.0857014656066895,-4.43896609544754,-57.333972692489624,38.49816995859146,3.9733899235725403,19.26250457763672,-4.012264251708984,18.79692840576172,-23.274768829345703,,,,,,,,,,,,,,,,,,,56.687237322330475,5.0857014656066895,-2.3758822610745063,2.4426669638890486,-0.06678470281454232,1.0,4.30468404401242e-09,0.9822290808879619,6.864323042094102e-09,0.13037359761310988,0.44400225976371754,0.9822290765832778,0.0,0.0,0.0
qwen2.5-0.5b,coderepair,mbpp-0274-flip_comparison-0,-75.19173002243042,-41.32419538497925,,,-11.096127986907959,,-5.571426630020142,-9.862497806549072,,,,,,,,,,,,,,,,,-4.776004791259766,-7.426987171173096,,,-39.97748422622681,,-78.87624216079712,-43.91847848892212,-9.401421070098877,-11.923913478851318,False,False,,,False,,False,False,,,,,,,,,,,,,,,,,False,False,,,False,,False,False,False,False,28.0,26.0,,,17.0,,28.0,26.0,,,,,,,,,,,,,,,,,28.0,26.0,,,17.0,,28.0,26.0,28.0,26.0,172.0,,215.0,,,,,,,,,189.0,,145.0,192.0,-73.30481553077698,-73.30481553077698,74.10023736953735,-0.795421838760376,,,3.8299944400787354,-3.684512138366699,-69.62030339241028,34.05598068237305,2.594283103942871,34.957763671875,-4.291071176528931,33.86753463745117,-39.24883484840393,,,,,,,,,,,,,,,,,,,69.47482109069824,3.8299944400787354,-2.6180291260991777,2.6464370489120483,-0.02840792281287057,1.0,1.2535080866376619e-17,0.9826297473896338,1.956665516709773e-15,0.9340715131548443,0.9257036557135143,0.9826297473896338,0.0,0.0,0.0
qwen2.5-0.5b,coderepair,mbpp-0280-flip_arith-3,-39.583760023117065,-31.319668531417847,,,-24.30793809890747,-18.905370235443115,-5.792780965566635,-7.173721432685852,,,,,,,,,,,,,,,,,-2.6608768701553345,-3.4906450510025024,,,-57.053093791007996,-43.67427146434784,-38.85844123363495,-31.17253577709198,-8.759351283311844,-10.618836879730225,False,False,,,False,False,False,False,,,,,,,,,,,,,,,,,False,False,,,False,False,False,False,False,False,61.0,61.0,,,61.0,58.0,61.0,61.0,,,,,,,,,,,,,,,,,61.0,61.0,,,61.0,58.0,61.0,61.0,61.0,61.0,284.0,,375.0,,,,,,,,,332.0,,255.0,335.0,-33.065660268068314,-33.065660268068314,36.197564363479614,-3.1319040954113007,,,2.9665703177452087,0.7253187894821167,-33.79097905755043,23.998814344406128,-0.1471327543258667,7.685905456542969,-1.380940467119217,8.264091491699219,-9.066845923662186,,,,,,,,,,,,,,,,,,,30.099089950323105,2.9665703177452087,-0.5420600043945625,0.5934026944832723,-0.05134269008870985,1.0,0.0004590422407477379,0.7991407053089657,0.00025753651003244596,0.696305910651905,0.8652369788559273,0.798681663068218,0.0,0.0,0.0
qwen2.5-0.5b,coderepair,mbpp-0281-flip_comparison2-0,-20.28464937210083,-15.191301822662354,,,-21.435057163238525,-23.475882053375244,-4.916921496391296,-9.120957374572754,,,,,,,,,,,,,,,,,-6.473819255828857,-8.742857933044434,,,-29.552244931459427,-34.08458974957466,-22.458689481019974,-17.51627615094185,-9.918525695800781,-14.268638610839844,False,False,,,False,False,False,False,,,,,,,,,,,,,,,,,False,False,,,False,False,False,False,False,False,25.0,25.0,,,25.0,24.0,25.0,25.0,,,,,,,,,,,,,,,,,25.0,25.0,,,25.0,24.0,25.0,25.0,25.0,25.0,169.0,,193.0,,,,,,,,,181.0,,140.0,184.0,-17.541767984628677,-17.541767984628677,15.984870225191116,1.556897759437561,,,5.001604199409485,-2.1740401089191437,-15.367727875709534,8.395318776369095,2.3249743282794952,4.942413330078125,-4.2040358781814575,5.093347549438477,-9.146449208259583,,,,,,,,,,,,,,,,,,,12.540163785219193,5.001604199409485,-0.7016707193851471,0.6393948090076447,0.06227591037750244,1.0,0.007086729836157874,0.9852845251581911,0.006100001681552734,0.9062801683259462,0.9872590709268971,0.9781977953220332,0.0,0.0,0.0
qwen2.5-0.5b,coderepair,mbpp-0283-flip_bool-1,-77.40204358100891,-68.44809460639954,,,-12.458438396453857,-18.508617401123047,-5.752681612968445,-7.221517562866211,,,,,,,,,,,,,,,,,-4.731939077377319,-5.442331075668335,,,-70.98397660255432,-82.69711899757385,-77.79000687599182,-68.54282975196838,-7.321971893310547,-10.133125305175781,False,False,,,False,False,False,False,,,,,,,,,,,,,,,,,False,False,,,False,False,False,False,False,False,75.0,75.0,,,75.0,74.0,75.0,75.0,,,,,,,,,,,,,,,,,75.0,75.0,,,75.0,74.0,75.0,75.0,75.0,75.0,168.0,,240.0,,,,,,,,,230.0,,139.0,233.0,-72.03732526302338,-72.03732526302338,73.0580677986145,-1.0207425355911255,,,1.569290280342102,-0.38796329498291016,-71.64936196804047,61.32131218910217,0.09473514556884766,9.247177124023438,-1.4688359498977661,8.953948974609375,-10.716013073921204,,,,,,,,,,,,,,,,,,,70.46803498268127,1.569290280342102,-0.9604976701736451,0.9741075706481933,-0.01360990047454834,1.0,8.865624197181812e-05,0.8120706063720345,0.00012920914439077224,0.6704877713150872,0.9432755661005523,0.8119819501300627,0.0,0.0,0.0
qwen2.5-0.5b,coderepair,mbpp-0293-flip_arith-2,-39.81190347671509,-35.710474491119385,,,-21.531598329544067,-36.97422909736633,-5.545448064804077,-9.247896432876587,,,,,,,,,,,,,,,,,-3.3373193740844727,-7.687119126319885,,,-45.936216592788696,-61.1545889377594,-36.71519684791565,-32.961347818374634,-8.290740966796875,-13.633460998535156,False,False,,,False,False,False,False,,,,,,,,,,,,,,,,,False,False,,,False,False,False,False,False,False,26.0,26.0,,,25.0,27.0,26.0,26.0,,,,,,,,,,,,,,,,,26.0,26.0,,,25.0,27.0,26.0,26.0,26.0,26.0,187.0,,293.0,,,,,,,,,202.0,,160.0,205.0,-31.169748783111572,-31.169748783111572,33.37787747383118,-2.2081286907196045,,,2.745292901992798,3.0967066287994385,-34.26645541191101,23.713451385498047,-2.749126672744751,3.7538490295410156,-3.7024483680725098,4.101428985595703,-7.456297397613525,,,,,,,,,,,,,,,,,,,28.424455881118774,2.745292901992798,-1.1988364916581373,1.283764518224276,-0.08492802656613864,1.0,0.022891068090517504,0.975930449390801,0.016279598950883486,0.9872551311768043,0.9952399231875373,0.9530393813002834,0.0,0.0,0.0
qwen2.5-0.5b,coderepair,mbpp-0297-drop_negation-0,-137.06488347053528,-111.89312291145325,,,-25.364548683166504,-32.33964824676514,-4.9711878299713135,-10.612017631530762,,,,,,,,,,,,,,,,,-4.141977906227112,-6.856711983680725,,,-124.72224020957947,-134.752521276474,-134.41176199913025,-110.05025839805603,-11.005563974380493,-13.504685401916504,False,False,,,False,False,False,False,,,,,,,,,,,,,,,,,False,False,,,False,False,False,False,False,False,90.0,90.0,,,88.0,92.0,90.0,90.0,,,,,,,,,,,,,,,,,90.0,90.0,,,88.0,92.0,90.0,90.0,90.0,90.0,388.0,,576.0,,,,,,,,,465.0,,359.0,468.0,-129.44057416915894,-129.44057416915894,130.26978409290314,-0.8292099237442017,,,6.03437614440918,2.6531214714050293,-132.09369564056396,99.43824076652527,-1.8428645133972168,24.36150360107422,-5.640829801559448,25.17176055908203,-30.002333402633667,,,,,,,,,,,,,,,,,,,123.40619802474976,6.03437614440918,-1.4382286018795438,1.4474420454767016,-0.009213443597157795,1.0,2.6298636405802546e-11,0.9964626345290226,1.1696159696255478e-11,0.9378904900568055,0.9240802058278844,0.996462634502724,0.0,0.0,0.0
qwen2.5-0.5b,coderepair,mbpp-0304-index_shift-3,-120.14227628707886,-98.88032865524292,,,-20.292502880096436,-19.35103750228882,-7.249885082244873,-11.965331077575684,,,,,,,,,,,,,,,,,-5.110275030136108,-7.663589239120483,,,-112.94238436222076,-111.03501284122467,-119.61972963809967,-97.83779299259186,-9.782461285591125,-13.38151502609253,False,False,,,False,False,False,False,,,,,,,,,,,,,,,,,False,False,,,False,False,False,False,False,False,93.0,92.0,,,93.0,93.0,93.0,92.0,,,,,,,,,,,,,,,,,93.0,92.0,,,93.0,93.0,93.0,92.0,93.0,92.0,215.0,,325.0,,,,,,,,,295.0,,186.0,298.0,-112.3698445558548,-112.3698445558548,114.50945460796356,-2.1396100521087646,,,2.5325762033462524,0.522546648979187,-112.89239120483398,85.87246191501617,-1.042535662651062,21.781936645507812,-4.7154459953308105,21.261947631835938,-26.497382640838623,,,,,,,,,,,,,,,,,,,109.83726835250854,2.5325762033462524,-1.2082778984500515,1.2312844581501459,-0.023006559700094242,1.0,3.469158831187524e-10,0.991116042123818,5.835169402909811e-10,0.9277958508772287,0.9733784971719743,0.9911160417769022,0.0,0.0,0.0
qwen2.5-0.5b,coderepair,mbpp-0306-index_shift-1,-134.8402738571167,-126.97290325164795,,,-26.37611484527588,-26.5764741897583,-7.203455686569214,-14.617229461669922,,,,,,,,,,,,,,,,,-4.6253111362457275,-11.399279832839966,,,-134.6081919670105,-132.33132123947144,-136.385413646698,-128.8967204093933,-7.798191666603088,-14.772955417633057,False,False,,,False,False,False,False,,,,,,,,,,,,,,,,,False,False,,,False,False,False,False,False,False,193.0,193.0,,,196.0,188.0,193.0,193.0,,,,,,,,,,,,,,,,,193.0,193.0,,,196.0,188.0,193.0,193.0,193.0,193.0,283.0,,508.0,,,,,,,,,463.0,,254.0,466.0,-129.18195796012878,-129.18195796012878,131.76010251045227,-2.5781445503234863,,,0.5947359800338745,-1.5451397895812988,-127.63681817054749,114.27949094772339,1.9238171577453613,7.4886932373046875,-7.413773775100708,7.86737060546875,-14.902467012405396,,,,,,,,,,,,,,,,,,,128.5872219800949,0.5947359800338745,-0.6693365697415999,0.6826948316603745,-0.01335826191877454,1.0,0.0005398808112647389,0.9993974634761831,0.00038289353944038714,0.9988581564715717,0.9990656864797662,0.9988575826649183,0.0,0.0,0.0
qwen2.5-0.5b,coderepair,mbpp-0308-flip_bool-0,-35.70602607727051,-27.563312530517578,,,-26.242578506469727,-33.61784362792969,-9.01925814151764,-14.243955612182617,,,,,,,,,,,,,,,,,-4.311851680278778,-9.191049575805664,,,-38.65586614608765,-48.39220952987671,-33.74395513534546,-25.71045446395874,-9.703291803598404,-15.64453125,False,False,,,False,False,False,False,,,,,,,,,,,,,,,,,False,False,,,False,False,False,False,False,False,37.0,37.0,,,36.0,38.0,37.0,37.0,,,,,,,,,,,,,,,,,37.0,37.0,,,36.0,38.0,37.0,37.0,37.0,37.0,301.0,,377.0,,,,,,,,,325.0,,272.0,328.0,-24.72469699382782,-24.72469699382782,29.43210345506668,-4.707406461238861,,,0.6840336620807648,1.9620709419250488,-26.68676793575287,11.466498851776123,-1.852858066558838,8.033500671386719,-5.224697470664978,8.14271354675293,-13.258198142051697,,,,,,,,,,,,,,,,,,,24.040663331747055,0.6840336620807648,-0.6682350538872384,0.7954622555423427,-0.12722720165510434,1.0,0.00032430458200191165,0.994646790031508,0.0002907623324810937,0.9924542610130684,0.9973781228981314,0.9943224854495061,0.0,0.0,0.0
qwen2.5-0.5b,coderepair,mbpp-0310-drop_negation-0,-31.018019556999207,-29.79229438304901,,,-30.11123752593994,-35.91354846954346,-8.404193699359894,-15.995351791381836,,,,,,,,,,,,,,,,,-4.526486396789551,-10.669270515441895,,,-42.00435157120228,-49.05996985733509,-30.703492119908333,-29.34499068558216,-11.074142456054688,-19.16448974609375,False,False,,,False,False,False,False,,,,,,,,,,,,,,,,,False,False,,,False,False,False,False,False,False,26.0,27.0,,,26.0,28.0,26.0,27.0,,,,,,,,,,,,,,,,,26.0,27.0,,,26.0,28.0,26.0,27.0,26.0,27.0,204.0,,252.0,,,,,,,,,217.0,,175.0,220.0,-22.29929842054844,-22.29929842054844,26.177005723118782,-3.877707302570343,,,2.6699487566947937,0.3145274370908737,-22.613825857639313,13.349638894200325,-0.4473036974668503,1.3585014343261719,-7.591158092021942,1.2257251739501953,-8.949659526348114,,,,,,,,,,,,,,,,,,,19.629349663853645,2.6699487566947937,-0.8576653238672477,1.0068079124276454,-0.1491425885603978,1.0,0.20448344906264712,0.9994953584174529,0.2269304959365542,0.9978556756088988,0.9996936106031822,0.7950119093548057,0.0,0.0,0.0
qwen2.5-0.5b,coderepair,mbpp-0311-drop_negation-2,-112.97599148750305,-100.76442074775696,,,-37.898136615753174,-34.50553369522095,-4.357356309890747,-11.141433238983154,,,,,,,,,,,,,,,,,-5.830553293228149,-10.716693639755249,,,-138.20642137527466,-130.9526219367981,-113.4982533454895,-101.54020738601685,-9.586633920669556,-15.662147521972656,False,False,,,False,False,False,False,,,,,,,,,,,,,,,,,False,False,,,False,False,False,False,False,False,83.0,83.0,,,85.0,85.0,83.0,83.0,,,,,,,,,,,,,,,,,83.0,83.0,,,85.0,85.0,83.0,83.0,83.0,83.0,163.0,,247.0,,,,,,,,,233.0,,134.0,236.0,-109.14089703559875,-109.14089703559875,107.66770005226135,1.4731969833374023,,,5.229277610778809,-0.5222618579864502,-108.6186351776123,90.39877414703369,0.7757866382598877,11.958045959472656,-6.784076929092407,12.211570739746094,-18.742122888565063,,,,,,,,,,,,,,,,,,,103.91161942481995,5.229277610778809,-1.314950566693961,1.297201205448932,0.017749361245028943,1.0,6.407429593400743e-06,0.9988696273716332,4.972560236730563e-06,0.992506074296333,0.9977068054402212,0.9988632199420399,0.0,0.0,0.0
qwen2.5-0.5b,coderepair,mbpp-0394-flip_bool-0,-52.24690365791321,-37.97010922431946,,,-20.863686561584473,-30.616759300231934,-6.015697240829468,-6.222215414047241,,,,,,,,,,,,,,,,,-5.514573812484741,-5.168313503265381,,,-55.11925007402897,-71.25809742510319,-54.52649189531803,-39.98243214190006,-10.923675775527954,-12.398159503936768,False,False,,,False,False,False,False,,,,,,,,,,,,,,,,,False,False,,,False,False,False,False,False,False,49.0,48.0,,,47.0,50.0,49.0,48.0,,,,,,,,,,,,,,,,,49.0,48.0,,,47.0,50.0,49.0,48.0,49.0,48.0,184.0,,238.0,,,,,,,,,220.0,,155.0,223.0,-48.51079465448856,-48.51079465448856,49.01191808283329,-0.5011234283447266,,,4.907978534698486,-2.2795882374048233,-46.23120641708374,33.76021672785282,2.0123229175806046,14.544059753417969,-0.20651817321777344,14.27679443359375,-14.750577926635742,,,,,,,,,,,,,,,,,,,43.60281611979008,4.907978534698486,-0.9900162174385421,1.0002432261802712,-0.010227008741729113,1.0,4.826082915942373e-07,0.5514467153074387,6.30473278383758e-07,0.4142895791472528,0.8137379342576111,0.5514462326991472,0.0,0.0,0.0
qwen2.5-0.5b,coderepair,mbpp-0405-flip_bool-0,-62.0972238779068,-43.79968512058258,,,-19.00258779525757,-30.650768756866455,-7.864337921142578,-8.95213794708252,,,,,,,,,,,,,,,,,-6.205943942070007,-3.9767149686813354,,,-57.15764319896698,-64.9396904706955,-64.02286612987518,-45.654003977775574,-10.599853992462158,-12.236100912094116,False,False,,,False,False,False,False,,,,,,,,,,,,,,,,,False,False,,,False,False,False,False,False,False,31.0,31.0,,,30.0,32.0,31.0,31.0,,,,,,,,,,,,,,,,,31.0,31.0,,,30.0,32.0,31.0,31.0,31.0,31.0,237.0,,294.0,,,,,,,,,255.0,,208.0,258.0,-56.158528208732605,-56.158528208732605,57.816922187805176,-1.6583939790725708,,,2.73551607131958,-1.9256422519683838,-54.23288595676422,36.701866030693054,1.8543188571929932,18.36886215209961,-1.0878000259399414,18.29753875732422,-19.45666217803955,,,,,,,,,,,,,,,,,,,53.423012137413025,2.73551607131958,-1.8115654260881486,1.8650620060582315,-0.053496579970082926,1.0,1.0531740233809465e-08,0.747959088455688,1.1310449900205845e-08,0.09715625205846233,0.8370236080007991,0.7479590779239478,0.0,0.0,0.0
qwen2.5-0.5b,coderepair,mbpp-0406-flip_comparison2-0,-79.30681943893433,-41.52703809738159,,,-31.994415283203125,-32.17919158935547,-12.246615767478943,-16.211915969848633,,,,,,,,,,,,,,,,,-4.156027317047119,-9.394540786743164,,,-49.77905935049057,-53.83318608999252,-78.32909291982651,-40.761565148830414,-8.485131978988647,-14.509669780731201,False,False,,,False,False,False,False,,,,,,,,,,,,,,,,,False,False,,,False,False,False,False,False,False,85.0,84.0,,,84.0,83.0,85.0,84.0,,,,,,,,,,,,,,,,,85.0,84.0,,,84.0,83.0,85.0,84.0,85.0,84.0,152.0,,252.0,,,,,,,,,226.0,,125.0,229.0,-66.08247715234756,-66.08247715234756,74.17306560277939,-8.090588450431824,,,-3.7614837884902954,0.9777265191078186,-67.06020367145538,24.54964917898178,-0.765472948551178,37.567527770996094,-3.96530020236969,37.779781341552734,-41.532827973365784,,,,,,,,,,,,,,,,,,,69.84396094083786,-3.7614837884902954,-0.7774409076746772,0.8726243012091692,-0.09518339353449204,1.0,4.837003627484957e-17,0.9813905311509635,3.912455724365126e-17,0.9947198859063754,0.9975871666320317,0.9813905311509635,0.0,0.0,0.0
qwen2.5-0.5b,coderepair,mbpp-0407-flip_comparison2-0,-90.4700756072998,-87.31774711608887,,,-16.834718942642212,-24.587291955947876,-3.0859163403511047,-10.799420595169067,,,,,,,,,,,,,,,,,-2.774993419647217,-10.286224365234375,,,-92.42990273237228,-94.74422615766525,-86.92567604780197,-83.68672341108322,-7.580724358558655,-15.99968433380127,False,False,,,False,False,False,False,,,,,,,,,,,,,,,,,False,False,,,False,False,False,False,False,False,92.0,92.0,,,92.0,91.0,92.0,92.0,,,,,,,,,,,,,,,,,92.0,92.0,,,92.0,91.0,92.0,92.0,92.0,92.0,162.0,,252.0,,,,,,,,,241.0,,133.0,244.0,-83.83975970745087,-83.83975970745087,84.15068262815475,-0.31092292070388794,,,4.49480801820755,3.5443995594978333,-87.3841592669487,72.88730281591415,-3.6310237050056458,3.23895263671875,-7.713504254817963,3.1523284912109375,-10.952456891536713,,,,,,,,,,,,,,,,,,,79.34495168924332,4.49480801820755,-0.9113017359505529,0.9146813329147256,-0.003379596964172695,1.0,0.03771953087081602,0.999552377818955,0.04099962713829534,0.999453391483402,0.9997794046642658,0.961832846948139,0.0,0.0,0.0
qwen2.5-0.5b,toolshed,toolshed-0000-s0-arg_typo-1,-16.755712509155273,-6.291499614715576,-17.11438226699829,-8.401947975158691,-12.949721336364746,-26.008913040161133,-9.112188816070557,-4.7237469255924225,-9.112181663513184,-4.72375413775444,-7.443094730377197,-4.686685562133789,-10.784096240997314,-5.708303809165955,-3.5191295742988586,-1.236784964799881,-1.601221650838852,-0.7465411424636841,-12.666938781738281,-2.8051871955394745,-7.25612735748291,-6.194719314575195,-8.722589492797852,-5.713389605283737,-7.698773145675659,-8.980113983154297,-7.490076065063477,-7.558351159095764,-18.512362480163574,-37.47910213470459,-16.768914222717285,-11.039630889892578,-10.036922693252563,-9.163723200559616,False,False,False,False,False,False,False,False,False,False,False,False,False,False,False,True,False,True,False,False,False,False,False,False,False,False,False,False,False,False,False,False,False,False,10.0,9.0,10.0,9.0,9.0,7.0,10.0,9.0,10.0,9.0,10.0,9.0,10.0,9.0,10.0,9.0,10.0,9.0,10.0,9.0,10.0,9.0,10.0,9.0,10.0,9.0,10.0,9.0,9.0,7.0,10.0,9.0,10.0,9.0,576.0,559.0,591.0,591.0,606.0,618.0,634.0,677.0,586.0,579.0,602.0,574.0,593.0,548.0,598.0,-7.6567254066467285,-7.6567254066467285,9.070141077041626,-1.4134156703948975,9.278838157653809,-1.62211275100708,0.9247338771820068,-0.013201713562011719,-7.643523693084717,6.315883964300156,4.748131275177002,5.729283332824707,4.388441890478134,10.464212894439697,-1.3408414423465729,-9.325819492340088,1.6690940856933594,-9.512786865234375,1.8560614585876465,-8.046324729919434,0.3895993232727051,-5.984817981719971,-1.6719074249267578,-13.249784648418427,5.593059241771698,-15.167692571878433,7.510967165231705,-7.656732559204102,7.152557373046875e-06,-4.101975440979004,-3.5547499656677246,0.34546804428100586,-8.002193450927734,6.731991529464722,0.9247338771820068,-0.7656725406646728,0.9070141077041626,-0.14134156703948975,1.0,0.0032370468127957265,0.012264458475173311,2.8538930116487506e-05,0.7826779301859916,0.2945889905260373,0.009027411662377584,0.0,0.0,0.0
qwen2.5-0.5b,toolshed,toolshed-0000-s0-hallucinated_entity-2,-31.80613899230957,-6.34628963470459,-32.57197618484497,-8.401947975158691,-22.640791177749634,-23.441042184829712,-6.586476564407349,-10.612192392349243,-6.586472034454346,-10.612182140350342,-8.18247365951538,-7.428635597229004,-7.3506176471710205,-11.36415410041809,-2.793165624141693,-4.539112091064453,-1.9292669892311096,-5.161005020141602,-25.30065631866455,-2.8051920533180237,-5.032828480005264,-5.7381508350372314,-6.670690536499023,-6.082247495651245,-10.23935842514038,-5.543038100004196,-9.815353393554688,-5.670849800109863,-18.51237392425537,-16.768927574157715,-37.47913837432861,-11.039666175842285,-10.718530178070068,-6.566213145852089,False,False,False,False,False,False,False,False,False,False,False,False,False,False,False,False,False,False,False,False,False,False,False,False,False,False,False,False,False,False,False,False,False,False,7.0,9.0,7.0,9.0,9.0,10.0,7.0,9.0,7.0,9.0,7.0,9.0,7.0,9.0,7.0,9.0,7.0,9.0,7.0,9.0,7.0,9.0,7.0,9.0,7.0,9.0,7.0,9.0,9.0,10.0,7.0,9.0,7.0,9.0,573.0,559.0,588.0,588.0,599.0,615.0,628.0,668.0,586.0,576.0,618.0,571.0,588.0,548.0,593.0,-30.892661809921265,-30.892661809921265,27.239779949188232,3.6528818607330322,27.663784980773926,3.228876829147339,4.13205361366272,-5.672999382019043,-25.21966242790222,0.427473783493042,4.693376541137695,26.439472198486328,-4.0257158279418945,25.45984935760498,-30.465188026428223,-29.296664714813232,-1.5959970951080322,-32.44630989432335,1.5536480844020844,-30.80844783782959,-0.0842139720916748,-30.128520727157593,-0.7641410827636719,-34.68597275018692,3.7933109402656555,-35.549871385097504,4.657209575176239,-30.892666339874268,4.5299530029296875e-06,-12.178482055664062,-18.714179754257202,-4.907162189483643,-25.985499620437622,26.760608196258545,4.13205361366272,-4.413237401417324,3.891397135598319,0.5218402658190046,1.0,3.2796552934241386e-12,0.9824622664481507,8.768552647876927e-12,0.009046225176458275,0.015484394601003924,0.982462266444871,0.0,0.0,0.0
qwen2.5-0.5b,toolshed,toolshed-0000-s2-tool_typo-1,-13.304215490818024,-7.048983633518219,-21.085392713546753,-8.378413438796997,-10.670312643051147,-17.14542841911316,-7.564440488815308,-2.2853285372257233,-14.632354259490967,-7.071933299303055,-4.957115054130554,-1.4204453378915787,-6.751806139945984,-1.7656048834323883,-4.504231512546539,-0.7677286565303802,-2.8826423287391663,-1.0558216571807861,-19.393534064292908,-5.927054762840271,-6.068622589111328,-4.196513533592224,-10.339304208755493,-3.8416252732276917,-11.841634511947632,-10.183889150619507,-10.990476608276367,-8.65411901473999,-13.298850059509277,-19.724409103393555,-22.721570014953613,-8.725398540496826,-11.603108406066895,-6.317292749881744,False,False,False,False,False,False,False,True,False,False,False,True,False,True,False,True,False,True,False,False,False,False,False,False,False,False,False,False,False,False,False,False,False,False,26.0,26.0,26.0,26.0,16.0,27.0,26.0,26.0,26.0,26.0,26.0,26.0,26.0,26.0,26.0,26.0,26.0,26.0,26.0,26.0,26.0,26.0,26.0,26.0,26.0,26.0,26.0,26.0,16.0,27.0,26.0,26.0,26.0,26.0,651.0,637.0,681.0,681.0,712.0,708.0,736.0,791.0,666.0,673.0,723.0,668.0,678.0,626.0,666.0,-15.157129526138306,-15.157129526138306,10.879935503005981,4.277194023132324,11.731093406677246,3.4260361194610596,4.038667917251587,-9.41735452413559,-5.739775002002716,6.440070003271103,1.6764149069786072,13.996171474456787,5.279111951589584,6.255231857299805,-8.717059522867203,-17.76445496082306,2.6073254346847534,-16.652947425842285,1.4958178997039795,-12.38226580619812,-2.7748637199401855,-15.96976387500763,0.8126343488693237,-18.217338502407074,3.0602089762687683,-19.838927686214447,4.681798160076141,-8.089215755462646,-7.067913770675659,-3.3280359506607056,-11.8290935754776,-1.6361773014068604,-13.520952224731445,11.118461608886719,4.038667917251587,-0.5829665202360886,0.41845905780792236,0.16450746242816633,1.0,8.261758375163681e-07,0.005069954695567043,0.001916699856844589,0.16006488758131185,0.005037397074823704,0.005069128519729527,0.0,0.0,0.0
qwen2.5-0.5b,toolshed,toolshed-0001-s0-date_format-2,-21.203043460845947,-10.45927619934082,-20.72641944885254,-7.916765928268433,-16.84549117088318,-15.771770238876343,-4.148221671581268,-7.781077146530151,-4.1482351422309875,-7.781100273132324,-2.385465979576111,-6.207914590835571,-4.093794822692871,-7.431554079055786,-1.163095012307167,-5.312895953655243,-0.1761825606226921,-5.753489285707474,-19.246027946472168,-2.1309686303138733,-5.137464821338654,-7.9695188999176025,-3.7223808765411377,-7.236064434051514,-5.4190592765808105,-7.182953834533691,-6.184243679046631,-6.573466777801514,-18.514408111572266,-21.51417827606201,-27.637651443481445,-13.219115734100342,-8.680482625961304,-13.030507564544678,False,False,False,False,False,False,False,False,False,False,True,False,False,False,True,False,True,False,False,True,False,False,False,False,False,False,False,False,False,False,False,False,False,False,15.0,15.0,15.0,15.0,15.0,15.0,15.0,15.0,15.0,15.0,15.0,15.0,15.0,15.0,15.0,15.0,15.0,15.0,15.0,15.0,15.0,15.0,15.0,15.0,15.0,15.0,15.0,15.0,15.0,15.0,15.0,15.0,15.0,15.0,576.0,560.0,604.0,604.0,623.0,631.0,659.0,714.0,593.0,593.0,618.0,580.0,600.0,549.0,633.0,-23.489429771900177,-23.489429771900177,22.218592166900635,1.2708376049995422,21.453407764434814,2.0360220074653625,4.532260954380035,-6.434607982635498,-17.05482178926468,5.43803858757019,2.7598395347595215,14.418535709381104,-3.632855474948883,10.743767261505127,-18.051391184329987,-25.252185463905334,1.7627556920051575,-22.50018662214279,-0.9892431497573853,-23.915270566940308,0.4258407950401306,-23.543856620788574,0.05442684888839722,-26.47455643117428,2.9851266592741013,-27.461468882858753,3.972039110958576,-23.489416301250458,-1.3470649719238281e-05,-8.391623497009277,-15.0978062748909,-6.911231994628906,-16.57819777727127,18.95716881752014,4.532260954380035,-1.565961984793345,1.4812394777933757,0.08472250699996949,1.0,5.442879897137432e-07,0.9742291181897093,2.1579023686187277e-05,0.8536967554091874,0.9872579642590059,0.9742285739017196,0.0,0.0,0.0
qwen2.5-0.5b,toolshed,toolshed-0001-s0-tool_typo-0,-11.320525169372559,-10.441307067871094,-11.09422254562378,-7.916765928268433,-9.629953384399414,-19.24602508544922,-7.08718204498291,-2.130972981452942,-7.087193727493286,-2.1309699416160583,-6.598933935165405,-2.2905512750148773,-6.9644962549209595,-2.1762930750846863,-5.051809668540955,-0.3554571345448494,-4.0296998508274555,-0.1223023422062397,-6.912233352661133,-2.292973965406418,-5.9829161167144775,-3.314578056335449,-10.24024248123169,-4.593988299369812,-8.724008917808533,-3.87732470035553,-10.039487600326538,-5.384668827056885,-21.51417827606201,-27.637651443481445,-18.514408111572266,-13.219115734100342,-11.168615818023682,-7.445863723754883,False,False,False,False,False,False,False,True,False,True,False,False,False,True,False,True,False,True,False,True,False,False,False,False,False,False,False,False,False,False,False,False,False,False,15.0,15.0,15.0,15.0,15.0,15.0,15.0,15.0,15.0,15.0,15.0,15.0,15.0,15.0,15.0,15.0,15.0,15.0,15.0,15.0,15.0,15.0,15.0,15.0,15.0,15.0,15.0,15.0,15.0,15.0,15.0,15.0,15.0,15.0,574.0,560.0,593.0,593.0,613.0,620.0,637.0,681.0,596.0,585.0,635.0,580.0,597.0,549.0,578.0,-11.427226066589355,-11.427226066589355,9.790399193763733,1.6368268728256226,8.474920511245728,2.952305555343628,4.0814337730407715,-7.193882942199707,-4.233343124389648,11.0881427526474,2.777808666229248,5.295292377471924,4.956209063529968,0.8792181015014648,-0.33908331394195557,-11.91547417640686,0.4882481098175049,-12.531491994857788,1.1042659282684326,-8.274165630340576,-3.1530604362487793,-11.549911856651306,0.12268579006195068,-13.462598443031311,2.0353723764419556,-14.48470826074481,3.0574821941554546,-11.42721438407898,-1.1682510375976562e-05,-11.602174758911133,0.17494869232177734,-7.420185565948486,-4.007040500640869,7.345792293548584,4.0814337730407715,-0.761815071105957,0.6526932795842488,0.10912179152170817,1.0,0.004988879191326679,0.006986513513221262,0.29333983368395267,0.007793167347857468,0.023597085973422645,0.001997634321894583,0.0,0.0,0.0
qwen2.5-0.5b,toolshed,toolshed-0001-s1-tool_typo-0,-9.468616247177124,-7.128909230232239,-11.480205535888672,-4.732725828886032,-11.299877643585205,-15.2726149559021,-4.3454350233078,-4.4125348925590515,-3.9432824850082397,-1.0673826336860657,-3.749153256416321,-3.613253593444824,-4.8464967012405396,-3.937053918838501,-1.3025463670492172,-1.739604176953435,-0.35900004766881466,-2.648183384910226,-9.174088478088379,-3.0329057574272156,-9.624794483184814,-5.099832057952881,-7.202523469924927,-3.175167292356491,-7.115712404251099,-1.6381753981113434,-5.760620832443237,-1.2637419402599335,-4.050064526498318,-15.749960385262966,-11.50446891784668,-0.6104910597205162,-4.115532219409943,-1.5641242526471615,False,False,False,False,False,False,False,False,False,True,False,False,False,False,True,False,True,False,False,False,False,False,False,False,False,False,False,True,False,False,False,True,False,False,9.0,9.0,9.0,9.0,8.0,9.0,9.0,9.0,9.0,9.0,9.0,9.0,9.0,9.0,9.0,9.0,9.0,9.0,9.0,9.0,9.0,9.0,9.0,9.0,9.0,9.0,9.0,9.0,8.0,9.0,9.0,9.0,9.0,9.0,657.0,643.0,670.0,670.0,684.0,697.0,708.0,746.0,673.0,662.0,712.0,657.0,674.0,632.0,655.0,-7.159033894538879,-7.159033894538879,4.388756513595581,2.7702773809432983,5.743848085403442,1.415185809135437,-0.22990280389785767,-2.0358526706695557,-5.123181223869324,-3.8020438328385353,-6.518418170511723,10.893977858126163,-0.06709986925125122,2.3397070169448853,-10.961077727377415,-7.755315661430359,0.5962817668914795,-1.8796744346618652,-5.279359459877014,-4.301945447921753,-2.8570884466171265,-6.65797221660614,-0.5010616779327393,-10.201922550797462,3.042888656258583,-11.145468870177865,3.9864349756389856,-7.56118643283844,0.40215253829956055,-2.330380439758301,-4.828653454780579,-0.024263381958007812,-7.134770512580872,7.388936698436737,-0.22990280389785767,-0.7954482105043199,0.4876396126217312,0.3078085978825887,1.0,1.7992227345225846e-05,0.5165091409183729,0.08788739845398551,0.004162214947031508,0.07233195382637485,0.5164911486910276,0.0,0.0,0.0
qwen2.5-0.5b,toolshed,toolshed-0002-s0-hallucinated_entity-2,-29.414413928985596,-7.281901121139526,-30.69950008392334,-8.46904969215393,-24.986557841300964,-26.417590022087097,-6.997745394706726,-11.69413936138153,-6.9977569580078125,-11.694134712219238,-8.819563388824463,-10.044543743133545,-7.452671647071838,-12.290811657905579,-2.892749607563019,-5.755141973495483,-1.229668214917183,-6.300024032592773,-22.020159244537354,-3.449250638484955,-3.2302532494068146,-7.266783714294434,-5.963253974914551,-8.976866245269775,-6.249619960784912,-4.306564450263977,-7.444201707839966,-7.47431755065918,-16.585379123687744,-16.03871774673462,-33.11710548400879,-8.999871253967285,-7.177942752838135,-5.522584974765778,False,False,False,False,False,False,False,False,False,False,False,False,False,False,False,False,True,False,False,False,False,False,False,False,False,False,False,False,False,False,False,False,False,False,7.0,8.0,7.0,8.0,8.0,9.0,7.0,8.0,7.0,8.0,7.0,8.0,7.0,8.0,7.0,8.0,7.0,8.0,7.0,8.0,7.0,8.0,7.0,8.0,7.0,8.0,7.0,8.0,8.0,9.0,7.0,8.0,7.0,8.0,591.0,577.0,606.0,606.0,617.0,633.0,646.0,686.0,603.0,594.0,636.0,589.0,606.0,566.0,611.0,-26.119360089302063,-26.119360089302063,26.867485523223877,-0.748125433921814,25.672903776168823,0.44645631313323975,0.1801973581314087,-3.7026915550231934,-22.41666853427887,-2.6942681074142456,1.7179701328277588,24.117234230041504,-4.696393966674805,22.13251280784607,-28.81362819671631,-24.297542095184326,-1.8218179941177368,-29.886852234601974,3.7674921452999115,-27.15385150909424,1.0344914197921753,-25.66443383693695,-0.4549262523651123,-30.22435587644577,4.104995787143707,-31.887437269091606,5.768077179789543,-26.119348526000977,-1.1563301086425781e-05,-11.096946239471436,-15.022413849830627,-2.417605400085449,-23.701754689216614,25.939162731170654,0.1801973581314087,-3.7313371556145802,3.838212217603411,-0.10687506198883057,1.0,3.3528738921698613e-11,0.9909544162117011,2.443271993290566e-10,0.12531256047012995,0.16038614469667084,0.9909544161781724,0.0,0.0,0.0
qwen2.5-0.5b,toolshed,toolshed-0002-s1-arg_typo-2,-17.71191167831421,-3.816371202468872,-17.79633641242981,-4.382109999656677,-14.825449466705322,-13.998864650726318,-7.472617447376251,-9.023914337158203,-9.393158912658691,-8.422163128852844,-8.963847279548645,-8.233697354793549,-7.1043819189071655,-8.99006986618042,-2.168353319168091,-2.588066577911377,-1.004088282585144,-2.722304105758667,-19.54953169822693,-5.282224655151367,-5.9660996198654175,-8.275131464004517,-7.909195184707642,-7.117381274700165,-8.396456360816956,-10.161824703216553,-9.889428853988647,-9.568819999694824,-11.237899780273438,-8.014426708221436,-17.659165382385254,-4.039357900619507,-7.727686822414398,-9.615177154541016,False,False,False,False,False,False,False,False,False,False,False,False,False,False,True,False,True,False,False,False,False,False,False,False,False,False,False,False,False,False,False,False,False,False,40.0,40.0,40.0,40.0,29.0,40.0,40.0,40.0,40.0,40.0,40.0,40.0,40.0,40.0,40.0,40.0,40.0,40.0,40.0,40.0,40.0,40.0,40.0,40.0,40.0,40.0,40.0,40.0,29.0,40.0,40.0,40.0,40.0,40.0,642.0,625.0,686.0,686.0,731.0,713.0,758.0,830.0,668.0,674.0,710.0,670.0,687.0,614.0,671.0,-10.186547935009003,-10.186547935009003,9.262709021568298,0.9238389134407043,7.7697365283966064,2.4168114066123962,0.255069375038147,0.05274629592895508,-10.239294230937958,-4.984556436538696,0.22298669815063477,13.619807481765747,-1.551296889781952,13.895540475845337,-15.171104371547699,-8.695318102836609,-1.4912298321723938,-11.693065762519836,1.5065178275108337,-9.749970197677612,-0.4365777373313904,-10.554783463478088,0.3682355284690857,-15.490812063217163,5.30426412820816,-16.65507709980011,6.468529164791107,-8.266006469726562,-1.9205414652824402,1.8903663158416748,-12.076914250850677,0.13717103004455566,-10.323718965053558,9.931478559970856,0.255069375038147,-0.25466369837522507,0.23156772553920746,0.02309597283601761,1.0,1.1928726375490544e-06,0.8236702015938134,9.230878770226895e-07,0.8538807330951071,0.8684691149259145,0.8236690087211759,0.0,0.0,0.0
qwen2.5-0.5b,toolshed,toolshed-0002-s1-type_swap-3,-9.780882596969604,-4.322938323020935,-9.581725358963013,-4.382109999656677,-11.35325813293457,-13.57358980178833,-11.90825891494751,-7.869474709033966,-10.790022134780884,-8.056436598300934,-13.106404781341553,-9.257120966911316,-12.740828514099121,-8.659108996391296,-3.804206371307373,-2.2295349836349487,-1.2445291578769684,-1.484713464975357,-12.779742002487183,-5.282224655151367,-14.045904636383057,-7.602996230125427,-10.76098108291626,-7.7011168003082275,-8.550736665725708,-9.670901536941528,-9.19289219379425,-10.509377241134644,-11.23790717124939,-8.014432191848755,-9.268433332443237,-4.039358854293823,-7.729851841926575,-10.341578722000122,False,False,False,False,False,False,False,False,False,False,False,False,False,False,False,False,True,False,False,False,False,False,False,False,False,False,False,False,False,False,False,False,False,False,40.0,40.0,40.0,40.0,29.0,40.0,40.0,40.0,40.0,40.0,40.0,40.0,40.0,40.0,40.0,40.0,40.0,40.0,40.0,40.0,40.0,40.0,40.0,40.0,40.0,40.0,40.0,40.0,29.0,40.0,40.0,40.0,40.0,40.0,642.0,625.0,687.0,687.0,731.0,714.0,760.0,833.0,668.0,680.0,720.0,670.0,687.0,614.0,671.0,2.6398255825042725,2.6398255825042725,0.7176966667175293,-3.3575222492218018,0.07554113864898682,-2.7153667211532593,-4.178407073020935,0.5124492645263672,2.1273763179779053,-3.830115854740143,-0.2835794687271118,5.229074478149414,4.038784205913544,5.457944273948669,-1.1902902722358704,3.8379714488983154,-1.198145866394043,4.777471303939819,-2.137645721435547,1.4925477504730225,1.14727783203125,3.472395181655884,-0.8325695991516113,-5.464226961135864,8.104052543640137,-8.023904174566269,10.663729757070541,1.5215888023376465,1.118236780166626,3.5113086700439453,-0.8714830875396729,0.3132920265197754,2.326533555984497,1.5385814905166626,-4.178407073020935,0.06599563956260682,0.01794241666793823,-0.08393805623054504,0.0,0.0052283790143012685,0.016753683604217296,0.004244218712989695,0.7540192970859249,0.931612498965814,0.011525304589916028,0.0,0.0,0.0
qwen2.5-0.5b,toolshed,toolshed-0003-s0-arg_typo-1,-16.9403338432312,-8.79543161392212,-13.368757247924805,-4.770033359527588,-13.786853551864624,-14.241288900375366,-11.646969556808472,-8.750879526138306,-11.64696192741394,-8.750878095626831,-2.7806040048599243,-2.964739441871643,-10.448760032653809,-6.382650375366211,-2.024706780910492,-5.466815769672394,-0.05958223715424538,-6.296934869140387,-15.287681102752686,-3.384272575378418,-8.351440608501434,-11.052374064922333,-9.87012767791748,-6.3369927406311035,-9.916435718536377,-18.972265243530273,-9.796450853347778,-18.364842653274536,-12.727558821439743,-15.512229651212692,-13.617677420377731,-3.0346247851848602,-3.10022135078907,-12.062760829925537,False,False,False,False,False,False,False,False,False,False,False,False,False,False,False,False,True,False,False,False,False,False,False,False,False,False,False,False,False,False,False,False,False,False,7.0,6.0,7.0,6.0,6.0,6.0,7.0,6.0,7.0,6.0,7.0,6.0,7.0,6.0,7.0,6.0,7.0,6.0,7.0,6.0,7.0,6.0,7.0,6.0,7.0,6.0,7.0,6.0,6.0,6.0,7.0,6.0,7.0,6.0,576.0,559.0,588.0,588.0,600.0,615.0,628.0,668.0,583.0,576.0,601.0,571.0,588.0,548.0,596.0,-1.9707078635692596,-1.9707078635692596,3.7012417018413544,-1.7305338382720947,3.821226567029953,-1.8505187034606934,-8.546748206019402,3.32265642285347,-5.2933642864227295,-5.716254740953445,-5.760806828737259,10.583052635192871,2.896090030670166,8.144902229309082,-7.686962604522705,-10.837073415517807,8.866365551948547,-5.266236811876297,3.2955289483070374,-3.747549742460251,1.7768418788909912,-3.1689173877239227,1.198209524154663,-11.59297063946724,9.62226277589798,-13.558095183223486,11.587387319654226,-1.970715492963791,7.62939453125e-06,1.6700036823749542,-3.640711545944214,-0.24892017245292664,-1.721787691116333,10.517456069588661,-8.546748206019402,-0.2815296947956085,0.5287488145487649,-0.24721911975315639,1.0,2.5339566208987196e-05,0.05182531626350804,0.00029012682638303175,0.9998833049255937,0.9998718959317804,0.05179997669729905,0.0,0.0,0.0
qwen2.5-0.5b,toolshed,toolshed-0003-s1-drop_arg-0,-12.628253936767578,-6.930884838104248,-16.150273323059082,-11.566513061523438,-19.274888038635254,-13.636689402163029,-3.2161242738366127,-3.009793497622013,-4.747493028640747,-9.520510196685791,-3.145869016647339,-3.1706128120422363,-3.763532042503357,-2.9346436262130737,-0.6356340050697327,-2.8753961324691772,-0.04649357311427593,-6.088177120313048,-11.576287269592285,-3.475512444972992,-3.874728202819824,-3.4853603839874268,-3.1705312728881836,-5.187981843948364,-5.069451928138733,-12.181790828704834,-5.2255319356918335,-13.430864572525024,-25.002144813537598,-23.53910732269287,-16.99617099761963,-12.780415534973145,-10.265014171600342,-21.93587589263916,False,False,False,False,False,False,False,True,False,False,False,True,False,True,True,False,True,False,False,False,False,False,False,False,False,False,False,False,False,False,False,False,False,False,10.0,24.0,10.0,24.0,24.0,25.0,10.0,24.0,10.0,24.0,10.0,24.0,10.0,24.0,10.0,24.0,10.0,24.0,10.0,24.0,10.0,24.0,10.0,24.0,10.0,24.0,10.0,24.0,24.0,25.0,10.0,24.0,10.0,24.0,653.0,637.0,660.0,660.0,674.0,687.0,694.0,728.0,679.0,656.0,680.0,652.0,661.0,626.0,659.0,-13.780046723783016,-13.780046723783016,11.926719069480896,1.8533276543021202,11.770639061927795,2.009407661855221,7.048889897763729,-4.367917060852051,-9.412129662930965,9.770622037351131,5.8495306968688965,4.215755462646484,0.2063307762145996,5.69736909866333,-4.009424686431885,-13.85030198097229,0.07025525718927383,-13.121442794799805,-0.6586039289832115,-13.825639724731445,0.04559300094842911,-13.232638955116272,-0.5474077686667442,-16.360536992549896,2.58049026876688,-16.949677424505353,3.1696307007223368,-12.248677968978882,-1.5313687548041344,-5.419883728027344,-8.360162995755672,-0.8458976745605469,-12.93414904922247,6.731156826019287,7.048889897763729,-1.3780046723783017,1.1926719069480896,0.18533276543021202,1.0,0.014546068267945996,0.44859350919845237,0.0033435630341781234,0.9991856770736652,0.9999914610308,0.43404744093050635,0.0,0.0,0.0
qwen2.5-0.5b,toolshed,toolshed-0003-s1-readonly_target-3,-40.48133838176727,-6.341084361076355,-47.80726337432861,-11.566513061523438,-22.07510942220688,-25.70266342163086,-1.56023108959198,-16.298561990261078,-9.052738904953003,-13.702469825744629,-1.38842111825943,-16.006422698497772,-1.5738377571105957,-15.236971080303192,-0.18007421493530273,-17.637700900435448,-0.09326501470059156,-16.987169727683067,-40.33122360706329,-3.00979220867157,-1.6630179286003113,-12.80477899312973,-1.8988733887672424,-15.157691299915314,-7.8223490715026855,-13.71457290649414,-12.88734769821167,-11.324125289916992,-16.99616813659668,-25.00218391418457,-52.13779926300049,-12.780424118041992,-3.1683851778507233,-12.121471881866455,False,False,False,False,False,False,True,False,False,False,True,False,True,False,True,False,True,False,False,True,True,False,True,False,False,False,False,False,False,False,False,False,False,False,22.0,24.0,22.0,24.0,10.0,24.0,22.0,24.0,22.0,24.0,22.0,24.0,22.0,24.0,22.0,24.0,22.0,24.0,22.0,24.0,22.0,24.0,22.0,24.0,22.0,24.0,22.0,24.0,10.0,24.0,22.0,24.0,22.0,24.0,653.0,637.0,677.0,677.0,703.0,704.0,728.0,779.0,660.0,672.0,687.0,664.0,680.0,626.0,670.0,-50.57756817340851,-50.57756817340851,44.3154501914978,6.262117981910706,39.25045156478882,11.32711660861969,1.6081540882587433,-11.656460881233215,-38.92110729217529,-3.5181378722190857,6.439339756965637,39.357375144958496,-14.738330900669098,34.14025402069092,-54.095706045627594,-50.74937814474106,0.17180997133255005,-50.47478133440018,-0.1027868390083313,-50.238925874233246,-0.33864229917526245,-50.56396150588989,-0.013606667518615723,-51.957725048065186,1.3801568746566772,-52.0445342482999,1.4669660748913884,-43.085060358047485,-7.492507815361023,-11.806575655937195,-38.77099251747131,-4.330535888671875,-46.24703228473663,48.969414085149765,1.6081540882587433,-2.2989803715185686,2.014338645068082,0.28464172645048663,1.0,7.960551102830484e-18,0.9999996013390646,1.489621966815156e-15,0.9972467709637568,0.99987067940873,0.9999996013390646,0.0,1.0,0.0
qwen2.5-0.5b,toolshed,toolshed-0004-s0-tool_typo-0,-9.736466884613037,-5.154389381408691,-10.958842992782593,-5.581698060035706,-11.219092607498169,-23.355651140213013,-2.662232995033264,-3.642357110977173,-2.662227511405945,-3.642353057861328,-2.184838831424713,-2.213354865089059,-2.725382089614868,-3.4923448860645294,-2.2700817584991455,-3.1121284402906895,-0.4122845157980919,-2.909358223900199,-7.922935247421265,-3.010607600212097,-3.905667543411255,-1.6316857486963272,-3.979642391204834,-2.4298618733882904,-10.110950231552124,-12.129773616790771,-11.11244511604309,-11.746163845062256,-10.26728442311287,-29.85033705830574,-11.225557804107666,-4.572660952806473,-10.264055132865906,-10.540828704833984,False,False,False,False,False,False,False,False,False,False,False,False,False,False,False,False,True,False,False,False,False,True,False,True,False,False,False,False,False,False,False,False,False,False,8.0,8.0,8.0,8.0,9.0,10.0,8.0,8.0,8.0,8.0,8.0,8.0,8.0,8.0,8.0,8.0,8.0,8.0,8.0,8.0,8.0,8.0,8.0,8.0,8.0,8.0,8.0,8.0,9.0,10.0,8.0,8.0,8.0,8.0,582.0,568.0,594.0,594.0,607.0,621.0,631.0,668.0,599.0,586.0,636.0,581.0,590.0,557.0,579.0,-8.563324809074402,-8.563324809074402,1.114607572555542,7.44871723651886,0.1131126880645752,8.450212121009827,7.601822137832642,-1.489090919494629,-7.074233889579773,0.9303038418292999,-0.5817284286022186,6.652896851301193,-0.9801241159439087,4.582077503204346,-7.633020967245102,-9.040718972682953,0.477394163608551,-7.319890260696411,-1.2434345483779907,-7.245915412902832,-1.3174093961715698,-8.500175714492798,-0.063149094581604,-8.95547604560852,0.39215123653411865,-10.813273288309574,2.2499484792351723,-8.563330292701721,5.4836273193359375e-06,-3.3026225566864014,-5.2607022523880005,-0.26671481132507324,-8.296609997749329,0.9615026712417603,7.601822137832642,-1.0704156011343002,0.13932594656944275,0.9310896545648575,1.0,0.0012843014384010824,0.7270312245894227,0.010129947856838854,0.8827592898274302,0.568755045279367,0.7257469231510216,0.0,0.0,0.0
qwen2.5-0.5b,toolshed,toolshed-0004-s1-arg_typo-2,-14.648743689060211,-1.3381239771842957,-18.766583919525146,-3.3103783428668976,-5.164530038833618,-20.417179107666016,-7.235262393951416,-2.6168052554130554,-6.545315265655518,-2.616919994354248,-6.646887898445129,-1.796928346157074,-6.504789352416992,-1.5570416450500488,-4.737391293048859,-1.0955032408237457,-2.7992442846298218,-0.7213149964809418,-13.146064281463623,-2.519778788089752,-6.054875493049622,-2.8879424333572388,-7.817712068557739,-3.0282418727874756,-14.919576168060303,-11.67564332485199,-13.894411563873291,-9.080549001693726,-7.812935471534729,-11.602365493774414,-16.848925709724426,-0.534785583615303,-14.989829540252686,-9.9345942735672,False,True,False,False,False,False,False,True,False,True,False,True,False,True,False,True,False,True,False,False,False,False,False,True,False,False,False,False,False,False,False,True,False,False,24.0,24.0,24.0,24.0,11.0,24.0,24.0,24.0,24.0,24.0,24.0,24.0,24.0,24.0,24.0,24.0,24.0,24.0,24.0,24.0,24.0,24.0,24.0,24.0,24.0,24.0,24.0,24.0,11.0,24.0,24.0,24.0,24.0,24.0,611.0,593.0,639.0,639.0,668.0,666.0,696.0,753.0,618.0,626.0,655.0,622.0,639.0,582.0,633.0,-9.61366331577301,-9.61366331577301,1.9293495416641235,7.684313774108887,2.9545141458511353,6.659149169921875,7.7545671463012695,-2.200182020664215,-7.413481295108795,-2.0820196717977524,-0.8033383935689926,16.314140126109123,4.618457138538361,13.310619711875916,-11.695682987570763,-10.202037811279297,0.5883744955062866,-10.794050216674805,1.1803869009017944,-9.031213641166687,-0.5824496746063232,-10.344136357307434,0.7304730415344238,-12.111534416675568,2.4978711009025574,-14.049681425094604,4.436018109321594,-10.303610444068909,0.6899471282958984,-3.7028614282608032,-5.910801887512207,1.9176582098007202,-11.53132152557373,1.8590961694717407,7.7545671463012695,-0.4005693048238754,0.08038956423600514,0.3201797405878703,1.0,8.213956443008601e-08,0.009068798326030353,1.6568019188833939e-06,0.03754551511538007,0.006335472430083979,0.009068716186465924,0.0,0.0,0.0
qwen2.5-0.5b,toolshed,toolshed-0004-s1-date_format-4,-23.961140155792236,-1.460737019777298,-26.507330417633057,-3.3103783428668976,-9.384463429450989,-21.962947368621826,-2.9446083307266235,-6.997048497200012,-2.47573384642601,-5.989501476287842,-2.8464797735214233,-5.5737544298172,-2.57302188873291,-6.4929245710372925,-0.822284922003746,-4.328166723251343,-0.34398382902145386,-5.417725503444672,-21.065374851226807,-2.519778788089752,-5.752839088439941,-4.680212020874023,-2.705056667327881,-6.029202580451965,-11.551634788513184,-13.67763090133667,-9.70306396484375,-11.98833417892456,-7.812924832105637,-11.602371215820312,-25.833656281232834,-0.534782350063324,-8.105622321367264,-11.474557161331177,False,True,False,False,False,False,False,False,False,False,True,False,True,False,True,False,True,False,False,False,False,False,True,False,False,False,False,False,False,False,False,True,False,False,16.0,24.0,16.0,24.0,11.0,24.0,16.0,24.0,16.0,24.0,16.0,24.0,16.0,24.0,16.0,24.0,16.0,24.0,16.0,24.0,16.0,24.0,16.0,24.0,16.0,24.0,16.0,24.0,11.0,24.0,16.0,24.0,16.0,24.0,610.0,593.0,631.0,631.0,651.0,658.0,680.0,729.0,618.0,619.0,645.0,614.0,632.0,582.0,616.0,-22.88904795050621,-22.88904795050621,14.28202149271965,8.60702645778656,16.130592316389084,6.7584556341171265,5.16101399064064,-1.8725161254405975,-21.016531825065613,-6.462266147136688,-0.925954669713974,25.29887393116951,-4.052440166473389,22.50040313601494,-29.3513140976429,-22.98717650771141,0.0981285572052002,-20.080817192792892,-2.808230757713318,-23.128599613904953,0.23955166339874268,-23.260634392499924,0.3715864419937134,-25.011371359229088,2.1223234087228775,-25.48967245221138,2.6006245017051697,-23.357922434806824,0.4688744843006134,-4.768281430006027,-18.120766520500183,0.6736741364002228,-23.562722086906433,17.72803395986557,5.16101399064064,-1.4305654969066381,0.8926263432949781,0.53793915361166,1.0,1.0292766395564491e-11,0.981376846825713,1.691215994806911e-10,0.8934043060997235,0.9667194388346526,0.9813768468154203,0.0,0.0,0.0
qwen2.5-0.5b,toolshed,toolshed-0005-s0-tool_typo-1,-10.65231454372406,-4.32824170589447,-10.023465633392334,-4.566749691963196,-13.581014633178711,-13.398248672485352,-7.449000358581543,-1.4177419543266296,-7.4489946365356445,-1.4177314937114716,-7.709003210067749,-3.1941675767302513,-7.704853296279907,-2.333519369363785,-2.1795952320098877,-1.3513620495796204,-1.4850561618804932,-1.8318321108818054,-14.86509895324707,-6.201781511306763,-5.469410419464111,-1.6852359473705292,-13.57863187789917,-3.494024693965912,-21.094244956970215,-11.597281217575073,-21.124714851379395,-17.046598434448242,-18.04091276228428,-14.298765316605568,-9.924608364701271,-1.689210668206215,-17.385632514953613,-11.088224411010742,False,False,False,False,False,False,False,True,False,True,False,False,False,False,False,True,True,False,False,False,False,True,False,False,False,False,False,False,False,False,False,True,False,False,17.0,17.0,17.0,17.0,12.0,17.0,17.0,17.0,17.0,17.0,17.0,17.0,17.0,17.0,17.0,17.0,17.0,17.0,17.0,17.0,17.0,17.0,17.0,17.0,17.0,17.0,17.0,17.0,12.0,17.0,17.0,17.0,17.0,17.0,572.0,558.0,593.0,593.0,615.0,620.0,639.0,685.0,584.0,585.0,635.0,580.0,596.0,547.0,578.0,-2.475608006119728,-2.475608006119728,-11.169636592268944,13.645244598388672,-11.200106486678123,13.675714492797852,9.93663215637207,0.727706179022789,-3.203314185142517,0.27146871387958527,-2.6390310376882553,8.235397696495056,6.031258404254913,6.32407283782959,-2.204139292240143,-2.215605154633522,-0.26000285148620605,-4.45519794523716,1.9795899391174316,3.654023513197899,-6.129631519317627,-2.219755068421364,-0.25585293769836426,-7.745013132691383,5.269405126571655,-8.439552202820778,5.96394419670105,-2.4756137281656265,5.7220458984375e-06,4.940490588545799,-7.416098594665527,0.09885726869106293,-2.574465274810791,-7.461024150252342,9.93663215637207,-0.14562400035998402,-0.6570374466040555,0.8026614469640395,1.0,0.0002650303577237183,0.002396683318676603,0.0017894197735582647,7.50738084245469e-05,0.001837687150022199,0.002131652960952885,0.0,0.0,0.0
qwen2.5-0.5b,toolshed,toolshed-0005-s0-type_swap-3,-10.22549307346344,-5.0006996393203735,-12.31590223312378,-4.566749691963196,-14.225375890731812,-14.71118712425232,-4.7443273067474365,-6.175283908843994,-4.744310140609741,-6.175257682800293,-4.022234797477722,-5.280568838119507,-4.572839617729187,-6.063400030136108,-1.5966373085975647,-4.861854076385498,-0.420276153832674,-5.378229409456253,-12.117564678192139,-6.20177149772644,-9.396575927734375,-8.872691631317139,-4.34968763589859,-6.440361261367798,-21.59090805053711,-20.72047710418701,-17.04897165298462,-19.426060676574707,-18.040912091732025,-9.924617230892181,-11.248444974422455,-1.6892029643058777,-18.733266353607178,-18.20880937576294,False,False,False,False,False,False,False,False,False,False,False,False,False,False,False,False,True,False,False,False,False,False,False,False,False,False,False,False,False,False,False,True,False,False,17.0,17.0,17.0,17.0,12.0,17.0,17.0,17.0,17.0,17.0,17.0,17.0,17.0,17.0,17.0,17.0,17.0,17.0,17.0,17.0,17.0,17.0,17.0,17.0,17.0,17.0,17.0,17.0,12.0,17.0,17.0,17.0,17.0,17.0,575.0,558.0,594.0,594.0,615.0,621.0,641.0,688.0,584.0,587.0,618.0,580.0,590.0,547.0,585.0,-6.504117667675018,-6.504117667675018,-10.342463076114655,16.846580743789673,-5.800526678562164,12.304644346237183,13.988939046859741,-1.022951900959015,-5.481165766716003,-4.4860809445381165,-3.311496675014496,9.559242010116577,-1.4309566020965576,5.224793434143066,-10.990198612213135,-7.226210176944733,0.7220925092697144,-1.8518690466880798,-4.6522486209869385,-6.898757338523865,0.39463967084884644,-6.675605356693268,0.1714876890182495,-9.65180766582489,3.147689998149872,-10.82816882058978,4.3240511529147625,-6.504134833812714,1.71661376953125e-05,0.8691197037696838,-7.373237371444702,1.0674572587013245,-7.571574926376343,-7.484821379184723,13.988939046859741,-0.3825951569220599,-0.6083801809479209,0.9909753378699807,1.0,7.05225757273163e-05,0.8069700769309321,0.005352666252627959,0.2951646389432583,0.37181063519354784,0.8068995543552049,0.0,0.0,0.0
qwen2.5-0.5b,toolshed,toolshed-0005-s1-readonly_target-3,-28.391530632972717,-4.044699311256409,-33.35422730445862,-5.927918910980225,-22.83300507068634,-21.852867126464844,-2.193520426750183,-14.283851742744446,-3.2390944361686707,-6.588978052139282,-1.7098097801208496,-11.301314234733582,-1.716539889574051,-13.038814097642899,-0.06983624026179314,-16.330114860087633,-0.08415151434019208,-11.226249769330025,-29.92145586013794,-2.2383159399032593,-2.134574204683304,-12.875765353441238,-2.341189682483673,-12.513058722019196,-8.007434487342834,-11.724642395973206,-9.030476808547974,-10.784405946731567,-16.690855026245117,-17.442389488220215,-34.03810405731201,-5.061668634414673,-3.0202683210372925,-12.010086297988892,False,False,False,False,False,False,False,False,False,False,False,False,False,False,True,False,True,False,False,True,False,False,False,False,False,False,False,False,False,False,False,False,False,False,18.0,19.0,18.0,19.0,9.0,19.0,18.0,19.0,18.0,19.0,18.0,19.0,18.0,19.0,18.0,19.0,18.0,19.0,18.0,19.0,18.0,19.0,18.0,19.0,18.0,19.0,18.0,19.0,9.0,19.0,18.0,19.0,18.0,19.0,612.0,596.0,632.0,632.0,654.0,659.0,679.0,726.0,618.0,627.0,642.0,619.0,634.0,585.0,624.0,-31.84458363056183,-31.84458363056183,26.030669569969177,5.813914060592651,25.007627248764038,6.8369563817977905,0.8267478942871094,-5.646573424339294,-26.198010206222534,-9.222183108329773,1.0169693231582642,28.97643542289734,-12.090331315994263,24.34683132171631,-41.0667667388916,-32.32829427719116,0.4837106466293335,-31.903529852628708,0.05894622206687927,-31.69691437482834,-0.14766925573349,-32.32156416773796,0.4769805371761322,-33.96826781705022,2.12368418648839,-33.95395254297182,2.109368912409991,-30.79900962114334,-1.0455740094184875,-4.116648197174072,-27.727935433387756,-0.6838767528533936,-31.160706877708435,31.01783573627472,0.8267478942871094,-1.7691435350312128,1.446148309442732,0.32299522558848065,1.0,2.604283748791857e-13,0.9999943825193409,2.6687353304465348e-11,0.9762748365699501,0.9998753427568731,0.9999943825190805,0.0,0.0,0.0
qwen2.5-0.5b,toolshed,toolshed-0006-s0-tool_typo-0,-13.060677528381348,-7.369843482971191,-15.921445369720459,-9.131684064865112,-13.136245965957642,-25.66442894935608,-6.688839912414551,-3.0151475369930267,-6.688811540603638,-3.015131413936615,-6.591325759887695,-3.151488944888115,-6.806866884231567,-3.6315556168556213,-9.052411556243896,-3.776421155780554,-5.926771283149719,-1.8877584747970104,-12.909529209136963,-5.076217353343964,-8.15862512588501,-5.368505209684372,-10.538456916809082,-6.156632244586945,-9.843697547912598,-9.971512794494629,-8.664194822311401,-7.828405141830444,-18.51406764984131,-35.622751235961914,-19.962797164916992,-12.909061431884766,-14.739166259765625,-13.667732238769531,False,False,False,False,False,False,False,False,False,False,False,False,False,False,False,False,False,False,False,False,False,False,False,False,False,False,False,False,False,False,False,False,False,False,9.0,9.0,9.0,9.0,10.0,7.0,9.0,9.0,9.0,9.0,9.0,9.0,9.0,9.0,9.0,9.0,9.0,9.0,9.0,9.0,9.0,9.0,9.0,9.0,9.0,9.0,9.0,9.0,10.0,7.0,9.0,9.0,9.0,9.0,573.0,559.0,586.0,586.0,600.0,613.0,624.0,662.0,591.0,578.0,628.0,573.0,590.0,548.0,571.0,-13.273957252502441,-13.273957252502441,10.119099617004395,3.154857635498047,11.29860234260559,1.9753549098968506,8.050326347351074,-6.9021196365356445,-6.371837615966797,9.893913894891739,5.539217948913574,7.053735733032227,3.673692375421524,5.690834045410156,-3.3800433576107025,-13.371471405029297,0.09751415252685547,-11.804172039031982,-1.469785213470459,-9.42434024810791,-3.8496170043945312,-13.155930280685425,-0.1180269718170166,-10.910385608673096,-2.3635716438293457,-14.036025881767273,0.7620686292648315,-13.273985624313354,2.8371810913085938e-05,-7.053267955780029,-6.220689296722412,-4.041351795196533,-9.232605457305908,5.223630905151367,8.050326347351074,-1.4748841391669378,1.1243444018893771,0.35053973727756077,1.0,0.000860265913673778,0.024753277174968214,0.0033654111728270582,0.531910380843782,0.25513046870004835,0.023893011261294436,0.0,0.0,0.0
qwen2.5-0.5b,toolshed,toolshed-0006-s1-tool_typo-0,-12.796013355255127,-2.526106059551239,-14.93604588508606,-2.746832512319088,-11.352103233337402,-16.419758796691895,-3.374446392059326,-2.967022716999054,-8.803608894348145,-6.833268105983734,-3.8772352933883667,-1.8684757351875305,-2.873345136642456,-2.2582813501358032,-3.1276389360427856,-2.379828095436096,-2.6533353328704834,-2.4267144203186035,-16.627615451812744,-5.532580614089966,-7.4043262004852295,-5.028130292892456,-8.490473985671997,-4.75436244904995,-8.517224669456482,-7.307686805725098,-7.455621957778931,-5.006436854600906,-13.186357498168945,-19.266366004943848,-16.324070930480957,-3.7402412965893745,-11.822025537490845,-9.881479173898697,False,False,False,False,False,False,False,False,False,False,False,False,False,False,False,False,False,False,False,False,False,False,False,False,False,False,False,False,False,False,False,False,False,False,9.0,9.0,9.0,9.0,10.0,10.0,9.0,9.0,9.0,9.0,9.0,9.0,9.0,9.0,9.0,9.0,9.0,9.0,9.0,9.0,9.0,9.0,9.0,9.0,9.0,9.0,9.0,9.0,10.0,10.0,9.0,9.0,9.0,9.0,622.0,608.0,635.0,635.0,649.0,662.0,673.0,711.0,640.0,627.0,677.0,622.0,631.0,597.0,620.0,-12.94962453842163,-12.94962453842163,7.806846261024475,5.142778277397156,8.868448972702026,4.0811755657196045,8.447579145431519,-3.52805757522583,-9.4215669631958,0.7732185795903206,1.2141352370381355,12.583829633891582,0.4074236750602722,10.269907295703888,-12.17640595883131,-12.44683563709259,-0.5027889013290405,-8.919744729995728,-4.029879808425903,-7.83359694480896,-5.116027593612671,-13.450725793838501,0.5011012554168701,-13.196431994438171,0.24680745601654053,-13.670735597610474,0.7211110591888428,-7.5204620361328125,-5.429162502288818,0.3035445213317871,-13.253169059753418,-1.3880250453948975,-11.561599493026733,4.502045392990112,8.447579145431519,-1.4388471709357367,0.8674273623360528,0.571419808599684,1.0,3.426702141798676e-06,0.39947494103932374,3.465938714678283e-05,0.22978283085553902,0.12558784502864864,0.3994715143371819,0.0,0.0,0.0
qwen2.5-0.5b,toolshed,toolshed-0006-s2-name_for_email-3,-5.235875904560089,-4.121571123600006,-6.858688831329346,-6.7143659591674805,-11.987250328063965,-20.389822959899902,-4.190801501274109,-7.0571863651275635,-4.256498172879219,-8.979018688201904,-4.015189528465271,-6.429517984390259,-3.521143674850464,-5.869770765304565,-1.3710902333259583,-5.087169289588928,-0.29033539444208145,-5.400919422507286,-11.158355236053467,-5.22969388961792,-3.5222272276878357,-9.178424835205078,-5.146470308303833,-7.857569217681885,-7.254908084869385,-15.4104642868042,-6.071414470672607,-13.68240737915039,-14.514979839324951,-21.880027294158936,-9.91566276550293,-8.255855560302734,-7.752306938171387,-15.302370548248291,False,True,False,False,False,False,False,False,False,False,False,False,False,False,True,False,True,False,False,False,False,False,False,False,False,False,False,False,False,False,False,False,False,False,23.0,26.0,23.0,26.0,16.0,26.0,23.0,26.0,23.0,26.0,23.0,26.0,23.0,26.0,23.0,26.0,23.0,26.0,23.0,26.0,23.0,26.0,23.0,26.0,23.0,26.0,23.0,26.0,16.0,26.0,23.0,26.0,23.0,26.0,652.0,636.0,682.0,682.0,709.0,709.0,739.0,796.0,665.0,675.0,694.0,664.0,682.0,625.0,666.0,-5.724861264228821,-5.724861264228821,2.660754680633545,3.064106583595276,3.8442482948303223,1.8806129693984985,3.561505436897278,-4.679786860942841,-1.0450744032859802,1.198669195175171,4.134284436702728,1.6598072052001953,-2.8663848638534546,1.114304780960083,-4.52619206905365,-5.900473237037659,0.1756119728088379,-6.393435537815094,0.6685742735862732,-4.769192457199097,-0.9556688070297241,-6.394519090652466,0.669657826423645,-8.544572532176971,2.8197112679481506,-9.625327371060848,3.9004661068320274,-5.659164592623711,-0.06569667160511017,1.242692470550537,-6.967553734779358,-3.056973934173584,-2.667887330055237,2.163355827331543,3.561505436897278,-0.2489070114882096,0.11568498611450195,0.13322202537370764,1.0,0.15953130864779944,0.9457914372496469,0.24706921566584203,0.9997129468868985,0.9994741999488611,0.7862601286018475,0.0,0.0,0.0
qwen2.5-0.5b,toolshed,toolshed-0007-s1-arg_typo-1,-11.103089809417725,-8.727723121643066,-8.979024410247803,-4.757252752780914,-9.250443458557129,-13.92871618270874,-11.072187900543213,-3.081050366163254,-5.51093316078186,-3.598727524280548,-10.92930006980896,-3.756126254796982,-10.79508352279663,-4.018910676240921,-5.7384560108184814,-1.9880224764347076,-3.13190758228302,-0.8589084893465042,-11.247158527374268,-4.597612380981445,-6.4252660274505615,-6.029482126235962,-9.974541425704956,-2.509602904319763,-7.695924356579781,-11.09477686882019,-6.982467770576477,-8.677287101745605,-11.545675277709961,-17.011982075870037,-3.7938083335757256,-0.5566214248538017,-5.499969840049744,-8.91712474822998,False,False,False,False,False,False,False,False,False,False,False,False,False,False,False,False,False,True,False,False,False,False,False,True,False,False,False,False,False,False,False,True,False,False,8.0,9.0,8.0,9.0,9.0,9.0,8.0,9.0,8.0,9.0,8.0,9.0,8.0,9.0,8.0,9.0,8.0,9.0,8.0,9.0,8.0,9.0,8.0,9.0,8.0,9.0,8.0,9.0,9.0,9.0,8.0,9.0,8.0,9.0,660.0,643.0,673.0,673.0,686.0,700.0,714.0,755.0,670.0,660.0,685.0,656.0,674.0,632.0,657.0,7.278379566967487,7.278379566967487,-3.902116023004055,-3.3762635439634323,-3.1886594370007515,-4.089720129966736,-5.572218060493469,7.309281475841999,-0.03090190887451172,-2.524428941309452,-8.171101696789265,3.237186908721924,7.991137534379959,2.375366687774658,4.753950625658035,7.135491736233234,0.14288783073425293,2.631457693874836,4.646921873092651,6.1807330921292305,1.0976464748382568,7.001275189220905,0.27710437774658203,1.944647677242756,5.3337318897247314,-0.6619007512927055,7.940280318260193,1.7171248272061348,5.5612547397613525,7.453350193798542,-0.1749706268310547,5.185216076672077,2.09316349029541,-1.706161506474018,-5.572218060493469,0.9097974458709359,-0.4877645028755069,-0.42203294299542904,0.0,0.037789430548347124,0.00033762155773564394,0.08507050006763246,0.9676686542245476,0.9682363881878802,-0.03745180899061148,0.0,0.0,0.0
qwen2.5-0.5b,toolshed,toolshed-0007-s1-hallucinated_entity-2,-21.35434341430664,-8.369407415390015,-19.440186023712158,-4.757252752780914,-9.68825626373291,-13.613503217697144,-4.637629389762878,-5.1764326095581055,-8.236655235290527,-5.625550091266632,-7.178777575492859,-6.757254958152771,-4.4555816650390625,-4.557805299758911,-1.417734682559967,-5.736481070518494,-0.5378997102379799,-6.633683800697327,-15.750898361206055,-4.597612380981445,-4.445271730422974,-4.090238094329834,-5.36009955406189,-6.484440326690674,-8.889395117759705,-8.271203756332397,-8.364279508590698,-8.445919871330261,-11.545685291290283,-3.793813828378916,-17.011987332254648,-0.5566251911222935,-4.831765413284302,-7.377420663833618,False,False,False,False,False,False,False,False,False,False,False,False,False,False,False,False,True,False,False,False,False,False,False,False,False,False,False,False,False,False,False,True,False,False,9.0,9.0,9.0,9.0,9.0,8.0,9.0,9.0,9.0,9.0,9.0,9.0,9.0,9.0,9.0,9.0,9.0,9.0,9.0,9.0,9.0,9.0,9.0,9.0,9.0,9.0,9.0,9.0,9.0,8.0,9.0,9.0,9.0,9.0,657.0,643.0,674.0,674.0,687.0,701.0,716.0,758.0,670.0,663.0,690.0,657.0,674.0,632.0,658.0,-12.37435794249177,-12.37435794249177,8.122592214494944,4.251765727996826,8.64770782366395,3.72665011882782,0.19413602352142334,4.342356082051992,-16.716714024543762,-4.619807418435812,-7.812782224267721,16.455362141132355,-0.538803219795227,12.984935998916626,-16.994165360927582,-9.83320975676179,-2.5411481857299805,-12.566715601831675,0.19235765933990479,-11.651887778192759,-0.7224701642990112,-12.556405667215586,0.18204772472381592,-15.594252649694681,3.2198947072029114,-16.47408762201667,4.0997296795248985,-8.77533209696412,-3.599025845527649,-1.2610889710485935,-11.113268971443176,2.42819869145751,-14.80255663394928,12.180221918970346,0.19413602352142334,-1.3749286602768633,0.9025102460549937,0.4724184142218696,1.0,6.86735995522855e-08,0.6289395864827325,2.294631500555256e-06,0.35019290970983463,0.927281087723974,0.6289395178091329,0.0,0.0,0.0
qwen2.5-0.5b,toolshed,toolshed-0008-s1-arg_typo-2,-17.85729694366455,-4.000457406044006,-17.688798904418945,-3.930493474006653,-14.509374141693115,-13.958629608154297,-7.2672595381736755,-8.91290807723999,-8.589356184005737,-7.584840893745422,-8.73858094215393,-8.140841245651245,-7.234979450702667,-9.184748411178589,-2.0602355003356934,-2.5716946125030518,-0.8897887468338013,-2.775035083293915,-18.839775562286377,-4.608332991600037,-5.788907051086426,-8.101428985595703,-7.896376371383667,-7.036916971206665,-8.278320670127869,-9.764496803283691,-9.76393175125122,-9.24002718925476,-10.708723545074463,-8.380849361419678,-17.220594882965088,-3.5431556701660156,-7.629718214273453,-9.435513019561768,False,False,False,False,False,False,False,False,False,False,False,False,False,False,True,False,True,False,False,False,False,False,False,False,False,False,False,False,False,False,False,False,False,False,40.0,40.0,40.0,40.0,29.0,40.0,40.0,40.0,40.0,40.0,40.0,40.0,40.0,40.0,40.0,40.0,40.0,40.0,40.0,40.0,40.0,40.0,40.0,40.0,40.0,40.0,40.0,40.0,29.0,40.0,40.0,40.0,40.0,40.0,645.0,628.0,689.0,689.0,734.0,716.0,761.0,833.0,671.0,677.0,713.0,673.0,689.0,617.0,674.0,-9.953335344791412,-9.953335344791412,8.94227421283722,1.0110611319541931,7.456663131713867,2.496672213077545,0.3624586760997772,0.6367020606994629,-10.590037405490875,-5.369752407073975,-0.4573017358779907,13.677439212799072,-1.6456485390663147,13.856839537620544,-15.323087751865387,-8.482013940811157,-1.4713214039802551,-11.431687831878662,1.4783524870872498,-9.324218511581421,-0.6291168332099915,-9.98561543226242,0.0322800874710083,-15.160359382629395,5.207024037837982,-16.330806136131287,6.377470791339874,-8.63123869895935,-1.3220966458320618,1.619180679321289,-11.572516024112701,0.4682040214538574,-10.42153936624527,9.590876668691635,0.3624586760997772,-0.2488333836197853,0.22355685532093048,0.02527652829885483,1.0,1.1381564062935677e-06,0.8369287763742368,9.595124969597484e-07,0.8155036372728195,0.8588528700056635,0.8369276382178304,0.0,0.0,0.0
qwen2.5-0.5b,toolshed,toolshed-0008-s1-drop_arg-0,-10.54061484336853,-3.889677047729492,-10.122400283813477,-3.930493474006653,-12.194912910461426,-18.839800596237183,-6.114861249923706,-4.608341693878174,-12.429250717163086,-7.634625732898712,-7.218708634376526,-6.932787299156189,-7.388028621673584,-5.56063973903656,-1.8780518770217896,-3.1549248099327087,-0.5689161866903305,-3.7487587928771973,-11.28461503982544,-2.734465643763542,-7.4016969203948975,-5.161640167236328,-6.970396041870117,-5.949613690376282,-9.276122093200684,-7.758656978607178,-9.710283994674683,-8.20998215675354,-8.38084363937378,-17.220595359802246,-10.708739280700684,-3.5431638956069946,-8.16226589679718,-8.710312128067017,False,False,False,False,False,False,False,False,False,False,False,False,False,False,False,True,True,False,False,False,False,False,False,False,False,False,False,False,False,False,False,False,False,False,29.0,40.0,29.0,40.0,40.0,40.0,29.0,40.0,29.0,40.0,29.0,40.0,29.0,40.0,29.0,40.0,29.0,40.0,29.0,40.0,29.0,40.0,29.0,40.0,29.0,40.0,29.0,40.0,40.0,40.0,29.0,40.0,29.0,40.0,644.0,628.0,671.0,671.0,704.0,698.0,725.0,779.0,686.0,667.0,701.0,662.0,671.0,617.0,663.0,-4.5938780307769775,-4.5938780307769775,1.4326171875,3.1612608432769775,0.998455286026001,3.5954227447509766,2.047404646873474,-0.16812443733215332,-4.425753593444824,-1.0651777982711792,-0.34651315212249756,7.165575385093689,1.5065195560455322,6.650937795639038,-5.659055829048157,-3.4900306463241577,-1.1038473844528198,-3.307042360305786,-1.2868356704711914,-3.7383432388305664,-0.8555347919464111,-3.3207106590270996,-1.273167371749878,-8.830687403678894,4.2368093729019165,-10.139823094010353,5.5459450632333755,1.7205114364624023,-6.31438946723938,0.5758757591247559,-5.169753789901733,-0.586338996887207,-4.0075390338897705,2.5464733839035034,2.047404646873474,-0.15840958726817164,0.04940059267241379,0.10900899459575784,1.0,0.0007660699543210739,0.18137976445675721,0.0012911399484872603,0.1798350975096317,0.6336821830519509,0.18061369450243614,0.0,0.0,0.0
qwen2.5-0.5b,toolshed,toolshed-0008-s1-type_swap-3,-9.543769359588623,-4.500091552734375,-8.705023765563965,-3.930493474006653,-11.136608600616455,-13.714738845825195,-11.807543754577637,-7.42951899766922,-10.780980587005615,-7.808907687664032,-12.593653202056885,-9.071385145187378,-13.781064510345459,-9.011858105659485,-3.4148993492126465,-2.277209222316742,-0.9817338585853577,-1.5806272625923157,-10.037673473358154,-4.608332991600037,-12.357975959777832,-7.02816379070282,-10.26632046699524,-7.37785130739212,-8.307030439376831,-9.726836204528809,-8.581360697746277,-10.452786207199097,-10.708739280700684,-8.38084363937378,-8.337572574615479,-3.5431638956069946,-7.650758326053619,-10.609011888504028,False,False,False,False,False,False,False,False,False,False,False,False,False,False,False,False,True,False,False,False,False,False,False,False,False,False,False,False,False,False,False,False,False,False,40.0,40.0,40.0,40.0,29.0,40.0,40.0,40.0,40.0,40.0,40.0,40.0,40.0,40.0,40.0,40.0,40.0,40.0,40.0,40.0,40.0,40.0,40.0,40.0,40.0,40.0,40.0,40.0,29.0,40.0,40.0,40.0,40.0,40.0,645.0,628.0,690.0,690.0,734.0,717.0,763.0,836.0,671.0,683.0,723.0,673.0,690.0,617.0,674.0,3.469971179962158,3.469971179962158,0.03054213523864746,-3.5005133152008057,-0.24378812313079834,-3.22618305683136,-4.156785428524017,1.2061967849731445,2.2637743949890137,-3.8863551020622253,-0.9569276571273804,4.794408679008484,4.378024756908417,5.043677806854248,-0.41638392210006714,4.256080627441406,-0.786109447479248,4.0204033851623535,-0.5504322052001953,1.9287478923797607,1.5412232875823975,5.4434919357299805,-1.9735207557678223,-4.922673225402832,8.39264440536499,-7.355838716030121,10.825809895992279,2.4434080123901367,1.0265631675720215,1.7001008987426758,1.7698702812194824,0.36745119094848633,3.102519989013672,0.6868142485618591,-4.156785428524017,0.08674927949905395,0.0007635533809661865,-0.08751283288002014,0.0,0.008137760361935524,0.012079475478326366,0.006408647187079914,0.8053079647061626,0.9506521283383012,0.0039417151163908416,0.0,0.0,0.0
qwen2.5-0.5b,toolshed,toolshed-0009-s0-hallucinated_entity-2,-16.795408248901367,-8.62044620513916,-15.64385986328125,-4.770033359527588,-23.869217693805695,-29.30976754426956,-12.733695805072784,-13.23995953798294,-12.73369562625885,-13.239954590797424,-13.657535076141357,-13.126942157745361,-12.760780543088913,-13.167785853147507,-7.581421434879303,-9.037359297275543,-1.5774403028190136,-6.440521042793989,-12.641320705413818,-3.384272575378418,-4.830137014389038,-3.3480048179626465,-11.75065803527832,-7.083281517028809,-9.75538158416748,-9.751136779785156,-9.34737777709961,-9.508912086486816,-12.727558821439743,-13.617677420377731,-15.512229651212692,-3.0346247851848602,-3.716295838356018,-3.406140446662903,False,False,False,False,False,False,False,False,False,False,False,False,False,False,False,False,False,False,False,False,False,False,False,False,False,False,False,False,False,False,False,False,False,False,6.0,6.0,6.0,6.0,6.0,7.0,6.0,6.0,6.0,6.0,6.0,6.0,6.0,6.0,6.0,6.0,6.0,6.0,6.0,6.0,6.0,6.0,6.0,6.0,6.0,6.0,6.0,6.0,6.0,7.0,6.0,6.0,6.0,6.0,573.0,559.0,583.0,583.0,593.0,610.0,618.0,653.0,583.0,574.0,595.0,570.0,580.0,548.0,595.0,-2.778533846139908,-2.778533846139908,5.756848067045212,-2.978314220905304,6.164851874113083,-3.386318027973175,-9.017399966716766,1.283178597688675,-4.061712443828583,-10.20533475279808,-5.5858214199543,12.477604866027832,-0.5062637329101562,8.174962043762207,-12.983868598937988,-1.8546945750713348,-0.923839271068573,-10.682092636823654,7.903558790683746,-3.761571615934372,0.9830377697944641,-2.7514491081237793,-0.02708473801612854,-7.930808216333389,5.1522743701934814,-13.934789348393679,11.15625550225377,-2.778534024953842,1.7881393432617188e-07,-2.870908945798874,0.09237509965896606,0.13163021206855774,-2.9101640582084656,11.795933812856674,-9.017399966716766,-0.4630889743566513,0.9594746778408686,-0.49638570348421734,1.0,3.81070733861509e-06,0.623924496322996,0.00028153786123370983,0.49893880049784173,0.42307680997155656,0.6239206856156574,0.0,0.0,0.0
qwen2.5-0.5b,toolshed,toolshed-0009-s1-drop_arg-0,-12.235367178916931,-7.264015555381775,-16.213621616363525,-12.63776159286499,-21.4916353225708,-15.01194441318512,-3.5135022401809692,-4.3150306940078735,-5.362070322036743,-12.870779037475586,-3.348412036895752,-4.6235058307647705,-4.020378112792969,-4.089519500732422,-0.7017824649810791,-3.600133180618286,-0.04439063183963299,-6.603781530633569,-11.939411163330078,-4.505435943603516,-4.051466941833496,-3.7365496158599854,-3.5262457132339478,-6.500548720359802,-5.126583576202393,-16.106271743774414,-5.455479621887207,-16.81479501724243,-25.938817024230957,-23.487318515777588,-15.209836483001709,-12.61974287033081,-10.161667883396149,-27.26662254333496,False,False,False,False,False,False,False,False,False,False,False,False,False,False,True,False,True,False,False,False,False,False,False,False,False,False,False,False,False,False,False,False,False,False,10.0,22.0,10.0,22.0,22.0,23.0,10.0,22.0,10.0,22.0,10.0,22.0,10.0,22.0,10.0,22.0,10.0,22.0,10.0,22.0,10.0,22.0,10.0,22.0,10.0,22.0,10.0,22.0,22.0,23.0,10.0,22.0,10.0,22.0,650.0,634.0,657.0,657.0,671.0,684.0,691.0,725.0,674.0,653.0,677.0,649.0,658.0,623.0,656.0,-11.69633424282074,-11.69633424282074,10.083252906799316,1.6130813360214233,9.754356861114502,1.9419773817062378,6.648165643215179,-2.974469304084778,-8.721864938735962,8.304712176322937,5.355727314949036,2.5900936126708984,-0.8015284538269043,4.971351623535156,-3.3916220664978027,-11.861424446105957,0.16509020328521729,-11.158369541168213,-0.5379647016525269,-11.683590769767761,-0.012743473052978516,-11.18945837020874,-0.5068758726119995,-14.50805401802063,2.81171977519989,-15.165445851162076,3.4691116083413363,-9.847766160964966,-1.848568081855774,-3.270425319671631,-8.425908923149109,1.0037851333618164,-12.700119376182556,5.04816859960556,6.648165643215179,-1.169633424282074,1.0083252906799316,0.16130813360214233,1.0,0.0697773620537677,0.6902964951893653,0.006886023747906634,0.9999829558788084,0.9999999627254369,0.6205191331355976,0.0,0.0,0.0
qwen2.5-0.5b,toolshed,toolshed-0009-s1-readonly_target-3,-43.1759038567543,-6.867775976657867,-51.178553104400635,-12.63776159286499,-22.435958206653595,-26.240137100219727,-4.817590057849884,-16.6325905919075,-12.839443683624268,-14.943378925323486,-1.9359792470932007,-16.2589453458786,-4.602033197879791,-15.612031519412994,-0.19230303540825844,-18.09941416978836,-0.07808599062263966,-17.579475663602352,-44.765452057123184,-4.315031200647354,-5.032696604728699,-13.682176947593689,-5.917611181735992,-15.950202524662018,-8.572251081466675,-13.902322053909302,-15.099608659744263,-10.806715726852417,-15.209853172302246,-25.93883514404297,-53.65811538696289,-12.619756698608398,-3.787770688533783,-13.629182577133179,False,False,False,False,False,False,False,False,False,False,True,False,False,False,True,False,True,False,False,False,False,False,False,False,False,False,False,False,False,False,False,False,False,False,20.0,22.0,20.0,22.0,10.0,22.0,20.0,22.0,20.0,22.0,20.0,22.0,20.0,22.0,20.0,22.0,20.0,22.0,20.0,22.0,20.0,22.0,20.0,22.0,20.0,22.0,20.0,22.0,10.0,22.0,20.0,22.0,20.0,22.0,650.0,634.0,672.0,672.0,696.0,699.0,721.0,770.0,657.0,667.0,682.0,659.0,667.0,623.0,665.0,-48.84052532911301,-48.84052532911301,45.085864305496216,3.7546610236167908,38.55850672721863,10.282018601894379,-1.029819369316101,-10.482211530208588,-38.35831379890442,-4.012833893299103,5.751980721950531,41.03835868835449,-11.815000534057617,36.308127880096436,-52.85335922241211,-51.72213613986969,2.8816108107566833,-48.62541878223419,-0.2151065468788147,-47.7405042052269,-1.1000211238861084,-49.0560821890831,0.21555685997009277,-53.46581235155463,4.625287022441626,-53.58002939634025,4.739504067227244,-40.81867170333862,-8.021853625774384,-8.892663329839706,-39.9478619992733,-2.479562282562256,-46.36096304655075,49.87034469842911,-1.029819369316101,-2.4420262664556502,2.254293215274811,0.18773305118083955,1.0,1.399113589967371e-18,0.9999925844254567,1.7044348811835957e-16,0.9951796223606377,0.9999468006877498,0.9999925844254567,0.0,0.0,0.0
qwen2.5-0.5b,toolshed,toolshed-0010-s1-date_format-3,-17.442065000534058,-1.3232674300670624,-19.553632497787476,-3.226539969444275,-9.789537906646729,-22.11712074279785,-2.6076412200927734,-5.068850994110107,-0.993443489074707,-5.566955268383026,-2.0429676175117493,-5.024840474128723,-1.9197293519973755,-4.03222918510437,-0.5771073922514915,-5.466233491897583,-0.25923193246126175,-6.438892498612404,-14.05387818813324,-2.461312472820282,-3.7156890630722046,-3.4092581272125244,-2.2276484966278076,-4.520432233810425,-16.16422128677368,-19.15225124359131,-15.519932746887207,-17.0013427734375,-6.368474155664444,-11.786495208740234,-16.78627648949623,-0.4030768722295761,-9.169768184423447,-13.515655040740967,False,True,False,False,False,False,False,False,True,False,True,False,True,False,True,False,True,False,False,True,False,False,True,False,False,False,False,False,False,False,False,True,False,False,24.0,24.0,24.0,24.0,11.0,24.0,24.0,24.0,24.0,24.0,24.0,24.0,24.0,24.0,24.0,24.0,24.0,24.0,24.0,24.0,24.0,24.0,24.0,24.0,24.0,24.0,24.0,24.0,11.0,24.0,24.0,24.0,24.0,24.0,610.0,593.0,647.0,647.0,675.0,674.0,712.0,777.0,618.0,635.0,661.0,622.0,650.0,582.0,632.0,-14.178635269403458,-14.178635269403458,0.6220552027225494,13.556580066680908,1.266343742609024,12.912291526794434,6.562126964330673,0.6557885110378265,-14.834423780441284,-4.665774121880531,-0.9201905578374863,16.383199617266655,-2.461209774017334,16.118797570466995,-18.84440939128399,-14.743308871984482,0.5646736025810242,-13.070587426424026,-1.1080478429794312,-14.558627992868423,0.3799927234649658,-14.866547137498856,0.687911868095398,-16.20916909724474,2.030533827841282,-16.52704455703497,2.3484092876315117,-15.792833000421524,1.6141977310180664,-2.7323983013629913,-11.446236968040466,2.7673560082912445,-16.945991277694702,7.616508305072784,6.562126964330673,-0.5907764695584774,0.025918966780106228,0.5648575027783712,1.0,7.651540180444768e-08,0.9207324116442578,9.992982269194902e-08,0.9520304213133682,0.9872058034255763,0.920732335128856,0.0,0.0,0.0
qwen2.5-0.5b,toolshed,toolshed-0010-s1-tool_typo-1,-2.895541191101074,-1.6379473507404327,-10.718996524810791,-3.226539969444275,-9.202759504318237,-14.973366498947144,-6.236790478229523,-3.14641797542572,-7.944770932197571,-2.2910252809524536,-4.8220624923706055,-0.9407365471124649,-4.740931451320648,-2.556500256061554,-5.181234985589981,-1.8174253404140472,-5.711037993431091,-1.4104540646076202,-17.930762767791748,-2.461312472820282,-8.461430788040161,-3.568503260612488,-5.981860458850861,-1.179628312587738,-14.690608024597168,-2.760967254638672,-18.22409439086914,-3.110442042350769,-6.3684903383255005,-15.274080872535706,-11.786508560180664,-0.40307408571243286,-12.792636156082153,-2.0686340928077698,False,True,False,False,False,False,False,True,False,True,False,True,False,True,False,True,False,True,False,True,False,False,False,True,False,False,False,False,False,False,False,True,False,False,24.0,24.0,24.0,24.0,11.0,24.0,24.0,24.0,24.0,24.0,24.0,24.0,24.0,24.0,24.0,24.0,24.0,24.0,24.0,24.0,24.0,24.0,24.0,24.0,24.0,24.0,24.0,24.0,11.0,24.0,24.0,24.0,24.0,24.0,608.0,593.0,637.0,637.0,666.0,664.0,692.0,747.0,618.0,628.0,679.0,622.0,640.0,582.0,620.0,-5.549718081951141,-5.549718081951141,-2.904099464416504,8.453817546367645,-6.437585830688477,11.987303912639618,6.555845677852631,-8.89096736907959,3.3412492871284485,-2.7433438897132874,-1.2348732650279999,11.383434474468231,3.0903725028038025,1.2575938403606415,-8.293061971664429,-6.964446067810059,1.4147279858589172,-3.325077772140503,-2.2246403098106384,-5.8046481013298035,0.2549300193786621,-7.045577108860016,1.4958590269088745,-6.605273574590683,1.0555554926395416,-6.075470566749573,0.5257524847984314,-3.8417376279830933,-1.707980453968048,6.144254207611084,-11.693972289562225,-1.067512035369873,-4.482206046581268,-1.0061275959014893,6.555845677852631,-0.2312382534146309,-0.12100414435068767,0.35224239776531857,1.0,1.1353223282811561e-05,0.043408548332483116,0.2213883772801943,6.592042210917283e-06,2.2009770858129928e-05,0.0433971951092003,0.0,0.0,0.0
qwen2.5-0.5b,toolshed,toolshed-0011-s0-hallucinated_entity-4,-20.8380286693573,-6.383300542831421,-20.17518663406372,-4.613137125968933,-8.122918128967285,-20.87846851348877,-2.9781205654144287,-8.665503025054932,-2.97812756896019,-8.665513753890991,-3.3726808428764343,-8.807511806488037,-3.071021184325218,-8.587108850479126,-1.3857329599559307,-12.94856572151184,-0.29674706468358636,-14.629082560539246,-15.304944515228271,-6.1378092765808105,-3.034864604473114,-12.170327186584473,-3.875198245048523,-8.144195079803467,-12.765130996704102,-18.7820463180542,-12.994080543518066,-13.917266368865967,-18.23640240728855,-9.913815394043922,-19.276761904358864,-1.6570925861597061,-15.977471351623535,-18.751046180725098,False,False,False,False,False,False,False,False,False,False,False,False,False,False,False,False,True,False,False,False,False,False,False,False,False,False,False,False,False,False,False,True,False,False,17.0,17.0,17.0,17.0,12.0,17.0,17.0,17.0,17.0,17.0,17.0,17.0,17.0,17.0,17.0,17.0,17.0,17.0,17.0,17.0,17.0,17.0,17.0,17.0,17.0,17.0,17.0,17.0,12.0,17.0,17.0,17.0,17.0,17.0,574.0,558.0,592.0,592.0,613.0,619.0,637.0,682.0,584.0,585.0,616.0,580.0,594.0,547.0,585.0,-16.298641338944435,-16.298641338944435,6.511630907654762,9.787010431289673,6.282681360840797,10.015959978103638,12.999350786209106,1.561266764998436,-17.85990810394287,-7.0084104388952255,-4.726207956671715,17.619669318199158,-5.687382459640503,14.454728126525879,-23.30705177783966,-15.90408106148243,-0.3945602774620056,-16.24189729988575,-0.0567440390586853,-15.40156365931034,-0.8970776796340942,-16.205740720033646,-0.09290061891078949,-17.891028944402933,1.592387605458498,-18.980014839675277,2.6813735007308424,-16.298634335398674,-7.0035457611083984e-06,-3.9718173891305923,-12.326823949813843,0.8984247297048569,-17.197066068649292,3.2992905527353287,12.999350786209106,-0.958743608173202,0.38303711221498604,0.5757064959582161,1.0,2.2272148663805262e-08,0.9908660756457704,5.277048771863029e-07,0.9975687494689477,0.9412310409946312,0.9908660533736218,0.0,0.0,0.0
qwen2.5-0.5b,toolshed,toolshed-0011-s0-type_swap-3,-10.101977109909058,-5.418684720993042,-11.915117740631104,-4.613137125968933,-14.320415496826172,-14.559976577758789,-4.686177730560303,-6.149009466171265,-4.686183452606201,-6.149009704589844,-3.7295517921447754,-5.127901792526245,-4.518562197685242,-6.1233203411102295,-1.5840127617120743,-4.7336413860321045,-0.42243964597582817,-5.245030969381332,-12.555816650390625,-6.137822866439819,-10.547333240509033,-9.10823392868042,-4.0413965582847595,-6.390129566192627,-21.46145248413086,-18.822298049926758,-14.660431861877441,-16.24244976043701,-18.2364239692688,-9.913818836212158,-10.810112476348877,-1.6570912599563599,-19.150760650634766,-15.866625785827637,False,False,False,False,False,False,False,False,False,False,False,False,False,False,False,False,True,False,False,False,False,False,False,False,False,False,False,False,False,False,False,True,False,False,17.0,17.0,17.0,17.0,12.0,17.0,17.0,17.0,17.0,17.0,17.0,17.0,17.0,17.0,17.0,17.0,17.0,17.0,17.0,17.0,17.0,17.0,17.0,17.0,17.0,17.0,17.0,17.0,12.0,17.0,17.0,17.0,17.0,17.0,575.0,558.0,594.0,594.0,615.0,621.0,641.0,688.0,584.0,587.0,618.0,580.0,596.0,547.0,585.0,-6.123934745788574,-6.123934745788574,-10.651340007781982,16.775274753570557,-3.8503193855285645,9.974254131317139,14.464582920074463,-0.7081353664398193,-5.415799379348755,-4.491918206214905,-3.761593461036682,9.153021216392517,-1.462831735610962,4.683292388916016,-10.615852952003479,-7.080560684204102,0.9566259384155273,-0.26277923583984375,-5.8611555099487305,-6.768715918064117,0.6447811722755432,-6.291550278663635,0.16761553287506104,-9.226099714636803,3.1021649688482285,-10.387672830373049,4.263738084584475,-6.123929023742676,-5.7220458984375e-06,1.745704174041748,-7.869638919830322,1.1050052642822266,-7.228940010070801,-8.340648174285889,14.464582920074463,-0.360231455634622,-0.6265494122224695,0.9867808678570915,1.0,0.00010586068519860569,0.8118882991275915,0.00916376281221654,0.06666062485759683,0.03611948516041159,0.811782438442393,0.0,0.0,0.0
qwen2.5-0.5b,toolshed,toolshed-0011-s1-arg_typo-2,-12.7744682431221,-3.4858723282814026,-16.239472031593323,-5.857751488685608,-10.680530071258545,-17.221572399139404,-2.580890655517578,-6.137792110443115,-3.9255380630493164,-5.442689418792725,-1.8485613465309143,-3.720295011997223,-2.417904257774353,-5.105104327201843,-0.4830739051103592,-3.591644510626793,-0.17030069231987,-5.324211075901985,-12.50377756357193,-2.0310398936271667,-2.4840205907821655,-6.434459447860718,-1.9303749799728394,-5.109422206878662,-4.121920228004456,-16.499889254570007,-5.323290824890137,-13.708841323852539,-16.19387674331665,-17.096698760986328,-16.617979526519775,-5.111248254776001,-5.060746669769287,-16.756272554397583,False,False,False,False,False,False,False,False,False,False,True,False,True,False,True,False,True,False,False,True,True,False,True,False,False,False,False,False,False,False,False,False,False,False,20.0,19.0,20.0,19.0,9.0,19.0,20.0,19.0,20.0,19.0,20.0,19.0,20.0,19.0,20.0,19.0,20.0,19.0,20.0,19.0,20.0,19.0,20.0,19.0,20.0,19.0,20.0,19.0,9.0,19.0,20.0,19.0,20.0,19.0,613.0,596.0,638.0,638.0,663.0,665.0,691.0,744.0,618.0,626.0,653.0,621.0,640.0,585.0,627.0,-14.037088871002197,-14.037088871002197,12.49605929851532,1.5410295724868774,11.294688701629639,2.7424001693725586,2.479856014251709,-3.8435112833976746,-10.193577587604523,-1.0265438556671143,1.6253759264945984,11.506731271743774,-3.556901454925537,9.288595914840698,-15.063632726669312,-14.769418179988861,0.7323293089866638,-14.13395893573761,0.0968700647354126,-14.687604546546936,0.6505156755447388,-14.200075268745422,0.1629863977432251,-16.134905621409416,2.097816750407219,-16.447678834199905,2.410589963197708,-12.692441463470459,-1.3446474075317383,-4.1142019629478455,-9.922886908054352,-0.37850749492645264,-13.658581376075745,11.557232856750488,2.479856014251709,-0.7018544435501098,0.624802964925766,0.07705147862434387,1.0,1.0061815475846896e-05,0.9719767751538382,9.246425843859411e-05,0.9999957896856134,0.9999916690596051,0.9719667133383624,0.0,0.0,0.0
qwen2.5-0.5b,toolshed,toolshed-0012-s0-hallucinated_entity-2,-30.977900505065918,-5.925949573516846,-32.171730041503906,-8.450224161148071,-15.711488723754883,-15.209545135498047,-9.991609573364258,-2.919872470200062,-9.991615295410156,-2.919872470200062,-13.451802730560303,-4.925397012382746,-11.851318836212158,-3.6905412999913096,-3.9754112362861633,-4.033206462860107,-1.875965490937233,-4.018063426017761,-24.019810914993286,-2.767879366874695,-5.301799565553665,-6.103670954704285,-10.324419021606445,-3.267889179289341,-9.569313049316406,-4.90479302406311,-9.173694610595703,-5.821125686168671,-18.630191802978516,-16.237770080566406,-36.24027919769287,-10.740236759185791,-10.935631275177002,-6.725009955465794,False,False,False,False,False,False,False,False,False,False,False,False,False,False,False,False,False,False,False,False,False,False,False,False,False,False,False,False,False,False,False,False,False,False,7.0,9.0,7.0,9.0,9.0,10.0,7.0,9.0,7.0,9.0,7.0,9.0,7.0,9.0,7.0,9.0,7.0,9.0,7.0,9.0,7.0,9.0,7.0,9.0,7.0,9.0,7.0,9.0,9.0,10.0,7.0,9.0,7.0,9.0,574.0,560.0,589.0,589.0,600.0,616.0,629.0,669.0,587.0,577.0,618.0,572.0,589.0,549.0,594.0,-26.248669624328613,-26.248669624328613,26.670966148376465,-0.42229652404785156,27.066584587097168,-0.8179149627685547,0.9440217018127441,-5.262378692626953,-20.98629093170166,7.820364288985729,4.814287185668945,25.50004243850708,7.071737103164196,25.051950931549072,-18.428305335342884,-22.78847646713257,-3.460193157196045,-30.938479632139206,4.689810007810593,-25.915860176086426,-0.3328094482421875,-24.388960361480713,-1.8597092628479004,-32.26486796140671,6.0161983370780945,-34.36431370675564,8.115644082427025,-26.248663902282715,-5.7220458984375e-06,-12.220468282699585,-14.028201341629028,-4.068549156188965,-22.18012046813965,25.30464792251587,0.9440217018127441,-3.749809946332659,3.810138021196638,-0.060328074863978794,1.0,8.38561127104992e-12,0.0008480314145959044,1.3184872957349384e-11,0.009335791950940043,0.014620224444600094,0.0008480314062102931,0.0,0.0,0.0
qwen2.5-0.5b,toolshed,toolshed-0012-s1-arg_typo-1,-9.124484300613403,-3.3041456937789917,-11.072811603546143,-3.8960577249526978,-16.098433256149292,-23.430442571640015,-3.437156915664673,-4.8357932567596436,-8.255847454071045,-7.608230948448181,-4.054359793663025,-4.297431230545044,-3.4516546726226807,-4.452871799468994,-3.0083078145980835,-1.4191341400146484,-1.6605672240257263,-1.1079235672950745,-10.79866075515747,-2.8605856895446777,-4.976739764213562,-8.672772884368896,-4.1666282415390015,-6.132423400878906,-10.40174651145935,-22.87321901321411,-7.618706703186035,-13.483709812164307,-15.793732166290283,-20.83841371536255,-12.45349931716919,-3.7373318672180176,-10.78337025642395,-17.455325603485107,False,False,False,False,False,False,False,False,False,False,False,False,False,False,False,True,False,True,False,False,False,False,False,False,False,False,False,False,False,False,False,False,False,False,10.0,9.0,10.0,9.0,9.0,10.0,10.0,9.0,10.0,9.0,10.0,9.0,10.0,9.0,10.0,9.0,10.0,9.0,10.0,9.0,10.0,9.0,10.0,9.0,10.0,9.0,10.0,9.0,9.0,10.0,10.0,9.0,10.0,9.0,627.0,610.0,642.0,642.0,657.0,669.0,685.0,728.0,637.0,630.0,653.0,625.0,643.0,599.0,630.0,-9.016342401504517,-9.016342401504517,2.051752805709839,6.964589595794678,4.834792613983154,4.181549787521362,7.346213340759277,-3.329015016555786,-5.6873273849487305,-1.098461389541626,0.4331861734390259,8.716167449951172,-1.3986363410949707,5.820338606834412,-10.114803791046143,-8.399139523506165,-0.617202877998352,-7.476759552955627,-1.5395828485488892,-8.286871075630188,-0.7294713258743286,-9.001844644546509,-0.014497756958007812,-9.445191502571106,0.42884910106658936,-10.792932093143463,1.7765896916389465,-4.1976518630981445,-4.818690538406372,-1.6548385620117188,-7.361503839492798,-1.3806877136230469,-7.63565468788147,1.6701290607452393,7.346213340759277,-0.9016342401504517,0.2051752805709839,0.6964589595794678,1.0,0.00016388637683522738,0.8019653661665485,0.002957825776184072,0.9999961655185072,0.9987356795154265,0.8018014797897133,0.0,0.0,0.0
qwen2.5-0.5b,toolshed,toolshed-0012-s2-name_for_email-3,-8.542965173721313,-6.671794652938843,-8.726582169532776,-6.997475743293762,-14.947826385498047,-23.50606346130371,-5.400442600250244,-10.596413612365723,-4.600368142127991,-7.9114813804626465,-4.988929629325867,-10.034768104553223,-4.620280027389526,-9.133392333984375,-1.6125124096870422,-7.44187206029892,-0.3391527831554413,-7.964453548192978,-14.656556844711304,-6.815106391906738,-6.158268928527832,-13.071877479553223,-6.3807244300842285,-10.726454019546509,-13.42185926437378,-22.60252332687378,-11.203863620758057,-19.918620586395264,-14.722548484802246,-22.32606315612793,-13.485644340515137,-9.721446514129639,-8.098468601703644,-15.853776454925537,False,False,False,False,False,False,False,False,False,False,False,False,False,False,True,False,True,False,False,False,False,False,False,False,False,False,False,False,False,False,False,False,False,False,23.0,27.0,23.0,27.0,18.0,27.0,23.0,27.0,23.0,27.0,23.0,27.0,23.0,27.0,23.0,27.0,23.0,27.0,23.0,27.0,23.0,27.0,23.0,27.0,23.0,27.0,23.0,27.0,18.0,27.0,23.0,27.0,23.0,27.0,653.0,637.0,683.0,683.0,710.0,710.0,740.0,797.0,668.0,676.0,695.0,665.0,683.0,626.0,667.0,-8.085201740264893,-8.085201740264893,0.06378507614135742,8.021416664123535,2.28178071975708,5.8034210205078125,2.6980260014533997,-4.942679166793823,-3.1425225734710693,-0.874967098236084,3.049651861190796,3.764197826385498,-5.1959710121154785,1.8711705207824707,-8.960168838500977,-8.49671471118927,0.41151297092437744,-7.327375411987305,-0.7578263282775879,-7.104919910430908,-0.9802818298339844,-8.86536431312561,0.7801625728607178,-11.873131930828094,3.787930190563202,-13.146491557359695,5.061289817094803,-8.885276198387146,0.8000744581222534,1.170912504196167,-9.25611424446106,-4.759062170982361,-3.3261395692825317,5.387175738811493,2.6980260014533997,-0.3515305104462997,0.002773264180059018,0.34875724626624066,1.0,0.022512624462949726,0.9944210622477079,0.13340634161391757,0.9998969985064443,0.9995717212219082,0.9719084377847581,0.0,0.0,0.0
qwen2.5-0.5b,toolshed,toolshed-0013-s1-arg_typo-1,-11.460058212280273,-8.797412872314453,-9.222222328186035,-4.8944002985954285,-9.320467472076416,-13.526091575622559,-12.202259063720703,-3.4066807329654694,-5.6379313468933105,-3.5463902801275253,-11.683455228805542,-4.037464141845703,-11.613733291625977,-4.12495756149292,-6.040623903274536,-2.055008217692375,-3.18278706073761,-0.9143587201833725,-11.85820722579956,-4.906668126583099,-7.4503493309021,-6.267887115478516,-10.517860651016235,-2.7460164427757263,-7.7681543827056885,-11.179991245269775,-7.934366583824158,-10.223777532577515,-11.478574752807617,-15.776135316118598,-3.8933621551841497,-0.5240469481796026,-5.184062272310257,-8.622703075408936,False,False,False,False,False,False,False,False,False,False,False,False,False,False,False,False,False,True,False,False,False,False,False,True,False,False,False,False,False,False,False,True,False,False,8.0,9.0,8.0,9.0,9.0,9.0,8.0,9.0,8.0,9.0,8.0,9.0,8.0,9.0,8.0,9.0,8.0,9.0,8.0,9.0,8.0,9.0,8.0,9.0,8.0,9.0,8.0,9.0,9.0,9.0,8.0,9.0,8.0,9.0,660.0,643.0,673.0,673.0,686.0,700.0,714.0,755.0,670.0,660.0,685.0,656.0,675.0,632.0,657.0,8.308896908536553,8.308896908536553,-3.8747922275215387,-4.434104681015015,-4.041004428640008,-4.267892479896545,-7.018196791410446,7.566696057096124,0.7422008514404297,-2.8826337847858667,-8.27336592413485,3.369315207004547,8.795578330755234,2.6626453399658203,5.426263123750687,7.790093073621392,0.5188038349151611,3.55698717571795,4.7519097328186035,6.624498495832086,1.6843984127044678,7.720371136441827,0.5885257720947266,2.1472617480903864,6.161635160446167,-0.7105750944465399,9.019472002983093,1.7445691917091608,6.564327716827393,7.964845070615411,0.3440518379211426,5.328860173001885,2.980036735534668,-1.2907001171261072,-7.018196791410446,1.0386121135670692,-0.48434902844019234,-0.5542630851268768,0.0,0.0332677560237581,0.0001509642084861889,0.06521388516834166,0.9680724254737946,0.9688905735295971,-0.03311679181527191,0.0,0.0,0.0
qwen2.5-0.5b,toolshed,toolshed-0014-s1-arg_typo-2,-17.501314401626587,-3.7045960426330566,-17.49525737762451,-4.080096483230591,-14.708727359771729,-13.674143314361572,-7.562782287597656,-9.04481029510498,-9.409923076629639,-8.35993206501007,-9.015443325042725,-8.304789781570435,-7.20710414648056,-9.140279293060303,-2.225732207298279,-2.4806082248687744,-1.0727776288986206,-2.6172088980674744,-19.27632761001587,-5.098487734794617,-6.18411648273468,-8.401646852493286,-8.069153308868408,-7.228323221206665,-8.44035291671753,-10.087194442749023,-8.79596745967865,-8.65026044845581,-10.84665036201477,-6.943395137786865,-17.334726572036743,-3.683381199836731,-7.447279572486877,-9.357619285583496,False,False,False,False,False,False,False,False,False,False,False,False,False,False,True,False,True,False,False,False,False,False,False,False,False,False,False,False,False,False,False,False,False,False,40.0,40.0,40.0,40.0,29.0,40.0,40.0,40.0,40.0,40.0,40.0,40.0,40.0,40.0,40.0,40.0,40.0,40.0,40.0,40.0,40.0,40.0,40.0,40.0,40.0,40.0,40.0,40.0,29.0,40.0,40.0,40.0,40.0,40.0,642.0,625.0,686.0,686.0,731.0,713.0,758.0,830.0,668.0,674.0,710.0,670.0,689.0,614.0,671.0,-9.771944284439087,-9.771944284439087,8.894373655319214,0.877570629119873,8.538759112358093,1.2331851720809937,-0.11550271511077881,0.16658782958984375,-9.93853211402893,-5.3614290952682495,-0.021214842796325684,13.651345372200012,-1.4820280075073242,13.79671835899353,-15.133373379707336,-8.319283246994019,-1.4526610374450684,-11.150610089302063,1.378665804862976,-9.265573263168335,-0.506371021270752,-10.127622425556183,0.35567814111709595,-15.108994364738464,5.337050080299377,-16.261948943138123,6.490004658699036,-7.9248034954071045,-1.8471407890319824,1.941601037979126,-11.713545322418213,0.16053080558776855,-9.932475090026855,9.887446999549866,-0.11550271511077881,-0.24429860711097717,0.22235934138298036,0.021939265727996825,1.0,1.1339975736584835e-06,0.812887790310584,1.0189688453265143e-06,0.8384637165924341,0.8710573080408391,0.8128866563130104,0.0,0.0,0.0
qwen2.5-0.5b,toolshed,toolshed-0014-s1-date_format-4,-17.98295021057129,-3.963308572769165,-19.086639404296875,-4.080096483230591,-15.623296737670898,-17.64511013031006,-6.364634096622467,-9.653966426849365,-9.04047840833664,-11.943252563476562,-8.830590009689331,-11.952016353607178,-7.709255158901215,-10.638576745986938,-1.0595569461584091,-4.67566579580307,-0.44463396817445755,-5.350105971097946,-24.360307216644287,-5.098487734794617,-7.535740256309509,-9.004509687423706,-6.084479242563248,-9.736342430114746,-8.303731560707092,-12.643171787261963,-8.264682412147522,-12.392199039459229,-10.846641063690186,-6.9433979988098145,-19.316026210784912,-3.683376908302307,-7.148388028144836,-13.332826137542725,False,False,False,False,False,False,False,False,False,False,False,False,False,False,True,False,True,False,False,False,False,False,False,False,False,False,False,False,False,False,False,False,False,False,40.0,40.0,40.0,40.0,29.0,40.0,40.0,40.0,40.0,40.0,40.0,40.0,40.0,40.0,40.0,40.0,40.0,40.0,40.0,40.0,40.0,40.0,40.0,40.0,40.0,40.0,40.0,40.0,29.0,40.0,40.0,40.0,40.0,40.0,641.0,625.0,694.0,694.0,738.0,721.0,774.0,854.0,668.0,683.0,708.0,670.0,698.0,614.0,671.0,-12.951392114162445,-12.951392114162445,11.01229465007782,1.9390974640846252,11.05134379863739,1.900048315525055,0.7837539315223694,-1.333076000213623,-11.618316113948822,-5.970589518547058,-0.2799316644668579,15.632649302482605,-3.289332330226898,14.019641637802124,-18.921981632709503,-10.485436201095581,-2.465955913066864,-11.780285954475403,-1.1711061596870422,-13.231546968221664,0.28015485405921936,-11.606771051883698,-1.3446210622787476,-18.256469264626503,5.305077150464058,-18.871392242610455,5.9200001284480095,-10.275547802448273,-2.6758443117141724,5.044281005859375,-17.99567312002182,-0.2293868064880371,-12.722005307674408,12.167638182640076,0.7837539315223694,-0.32378480285406114,0.2753073662519455,0.048477436602115634,1.0,1.5636635015404182e-07,0.9639607554165623,8.153548227131758e-07,0.9871241229734486,0.9979429806209853,0.9639605990502121,0.0,0.0,0.0
qwen2.5-0.5b,toolshed,toolshed-0014-s1-hallucinated_entity-5,-23.663110971450806,-4.03804624080658,-26.95677947998047,-4.080096483230591,-14.277335166931152,-18.60493564605713,-10.4718599319458,-10.931078433990479,-11.058093547821045,-9.222202062606812,-10.580445766448975,-8.787071228027344,-10.90065336227417,-10.461989879608154,-3.0232651233673096,-3.3415567874908447,-0.954075425863266,-5.565174400806427,-25.49131155014038,-5.098487734794617,-11.434732913970947,-9.873159646987915,-14.31744384765625,-12.872331619262695,-8.483144044876099,-10.29564619064331,-8.354481935501099,-11.524269580841064,-10.846641063690186,-6.9433979988098145,-27.674014568328857,-3.683376908302307,-7.586665868759155,-11.944056034088135,False,False,False,False,False,False,False,False,False,False,False,False,False,False,False,False,True,False,False,False,False,False,False,False,False,False,False,False,False,False,False,False,False,False,39.0,40.0,39.0,40.0,29.0,40.0,39.0,40.0,39.0,40.0,39.0,40.0,39.0,40.0,39.0,40.0,39.0,40.0,39.0,40.0,39.0,40.0,39.0,40.0,39.0,40.0,39.0,40.0,29.0,40.0,39.0,40.0,39.0,40.0,639.0,625.0,694.0,694.0,737.0,721.0,774.0,854.0,668.0,679.0,749.0,669.0,696.0,614.0,670.0,-17.202154636383057,-17.202154636383057,19.19087052345276,-1.9887158870697021,19.31953263282776,-2.117377996444702,-2.8851940631866455,-4.010903596878052,-13.191251039505005,-7.247701525688171,-0.35466933250427246,23.99063766002655,-0.45921850204467773,19.625064730644226,-24.449856162071228,-17.093568801879883,-0.10858583450317383,-16.23928165435791,-0.9628729820251465,-13.356570720672607,-3.845583915710449,-16.773361206054688,-0.42879343032836914,-24.650749444961548,7.448594808578491,-26.71993914246559,9.517784506082535,-16.615921020507812,-0.5862336158752441,-2.1827030181884766,-15.01945161819458,-0.7172350883483887,-16.484919548034668,20.087348699569702,-2.8851940631866455,-0.44108088811238605,0.49207360316545534,-0.050992715053069286,1.0,3.6670357467484e-11,0.6044781664355774,2.9987666974812753e-09,0.8596640093793363,0.9873502846933744,0.6044781663989071,0.0,0.0,0.0
qwen2.5-0.5b,toolshed,toolshed-0015-s1-drop_arg-0,-12.46658992767334,-7.49389123916626,-16.134662628173828,-11.956840515136719,-20.180054664611816,-14.19431759417057,-3.323612466454506,-3.6525468975305557,-4.991177320480347,-10.366770505905151,-3.1785425543785095,-3.621504008769989,-3.934424102306366,-3.6956304907798767,-0.7048092931509018,-3.187273785471916,-0.048014137893915176,-6.4956012312322855,-11.976754188537598,-3.7412641644477844,-3.977407217025757,-3.666041851043701,-3.312883734703064,-5.527259945869446,-5.265506386756897,-12.530977010726929,-5.406375288963318,-13.811195850372314,-24.45004653930664,-23.59741449356079,-15.885804653167725,-12.600718021392822,-10.419832587242126,-22.454628944396973,False,False,False,False,False,False,False,False,False,False,False,False,False,False,True,False,True,False,False,False,False,False,False,False,False,False,False,False,False,False,False,False,False,False,10.0,22.0,10.0,22.0,22.0,23.0,10.0,22.0,10.0,22.0,10.0,22.0,10.0,22.0,10.0,22.0,10.0,22.0,10.0,22.0,10.0,22.0,10.0,22.0,10.0,22.0,10.0,22.0,22.0,23.0,10.0,22.0,10.0,22.0,652.0,636.0,659.0,659.0,673.0,686.0,693.0,727.0,676.0,655.0,679.0,651.0,660.0,625.0,658.0,-12.562192186713219,-12.562192186713219,10.620298266410828,1.941893920302391,10.479429364204407,2.082762822508812,7.0962201207876205,-3.4192147254943848,-9.142977461218834,8.948171123862267,5.1068267822265625,3.2850866317749023,-0.3289344310760498,4.97269868850708,-3.614021062850952,-12.707262098789215,0.1450699120759964,-11.908397436141968,-0.6537947505712509,-12.57292091846466,0.010728731751441956,-11.951380550861359,-0.61081163585186,-15.180995360016823,2.618803173303604,-15.83779051527381,3.2755983285605907,-10.894627332687378,-1.6675648540258408,-3.909050464630127,-8.653141722083092,0.24885797500610352,-12.811050161719322,5.465972065925598,7.0962201207876205,-1.256219218671322,1.0620298266410828,0.1941893920302391,1.0,0.036085532811924996,0.5814936417953105,0.006876817817226909,0.9993012165417887,0.9999940659421737,0.5454081089833855,0.0,0.0,0.0
qwen2.5-0.5b,toolshed,toolshed-0016-s0-tool_typo-0,-7.74413800239563,-4.112996220588684,-11.199676513671875,-4.861114978790283,-13.335008144378662,-22.43295431137085,-3.9588446617126465,-5.284376621246338,-3.9588505029678345,-5.284367084503174,-1.948717474937439,-2.500629484653473,-4.255396366119385,-5.147518754005432,-2.16461780667305,-2.7540422677993774,-0.4146551117300987,-2.7056107968091965,-8.714956283569336,-3.0355666875839233,-4.202491283416748,-1.964278519153595,-5.356261730194092,-4.489053249359131,-20.39576530456543,-25.297606468200684,-19.97520351409912,-22.93149757385254,-7.729449205100536,-34.997898034751415,-10.382002353668213,-3.692303590476513,-18.597562789916992,-20.91450023651123,False,False,False,False,False,False,False,False,False,False,True,False,False,False,False,False,True,False,False,False,False,False,False,False,False,False,False,False,False,False,False,False,False,False,9.0,9.0,9.0,9.0,10.0,10.0,9.0,9.0,9.0,9.0,9.0,9.0,9.0,9.0,9.0,9.0,9.0,9.0,9.0,9.0,9.0,9.0,9.0,9.0,9.0,9.0,9.0,9.0,10.0,10.0,9.0,9.0,9.0,9.0,584.0,570.0,597.0,597.0,611.0,624.0,635.0,673.0,602.0,589.0,639.0,584.0,594.0,559.0,582.0,-6.423157691955566,-6.423157691955566,-10.013762950897217,16.436920642852783,-9.593201160430908,16.016358852386475,14.638718128204346,-2.637864351272583,-3.7852933406829834,-1.592073030769825,-0.4206926301121712,6.6896987631917,-1.3255319595336914,3.631141781806946,-8.015230722725391,-8.433284878730774,2.0101271867752075,-6.179511070251465,-0.24364662170410156,-5.025740623474121,-1.3974170684814453,-6.126605987548828,-0.2965517044067383,-8.217384546995163,1.7942268550395966,-9.967347241938114,3.5441895499825478,-6.423151850700378,-5.841255187988281e-06,-1.667046070098877,-4.7561116218566895,0.8176741600036621,-7.2408318519592285,-8.21556043624878,14.638718128204346,-0.713684187995063,-1.1126403278774686,1.8263245158725314,1.0,0.0012205984989888633,0.7900477187283175,0.0258025222936776,0.9926219548565897,0.910270110192793,0.7888271202293287,0.0,0.0,0.0
qwen2.5-0.5b,toolshed,toolshed-0016-s1-arg_typo-2,-13.057738363742828,-1.0813578814268112,-16.546132564544678,-3.0271215587854385,-3.9251818656921387,-20.751001358032227,-6.506676912307739,-2.298385262489319,-4.044322669506073,-2.026379644870758,-5.719903588294983,-1.5408048927783966,-5.718901991844177,-1.263768881559372,-4.133494853973389,-1.300149142742157,-2.580510675907135,-0.7567850053310394,-13.512229084968567,-2.500773012638092,-6.205757141113281,-2.7112444043159485,-8.16383969783783,-2.344234824180603,-17.767288208007812,-16.164076328277588,-16.347402572631836,-12.63902759552002,-6.307649701833725,-11.85680627822876,-15.053624719381332,-0.620591014623642,-12.896845817565918,-8.711042761802673,False,True,False,False,False,False,False,True,False,True,False,True,False,True,False,True,False,True,False,True,False,False,False,True,False,False,False,False,False,False,False,True,False,False,25.0,25.0,25.0,25.0,12.0,25.0,25.0,25.0,25.0,25.0,25.0,25.0,25.0,25.0,25.0,25.0,25.0,25.0,25.0,25.0,25.0,25.0,25.0,25.0,25.0,25.0,25.0,25.0,12.0,25.0,25.0,25.0,25.0,25.0,615.0,597.0,644.0,644.0,674.0,671.0,702.0,760.0,623.0,631.0,660.0,627.0,644.0,586.0,638.0,-8.546947807073593,-8.546947807073593,-2.71366348862648,11.260611295700073,-1.2937778532505035,9.840725660324097,6.390168905258179,-1.995886355638504,-6.551061451435089,-1.6777942478656769,-0.46076686680316925,14.43303370475769,4.20829164981842,11.976380482316017,-10.22474205493927,-9.33372113108635,0.7867733240127563,-8.847867578268051,0.300919771194458,-6.889785021543503,-1.6571627855300903,-9.334722727537155,0.787774920463562,-10.920129865407944,2.3731820583343506,-12.473114043474197,3.9261662364006042,-11.00930204987526,2.4623542428016663,-1.5413956344127655,-7.005552172660828,1.4925078451633453,-10.039455652236938,2.1567789018154144,6.390168905258179,-0.34187791228294373,-0.1085465395450592,0.45042445182800295,1.0,5.374494102253879e-07,0.012276196740626858,6.291023553655179e-06,0.1675331889640311,0.014982108893734603,0.012275659291216632,0.0,0.0,0.0
qwen2.5-0.5b,toolshed,toolshed-0016-s1-tool_typo-1,-2.6698050498962402,-1.5260278582572937,-10.760931491851807,-3.0271215587854385,-8.615274906158447,-14.080482006072998,-6.019434154033661,-2.528071403503418,-6.637768864631653,-1.271166205406189,-4.839162468910217,-0.8764389529824257,-4.96682995557785,-2.0687620639801025,-5.468926429748535,-1.6173263490200043,-5.931714773178101,-1.1970880627632141,-17.90891170501709,-2.500773012638092,-8.157089352607727,-3.5726141333580017,-5.724618822336197,-1.104319989681244,-13.891539096832275,-2.101309359073639,-17.987717628479004,-3.27893328666687,-6.307646632194519,-15.053618311882019,-11.856797218322754,-0.6205842792987823,-11.9637610912323,-1.9888984858989716,False,True,False,False,False,False,False,True,False,True,False,True,False,True,False,True,False,True,False,True,False,False,False,True,False,False,False,False,False,False,False,True,False,False,25.0,25.0,25.0,25.0,12.0,25.0,25.0,25.0,25.0,25.0,25.0,25.0,25.0,25.0,25.0,25.0,25.0,25.0,25.0,25.0,25.0,25.0,25.0,25.0,25.0,25.0,25.0,25.0,12.0,25.0,25.0,25.0,25.0,25.0,612.0,597.0,642.0,642.0,672.0,669.0,698.0,754.0,623.0,633.0,684.0,627.0,646.0,586.0,625.0,-5.837363064289093,-5.837363064289093,-2.0347418785095215,7.8721049427986145,-6.13092041015625,11.968283474445343,5.944326937198639,-9.186992168426514,3.3496291041374207,-1.9074871242046356,-0.9054435789585114,11.236212939023972,3.491362750530243,1.1437771916389465,-7.744850188493729,-7.017634749412537,1.1802716851234436,-3.699707865715027,-2.137655198574066,-6.132178395986557,0.294815331697464,-6.889967262744904,1.0526041984558105,-6.387870788574219,0.5505077242851257,-5.925082445144653,0.0877193808555603,-5.219028353691101,-0.6183347105979919,6.052114486694336,-11.889477550983429,-1.0958657264709473,-4.741497337818146,-0.1069638729095459,5.944326937198639,-0.23349452257156372,-0.08138967514038085,0.3148841977119446,1.0,1.3143142427066192e-05,0.029493691266028365,0.24162753921587682,7.578181339156606e-06,4.6553463186325455e-05,0.029480548123601298,0.0,0.0,0.0
qwen2.5-0.5b,toolshed,toolshed-0017-s0-drop_arg-0,-19.62761104106903,-4.4595948457717896,-19.756697177886963,-4.69848096370697,-15.411660194396973,-18.114572525024414,-5.5541077852249146,-6.86965012550354,-5.554099917411804,-6.869629859924316,-5.116811037063599,-5.487855911254883,-4.735901236534119,-6.029580116271973,-1.613330066204071,-5.141939640045166,-0.3827415658161044,-6.428492307662964,-14.77194368839264,-1.981782078742981,-6.44096827507019,-6.430819153785706,-4.6875293254852295,-5.3905029296875,-13.732439994812012,-15.610598087310791,-15.424156665802002,-17.15492010116577,-9.631648898124695,-14.397776484489441,-18.257893443107605,-1.6207797527313232,-15.486281394958496,-17.327423095703125,False,False,False,False,False,False,False,False,False,False,False,False,False,False,False,False,True,False,False,False,False,False,False,False,False,False,False,False,False,False,False,True,False,False,12.0,17.0,12.0,17.0,17.0,17.0,12.0,17.0,12.0,17.0,12.0,17.0,12.0,17.0,12.0,17.0,12.0,17.0,12.0,17.0,12.0,17.0,12.0,17.0,12.0,17.0,12.0,17.0,17.0,17.0,12.0,17.0,12.0,17.0,574.0,558.0,584.0,584.0,600.0,611.0,621.0,658.0,593.0,580.0,609.0,575.0,583.0,547.0,580.0,-12.70378565788269,-12.70378565788269,4.525453448295593,8.178332209587097,2.833736777305603,9.870048880577087,9.932173609733582,1.3697175979614258,-14.073503255844116,-5.248870372772217,-2.8388150930404663,16.63711369037628,-1.3155423402786255,15.168016195297241,-17.952656030654907,-13.141082406044006,0.4372967481613159,-11.816925168037415,-0.8868604898452759,-13.570364117622375,0.8665784597396851,-13.521992206573486,0.8182065486907959,-16.644563376903534,3.9407777190208435,-17.8751518772915,5.17136621940881,-12.7037935256958,7.867813110351562e-06,-3.485949754714966,-9.217835903167725,1.498803734779358,-14.202589392662048,2.771612048149109,9.932173609733582,-1.0586488048235576,0.37712112069129944,0.6815276841322581,1.0,5.949055032497377e-08,0.7884043900501093,2.5859144480529284e-07,0.8673994178793301,0.8630836784136162,0.7884043305595589,0.0,0.0,0.0
qwen2.5-0.5b,toolshed,toolshed-0017-s0-type_swap-3,-10.998695731163025,-5.000404715538025,-12.65512990951538,-4.69848096370697,-14.831851482391357,-14.926973819732666,-6.874713659286499,-6.430874347686768,-6.87470006942749,-6.430856943130493,-4.491148233413696,-5.287196636199951,-6.490716457366943,-6.488875865936279,-1.947416990995407,-4.652026414871216,-0.492866113781929,-5.147752970457077,-12.784021854400635,-6.869633913040161,-11.460876941680908,-9.071514129638672,-4.86361300945282,-6.428670406341553,-16.46126937866211,-17.167943954467773,-15.63327932357788,-17.797947883605957,-18.257904887199402,-9.631633639335632,-11.577265620231628,-1.620790958404541,-18.793557167053223,-17.47100067138672,False,False,False,False,False,False,False,False,False,False,False,False,False,False,False,False,True,False,False,False,False,False,False,False,False,False,False,False,False,False,False,True,False,False,17.0,17.0,17.0,17.0,12.0,17.0,17.0,17.0,17.0,17.0,17.0,17.0,17.0,17.0,17.0,17.0,17.0,17.0,17.0,17.0,17.0,17.0,17.0,17.0,17.0,17.0,17.0,17.0,12.0,17.0,17.0,17.0,17.0,17.0,575.0,558.0,594.0,594.0,615.0,621.0,641.0,688.0,584.0,587.0,618.0,580.0,590.0,547.0,585.0,-4.702551960945129,-4.702551960945129,-4.884003758430481,9.58655571937561,-4.056013703346252,8.758565664291382,11.918843507766724,-0.5785698890686035,-4.123982071876526,-4.810083389282227,-3.379613757133484,9.956474661827087,0.44383931159973145,5.998291015625,-9.512635350227356,-7.086117386817932,2.3835654258728027,-0.11638867855072021,-4.586163282394409,-6.713652610778809,2.011100649833679,-5.086549162864685,0.38399720191955566,-9.629848629236221,4.927296668291092,-11.0843995064497,6.38184754550457,-4.702565550804138,1.3589859008789062e-05,1.2067562341690063,-5.909308195114136,1.0778642892837524,-5.780416250228882,-7.216291546821594,11.918843507766724,-0.2766207035850076,-0.28729433873120475,0.5639150423162124,1.0,4.740163131221492e-05,0.3907244303467228,0.00247684196856221,0.6696659466881778,0.2103932736646875,0.39067702871541055,0.0,0.0,0.0
qwen2.5-0.5b,toolshed,toolshed-0017-s1-drop_arg-0,-9.767564684152603,-3.090442568063736,-16.241950750350952,-5.6969006061553955,-17.771109580993652,-12.423599660396576,-3.467141568660736,-2.1400954127311707,-1.5563092827796936,-4.418322026729584,-3.5005877017974854,-2.8266223669052124,-3.860772132873535,-2.3501627445220947,-0.5241894349455833,-2.0671143755316734,-0.04108059499412775,-6.941700419411063,-13.8252432346344,-4.465886473655701,-2.8071444034576416,-1.9356749057769775,-2.4807353615760803,-2.584158957004547,-3.3182387351989746,-10.449628353118896,-1.0530433654785156,-8.625122547149658,-17.133305072784424,-17.495208740234375,-16.83134174346924,-5.122419595718384,-9.362280488014221,-12.951951503753662,False,False,False,False,False,False,False,True,True,False,False,False,False,False,True,False,True,False,False,False,False,True,False,False,False,False,True,False,False,False,False,False,False,False,9.0,20.0,9.0,20.0,20.0,21.0,9.0,20.0,9.0,20.0,9.0,20.0,9.0,20.0,9.0,20.0,9.0,20.0,9.0,20.0,9.0,20.0,9.0,20.0,9.0,20.0,9.0,20.0,20.0,21.0,9.0,20.0,9.0,20.0,613.0,597.0,619.0,619.0,632.0,646.0,652.0,685.0,635.0,615.0,639.0,611.0,621.0,586.0,617.0,-13.364200174808502,-13.364200174808502,13.513103008270264,-0.14890283346176147,15.778298377990723,-2.4140982031822205,5.895138919353485,-7.063777059316635,-6.300423115491867,2.982324182987213,2.031977027654648,11.708922147750854,1.3270461559295654,6.677122116088867,-10.381875991821289,-13.330754041671753,-0.03344613313674927,-14.024197340011597,0.6599971652030945,-14.350606381893158,0.9864062070846558,-12.970569610595703,-0.3936305642127991,-16.307152308523655,2.9429521337151527,-16.79026114847511,3.4260609736666083,-15.275032460689545,1.9108322858810425,-3.006098508834839,-10.358101665973663,-0.5893909931182861,-12.774809181690216,7.469061255455017,5.895138919353485,-1.484911130534278,1.501455889807807,-0.016544759273529053,1.0,8.219997297899833e-06,0.20964269304546207,0.0012578130748741923,0.9992010313950274,0.9731342816052541,0.20963447304816418,0.0,0.0,0.0
qwen2.5-0.5b,toolshed,toolshed-0018-s2-arg_typo-2,-22.85396546125412,-9.907881438732147,-25.585277318954468,-11.991910696029663,-5.600285291671753,-17.36739420890808,-5.8266730308532715,-3.4975926280021667,-5.772278070449829,-6.488753080368042,-6.444080591201782,-4.71389764547348,-5.42575740814209,-3.2069548964500427,-1.73586106300354,-2.9691295623779297,-0.7214652299880981,-3.1362920105457306,-22.832361936569214,-10.163933038711548,-6.906039476394653,-4.669888854026794,-7.279850721359253,-4.364233016967773,-6.0561559200286865,-7.390800476074219,-6.046221017837524,-8.22721529006958,-14.101805210113525,-25.398780345916748,-24.843204021453857,-13.473095417022705,-7.551759958267212,-6.915842711925507,False,False,False,False,False,False,False,False,False,False,False,False,False,False,True,False,True,False,False,False,False,False,False,False,False,False,False,False,False,False,False,False,False,False,29.0,28.0,29.0,28.0,18.0,28.0,29.0,28.0,29.0,28.0,29.0,28.0,29.0,28.0,29.0,28.0,29.0,28.0,29.0,28.0,29.0,28.0,29.0,28.0,29.0,28.0,29.0,28.0,18.0,28.0,29.0,28.0,29.0,28.0,663.0,646.0,696.0,696.0,730.0,723.0,757.0,818.0,677.0,684.0,715.0,680.0,698.0,635.0,687.0,-19.016530990600586,-19.016530990600586,18.78704810142517,0.22948288917541504,18.796983003616333,0.21954798698425293,1.7250869274139404,-1.9892385601997375,-17.02729243040085,9.975502789020538,3.565213978290558,11.370108604431152,2.3290804028511047,12.946084022521973,-9.041028201580048,-18.399123430252075,-0.6174075603485107,-17.937164545059204,-1.0793664455413818,-17.563353300094604,-1.4531776905059814,-19.417446613311768,0.40091562271118164,-23.107342958450317,4.0908119678497314,-24.12173879146576,5.105207800865173,-19.07092595100403,0.05439496040344238,-2.0108420848846436,-17.005688905715942,0.7420732975006104,-19.758604288101196,17.291444063186646,1.7250869274139404,-0.6557424479517443,0.64782924487673,0.007913203075014311,1.0,7.523122478265729e-06,0.07985583876116222,2.3855367463548966e-06,0.7916078610469102,0.3461700336365064,0.07984831563868396,0.0,0.0,0.0
qwen2.5-0.5b,toolshed,toolshed-0018-s2-name_for_email-3,-14.943182110786438,-10.009594082832336,-16.211525678634644,-11.991910696029663,-10.513061761856079,-18.0627019405365,-6.010515451431274,-6.000018835067749,-6.462161540985107,-5.360543251037598,-6.765334367752075,-6.2635657787323,-5.802631616592407,-5.226651668548584,-2.197279393672943,-2.799411952495575,-0.6514302343130112,-2.384067103266716,-16.57556700706482,-10.163933038711548,-5.31141471862793,-5.542182683944702,-6.888422727584839,-7.936026573181152,-5.155124187469482,-9.380764484405518,-6.077693462371826,-9.57161569595337,-14.101832389831543,-25.39878559112549,-18.923176765441895,-13.473105430603027,-6.546534568071365,-9.26786756515503,False,False,False,False,False,False,False,False,False,False,False,False,False,False,True,False,True,False,False,False,False,False,False,False,False,False,False,False,False,False,False,False,False,False,25.0,28.0,25.0,28.0,18.0,28.0,25.0,28.0,25.0,28.0,25.0,28.0,25.0,28.0,25.0,28.0,25.0,28.0,25.0,28.0,25.0,28.0,25.0,28.0,25.0,28.0,25.0,28.0,18.0,28.0,25.0,28.0,25.0,28.0,662.0,646.0,695.0,695.0,724.0,722.0,755.0,815.0,677.0,688.0,707.0,676.0,699.0,635.0,680.0,-12.91266131401062,-12.91266131401062,13.768052577972412,-0.855391263961792,12.845483303070068,0.06717801094055176,0.5360191166400909,-3.9799946546554565,-8.932666659355164,7.473086595535278,3.463511347770691,5.450071334838867,0.01049661636352539,4.933588027954102,-5.439574718475342,-12.15784239768982,-0.7548189163208008,-13.611762046813965,0.6991007328033447,-12.034754037857056,-0.8779072761535645,-13.120545148849487,0.2078838348388672,-16.72589737176895,3.8132360577583313,-18.271746531128883,5.359085217118263,-12.461015224456787,-0.451646089553833,-2.347609758377075,-10.565051555633545,-2.711651086807251,-10.20101022720337,12.37664219737053,0.5360191166400909,-0.5165064525604248,0.5507221031188965,-0.03421565055847168,1.0,0.002794012782342725,0.4946482823934317,0.007149142581698671,0.9855945761383759,0.9382737808372017,0.491854269611089,0.0,0.0,0.0
qwen2.5-0.5b,toolshed,toolshed-0018-s2-tool_typo-1,-14.13870370388031,-10.71562135219574,-22.421918630599976,-11.991910696029663,-11.951160430908203,-16.633676528930664,-7.175985813140869,-2.530339688062668,-15.543045997619629,-8.66653859615326,-5.1177263259887695,-2.2495157718658447,-6.016969799995422,-1.6341053247451782,-4.522400259971619,-0.8472253382205963,-3.768933445215225,-0.9459818303585052,-22.106308698654175,-10.163933038711548,-6.702315092086792,-5.675868988037109,-11.476868629455566,-5.254599779844284,-8.840558052062988,-6.41823410987854,-8.743129014968872,-6.644614219665527,-14.101832389831543,-24.843199729919434,-25.39878559112549,-13.473105430603027,-13.761148929595947,-9.39710247516632,False,False,False,False,False,False,False,False,False,False,False,True,False,False,False,True,False,True,False,False,False,False,False,False,False,False,False,False,False,False,False,False,False,False,28.0,28.0,28.0,28.0,18.0,29.0,28.0,28.0,28.0,28.0,28.0,28.0,28.0,28.0,28.0,28.0,28.0,28.0,28.0,28.0,28.0,28.0,28.0,28.0,28.0,28.0,28.0,28.0,18.0,29.0,28.0,28.0,28.0,28.0,660.0,646.0,692.0,692.0,725.0,719.0,749.0,806.0,677.0,684.0,734.0,679.0,688.0,635.0,677.0,-18.22279977798462,-18.22279977798462,16.5582275390625,1.6645722389221191,16.655656576156616,1.567143201828003,6.585163116455078,-11.260081887245178,-6.962717890739441,10.94276574254036,2.7574840784072876,11.925680160522461,4.645646125078201,3.4230823516845703,-7.28003403544426,-20.28105926513672,2.0582594871520996,-18.696470499038696,0.47367072105407715,-13.921916961669922,-4.300882816314697,-19.381815791130066,1.1590160131454468,-20.87638533115387,2.6535855531692505,-21.629852145910263,3.407052367925644,-9.85573959350586,-8.36706018447876,-3.2924768924713135,-14.930322885513306,-2.9768669605255127,-15.245932817459106,11.637636661529541,6.585163116455078,-0.650814277785165,0.5913652692522321,0.05944900853293283,1.0,4.316373961653346e-06,0.009511205802883978,0.03158182024033726,0.08148614806408824,0.012566849371026041,0.009506889428922324,0.0,0.0,0.0
qwen2.5-0.5b,toolshed,toolshed-0019-s0-tool_typo-0,-11.398343086242676,-10.9436936378479,-11.43036413192749,-7.741862535476685,-9.521324753761292,-19.204658150672913,-6.966888070106506,-2.049067497253418,-6.966897130012512,-2.0490795969963074,-6.543273329734802,-2.222685992717743,-6.674513459205627,-2.042121320962906,-5.237478673458099,-0.3866542801260948,-4.320193685591221,-0.13639044016599655,-6.7805622816085815,-2.0597845315933228,-5.501883506774902,-3.274403691291809,-9.659513473510742,-4.485770583152771,-9.25791597366333,-4.203768014907837,-9.539358139038086,-4.747191905975342,-21.21730136871338,-28.025307655334473,-18.431944847106934,-12.613113403320312,-10.267821788787842,-6.673392295837402,False,False,False,False,False,False,False,True,False,True,False,False,False,True,False,True,False,True,False,True,False,False,False,False,False,False,False,False,False,False,False,False,False,False,15.0,15.0,15.0,15.0,15.0,15.0,15.0,15.0,15.0,15.0,15.0,15.0,15.0,15.0,15.0,15.0,15.0,15.0,15.0,15.0,15.0,15.0,15.0,15.0,15.0,15.0,15.0,15.0,15.0,15.0,15.0,15.0,15.0,15.0,574.0,560.0,593.0,593.0,613.0,620.0,637.0,681.0,596.0,585.0,635.0,580.0,596.0,549.0,578.0,-11.465056777000427,-11.465056777000427,9.174028873443604,2.2910279035568237,8.892586708068848,2.5724700689315796,3.3009337186813354,-7.033601760864258,-4.431455016136169,10.564045906066895,1.669419765472412,5.818831443786621,4.917820572853088,0.4546494483947754,-0.9010108709335327,-11.888671517372131,0.4236147403717041,-12.930061340332031,1.465004563331604,-8.772431373596191,-2.692625403404236,-11.757431387901306,0.2923746109008789,-13.194466173648834,1.729409396648407,-14.111751161515713,2.6466943845152855,-11.465047717094421,-9.059906005859375e-06,-11.651382565498352,0.1863257884979248,-7.001580715179443,-4.463476061820984,8.164123058319092,3.3009337186813354,-0.7643371184666952,0.6116019248962402,0.15273519357045492,1.0,0.002961731864572959,0.007257837254065446,0.3882558883883289,0.006342321072341609,0.026741592687666318,0.0042961053894924875,0.0,0.0,0.0
qwen2.5-0.5b,toolshed,toolshed-0019-s1-arg_typo-1,-11.419195175170898,-8.724181413650513,-9.367592811584473,-5.009937107563019,-9.416571855545044,-13.426420211791992,-11.610442161560059,-3.280524581670761,-5.61781907081604,-3.5096860080957413,-11.330913066864014,-4.073087841272354,-11.204510688781738,-3.955994099378586,-5.764768123626709,-1.974732130765915,-3.0867220163345337,-0.8732246607542038,-11.593449115753174,-4.649643838405609,-7.062718749046326,-6.135765910148621,-10.188372373580933,-2.6517932415008545,-7.7695552110672,-11.345982789993286,-8.008516192436218,-10.476829767227173,-11.397158145904541,-15.848567835986614,-3.8356481716036797,-0.5380987450480461,-5.3673147559165955,-8.808037281036377,False,False,False,False,False,False,False,False,False,False,False,False,False,False,False,False,False,True,False,False,False,False,False,True,False,False,False,False,False,False,False,True,False,False,8.0,9.0,8.0,9.0,9.0,9.0,8.0,9.0,8.0,9.0,8.0,9.0,8.0,9.0,8.0,9.0,8.0,9.0,8.0,9.0,8.0,9.0,8.0,9.0,8.0,9.0,8.0,9.0,9.0,9.0,8.0,9.0,8.0,9.0,661.0,644.0,674.0,674.0,687.0,701.0,715.0,756.0,671.0,661.0,686.0,657.0,676.0,633.0,658.0,7.774793989956379,7.774793989956379,-3.93390703946352,-3.840886950492859,-4.172868020832539,-3.6019259691238403,-6.243127405643463,7.583547003567219,0.19124698638916016,-2.742425836622715,-8.186082668602467,3.2975494265556335,8.329917579889297,2.6950137615203857,5.032368153333664,7.495264895260334,0.2795290946960449,3.227070577442646,4.547723412513733,6.352724201977253,1.422069787979126,7.368862517178059,0.4059314727783203,1.9291199520230293,5.84567403793335,-0.748926155269146,8.523720145225525,1.7821708992123604,5.9926230907440186,7.757800944149494,0.016993045806884766,5.531944639980793,2.242849349975586,-1.5316665843129158,-6.243127405643463,0.9718492487445474,-0.49173837993294,-0.48011086881160736,0.0,0.03565468520773408,0.0002406039143424033,0.0632682245261495,0.9727858677924315,0.9689532588149007,-0.03541408129339167,0.0,0.0,0.0
qwen2.5-0.5b,toolshed,toolshed-0019-s1-hallucinated_entity-2,-20.349345684051514,-8.406035661697388,-18.824355125427246,-5.009937107563019,-8.361206531524658,-12.615558624267578,-4.273656249046326,-3.8212047815322876,-8.15738844871521,-3.905694358050823,-5.84127950668335,-4.1453845500946045,-3.576578974723816,-2.768445372581482,-1.1959923207759857,-3.5766401290893555,-0.4538690000772476,-4.246432304382324,-15.500422477722168,-4.649643838405609,-4.567791700363159,-4.596007585525513,-5.074214577674866,-4.887899279594421,-8.778535962104797,-8.330199480056763,-8.681331753730774,-8.899971604347229,-11.397162914276123,-3.8356442600488663,-15.848568215966225,-0.5380968004465103,-4.406057253479958,-7.200087070465088,False,False,False,False,False,False,False,False,False,False,False,False,False,False,True,False,True,False,False,False,False,False,False,False,False,False,False,False,False,False,False,True,False,False,9.0,9.0,9.0,9.0,9.0,8.0,9.0,9.0,9.0,9.0,9.0,9.0,9.0,9.0,9.0,9.0,9.0,9.0,9.0,9.0,9.0,9.0,9.0,9.0,9.0,9.0,9.0,9.0,9.0,8.0,9.0,9.0,9.0,9.0,658.0,644.0,675.0,675.0,688.0,702.0,717.0,759.0,671.0,664.0,691.0,658.0,675.0,633.0,659.0,-11.574911966919899,-11.574911966919899,7.070032253861427,4.504879713058472,7.167236462235451,4.407675504684448,0.1324010044336319,4.500777468085289,-16.075689435005188,-3.2831079810857773,-7.867938861250877,15.310471415519714,0.4524514675140381,11.943310022354126,-14.858019948005676,-10.007288709282875,-1.567623257637024,-11.280776515603065,-0.2941354513168335,-10.774353638291359,-0.80055832862854,-12.271989241242409,0.6970772743225098,-14.652575895190239,3.07766392827034,-15.394699215888977,3.819787248969078,-7.691179767251015,-3.8837321996688843,-0.3481457382440567,-11.226766228675842,2.9757869094610214,-14.55069887638092,11.442510962486267,0.1324010044336319,-1.2861013296577666,0.7855591393179364,0.5005421903398302,1.0,2.1625733398015007e-07,0.38622263868577994,6.502547564015733e-06,0.3897563550659024,0.9423523527389207,0.38622242242844596,0.0,0.0,0.0
qwen2.5-0.5b,toolshed,toolshed-0020-s0-tool_typo-0,-12.956900596618652,-7.22224497795105,-16.031167030334473,-8.908921718597412,-13.596512794494629,-24.729634284973145,-8.46000862121582,-3.4118646383285522,-8.460022926330566,-3.4118808805942535,-7.844822883605957,-2.7167032957077026,-7.029049634933472,-3.2992860078811646,-9.140943765640259,-3.594007655978203,-5.950995087623596,-1.2843036763370037,-12.915115356445312,-4.912091434001923,-8.202742099761963,-4.9815607368946075,-11.634564876556396,-6.316531598567963,-7.128003120422363,-7.190443515777588,-9.808221340179443,-10.345568656921387,-17.186198234558105,-35.824928283691406,-16.789937019348145,-10.164433002471924,-10.518812656402588,-9.844151020050049,False,False,False,False,False,False,False,False,False,False,False,False,False,False,False,False,False,True,False,False,False,False,False,False,False,False,False,False,False,False,False,False,False,False,11.0,11.0,11.0,11.0,12.0,7.0,11.0,11.0,11.0,11.0,11.0,11.0,11.0,11.0,11.0,11.0,11.0,11.0,11.0,11.0,11.0,11.0,11.0,11.0,11.0,11.0,11.0,11.0,12.0,7.0,11.0,11.0,11.0,11.0,592.0,578.0,607.0,607.0,623.0,634.0,647.0,687.0,612.0,599.0,649.0,594.0,603.0,567.0,592.0,-8.329928398132324,-8.329928398132324,9.661933898925781,-1.332005500793457,6.981715679168701,1.348212718963623,2.0588040351867676,-3.833036422729492,-4.496891975402832,6.752568364143372,2.942188024520874,6.625504016876221,5.048143982887268,5.7346556186676025,-1.5773600339889526,-8.945114135742188,0.6151857376098633,-8.587194919586182,0.2572665214538574,-5.155372142791748,-3.174556255340576,-9.760887384414673,1.4309589862823486,-7.648993253707886,-0.6809351444244385,-10.838941931724548,2.509013533592224,-8.329914093017578,-1.430511474609375e-05,-3.874821662902832,-4.455106735229492,-0.7587699890136719,-7.571158409118652,6.271124362945557,2.0588040351867676,-0.7572662180120294,0.878357627175071,-0.12109140916304155,1.0,0.0013231765964857342,0.006380031787610637,0.0032215830744476677,0.5156050290904131,0.33745380958524673,0.005056855191124903,0.0,0.0,0.0
qwen2.5-0.5b,toolshed,toolshed-0020-s1-hallucinated_entity-5,-23.659456729888916,-4.745733022689819,-25.980379581451416,-4.330429553985596,-14.23281717300415,-19.43889570236206,-9.957040786743164,-11.668243885040283,-9.21413278579712,-10.677561283111572,-10.66508150100708,-10.145509719848633,-10.055999279022217,-11.361411571502686,-3.9405805468559265,-5.043704450130463,-1.3426128029823303,-6.288386404514313,-26.709648609161377,-5.432635307312012,-11.587870597839355,-10.236500978469849,-11.896774291992188,-14.259169578552246,-8.526610016822815,-10.071741580963135,-8.768126964569092,-11.933225631713867,-10.436069011688232,-8.862565517425537,-26.196937561035156,-3.690784990787506,-7.6518063843250275,-11.84001874923706,False,False,False,False,False,False,False,False,False,False,False,False,False,False,False,False,True,False,False,False,False,False,False,False,False,False,False,False,False,False,False,False,False,False,39.0,41.0,39.0,41.0,29.0,41.0,39.0,41.0,39.0,41.0,39.0,41.0,39.0,41.0,39.0,41.0,39.0,41.0,39.0,41.0,39.0,41.0,39.0,41.0,39.0,41.0,39.0,41.0,29.0,41.0,39.0,41.0,39.0,41.0,647.0,633.0,702.0,702.0,745.0,729.0,782.0,862.0,676.0,687.0,759.0,677.0,704.0,622.0,678.0,-16.239896774291992,-16.239896774291992,17.67032754421234,-1.4304307699203491,17.428810596466064,-1.1889138221740723,-2.3052344024181366,-2.5374808311462402,-13.702415943145752,-7.977458894252777,-1.0549480319023132,22.50615257024765,-1.7112030982971191,18.913723707199097,-24.21735566854477,-15.531856060028076,-0.708040714263916,-14.6090669631958,-1.6308298110961914,-14.300163269042969,-1.9397335052490234,-16.14093828201294,-0.09895849227905273,-22.25635701417923,6.0164602398872375,-24.854324758052826,8.614427983760834,-16.982804775238037,0.7429080009460449,0.5127110481262207,-16.752607822418213,-0.21655797958374023,-16.023338794708252,18.54513117671013,-2.3052344024181366,-0.41640760959723055,0.4530853216464703,-0.03667771204923972,1.0,1.670078864064357e-10,0.8370822071551322,6.1076502432325444e-09,0.8242094658185652,0.9850534053185201,0.8370822069881243,0.0,0.0,0.0
qwen2.5-0.5b,toolshed,toolshed-0020-s1-type_swap-3,-9.881702661514282,-4.618542671203613,-9.401466846466064,-4.330429553985596,-10.799427509307861,-12.66441535949707,-11.86341905593872,-7.502226710319519,-11.096602439880371,-8.303208589553833,-12.959798336029053,-9.150965988636017,-13.515695095062256,-8.93145889043808,-3.9788719415664673,-2.3988341093063354,-1.363460749387741,-1.6399849355220795,-11.537108898162842,-5.432635307312012,-13.443971157073975,-7.1516711711883545,-10.528316974639893,-7.737031072378159,-8.649319887161255,-9.755083560943604,-8.877150535583496,-10.52760362625122,-10.436066627502441,-8.862600803375244,-9.067519664764404,-3.69078528881073,-7.785665988922119,-10.365541696548462,False,False,False,False,False,False,False,False,False,False,False,False,False,False,False,False,True,False,False,False,False,False,False,False,False,False,False,False,False,False,False,False,False,False,41.0,41.0,41.0,41.0,29.0,41.0,41.0,41.0,41.0,41.0,41.0,41.0,41.0,41.0,41.0,41.0,41.0,41.0,41.0,41.0,41.0,41.0,41.0,41.0,41.0,41.0,41.0,41.0,29.0,41.0,41.0,41.0,41.0,41.0,650.0,633.0,696.0,696.0,741.0,723.0,770.0,844.0,676.0,689.0,730.0,679.0,696.0,622.0,680.0,2.7958993911743164,2.7958993911743164,0.4181997776031494,-3.214099168777466,0.1903691291809082,-2.9862685203552246,-4.077753067016602,0.8141829967498779,1.9817163944244385,-3.811441421508789,-0.9277573823928833,5.376734375953674,4.361192345619202,5.263159990310669,-1.0155420303344727,3.8922786712646484,-1.096379280090332,4.37645149230957,-1.580552101135254,1.4607973098754883,1.3351020812988281,4.448175430297852,-1.6522760391235352,-5.088647723197937,7.884547114372253,-7.704058915376663,10.49995830655098,2.029082775115967,0.7668166160583496,2.4695892333984375,0.3263101577758789,0.33394718170166016,2.4619522094726562,1.2818536758422852,-4.077753067016602,0.06819266807742236,0.010199994575686572,-0.07839266265310892,0.0,0.004570454513559024,0.012092293768273294,0.005152230561290122,0.7513384859972768,0.9295551305800528,0.00752183925471427,0.0,0.0,0.0
qwen2.5-0.5b,toolshed,toolshed-0021-s0-hallucinated_entity-2,-18.122965812683105,-7.88772439956665,-17.479418754577637,-5.6263508796691895,-25.827240079641342,-31.96431741118431,-12.186885923147202,-15.493188947439194,-12.18688616156578,-15.493167251348495,-11.750720977783203,-13.082412719726562,-12.358393251895905,-15.146503984928131,-6.039765700697899,-10.744267329573631,-0.42195838689804077,-8.255865544080734,-13.49133038520813,-3.0340245962142944,-5.735139191150665,-2.2522976994514465,-10.402430772781372,-2.1147948503494263,-11.131025314331055,-11.03403091430664,-10.085042953491211,-10.705780029296875,-12.96554446220398,-16.157222509384155,-18.527374029159546,-4.400492906570435,-4.714894771575928,-2.835559606552124,False,False,False,False,False,False,False,False,False,False,False,False,False,False,False,False,True,False,False,False,False,True,False,True,False,False,False,False,False,False,False,False,False,False,6.0,6.0,6.0,6.0,6.0,7.0,6.0,6.0,6.0,6.0,6.0,6.0,6.0,6.0,6.0,6.0,6.0,6.0,6.0,6.0,6.0,6.0,6.0,6.0,6.0,6.0,6.0,6.0,6.0,7.0,6.0,6.0,6.0,6.0,573.0,559.0,583.0,583.0,593.0,610.0,618.0,653.0,583.0,574.0,595.0,570.0,580.0,548.0,595.0,-6.340488106012344,-6.340488106012344,7.396348714828491,-1.0558606088161469,8.442331075668335,-2.1018429696559906,-7.471991151571274,-0.40440821647644043,-5.936079889535904,-11.09269604086876,-3.487231492996216,14.126881122589111,-3.306303024291992,10.235241413116455,-17.433184146881104,-6.776653051376343,0.4361649453639984,-12.79223483800888,6.451746731996536,-8.124943256378174,1.7844551503658295,-6.168980777263641,-0.171507328748703,-12.487608328461647,6.147120222449303,-18.105415642261505,11.76492753624916,-6.340487867593765,-2.384185791015625e-07,-5.036043643951416,-1.3044444620609283,-1.0479552745819092,-5.292532831430435,13.812479257583618,-7.471991151571274,-1.056748017668724,1.2327247858047485,-0.17597676813602448,1.0,7.322965183026538e-07,0.9646432986139036,3.588190976754355e-05,0.47577039285366596,0.1324652565220377,0.9646425663173853,0.0,0.0,0.0
qwen2.5-0.5b,toolshed,toolshed-0021-s1-drop_arg-0,-11.7980375289917,-7.516934394836426,-15.982838153839111,-11.761914730072021,-21.647172927856445,-15.650558859109879,-3.5638085901737213,-4.5704993307590485,-5.883819580078125,-12.100754737854004,-3.2386372685432434,-4.67880517244339,-4.04207170009613,-4.490937352180481,-0.5238978862762451,-4.392443031072617,-0.040364270098507404,-7.845891233533621,-11.747267961502075,-3.6726799607276917,-4.239159822463989,-4.595330238342285,-3.378396987915039,-6.68172287940979,-5.1790913343429565,-12.070105075836182,-4.9846214056015015,-12.970890522003174,-25.43853187561035,-23.03515625,-15.56118392944336,-12.753059387207031,-10.62515139579773,-21.635879516601562,False,False,False,False,False,False,False,False,False,False,False,False,False,True,True,False,True,False,False,False,False,False,False,False,False,False,False,False,False,False,False,False,False,False,10.0,22.0,10.0,22.0,22.0,23.0,10.0,22.0,10.0,22.0,10.0,22.0,10.0,22.0,10.0,22.0,10.0,22.0,10.0,22.0,10.0,22.0,10.0,22.0,10.0,22.0,10.0,22.0,22.0,23.0,10.0,22.0,10.0,22.0,652.0,636.0,659.0,659.0,673.0,686.0,693.0,727.0,676.0,655.0,679.0,651.0,660.0,625.0,658.0,-11.997375339269638,-11.997375339269638,10.382092595100403,1.6152827441692352,10.576562523841858,1.4208128154277802,7.061342805624008,-3.76314640045166,-8.234228938817978,8.182560056447983,5.2361249923706055,2.808124542236328,-1.0066907405853271,4.281103134155273,-3.8148152828216553,-12.322546660900116,0.3251713216304779,-11.32202410697937,-0.6753512322902679,-12.18278694152832,0.18541160225868225,-11.519112229347229,-0.47826310992240906,-15.037286043167114,3.039910703897476,-15.520819659344852,3.523444320075214,-9.677364349365234,-2.3200109899044037,-3.813915967941284,-8.183459371328354,0.42165422439575195,-12.41902956366539,4.93603253364563,7.061342805624008,-1.1997375339269638,1.0382092595100403,0.16152827441692352,1.0,0.05688471364629794,0.7323689934235265,0.013638810896224075,0.998984150537141,0.9999834767924014,0.6754842797772285,0.0,0.0,0.0
qwen2.5-0.5b,toolshed,toolshed-0021-s1-readonly_target-3,-34.530209481716156,-6.974603593349457,-44.92379426956177,-11.761914730072021,-22.018713176250458,-26.388772010803223,-2.095800817012787,-16.553651988506317,-10.212752342224121,-12.75030517578125,-1.275714635848999,-15.978020966053009,-1.9990078806877136,-15.370691120624542,-0.1919807456433773,-18.141945227980614,-0.07726252730935812,-17.631347432732582,-38.014556773006916,-4.570491679012775,-2.3361247777938843,-13.17659342288971,-2.5886462926864624,-15.738030791282654,-7.118282318115234,-12.599426746368408,-11.547131061553955,-11.264068603515625,-15.561176300048828,-25.438538551330566,-49.595035552978516,-12.7530517578125,-3.065922439098358,-11.213456869125366,False,False,False,False,False,False,False,False,False,False,True,False,False,False,True,False,True,False,False,False,True,False,False,False,False,False,False,False,False,False,False,False,False,False,20.0,22.0,20.0,22.0,10.0,22.0,20.0,22.0,20.0,22.0,20.0,22.0,20.0,22.0,20.0,22.0,20.0,22.0,20.0,22.0,20.0,22.0,20.0,22.0,20.0,22.0,20.0,22.0,10.0,22.0,20.0,22.0,20.0,22.0,652.0,636.0,674.0,674.0,698.0,701.0,723.0,772.0,659.0,669.0,684.0,661.0,670.0,625.0,667.0,-47.49923473596573,-47.49923473596573,42.47675323486328,5.0224815011024475,38.04790449142456,9.451330244541168,0.9701216220855713,-15.06482607126236,-32.43440866470337,-3.800600230693817,5.778448164463043,36.841983795166016,-14.45785117149353,27.5556058883667,-51.299834966659546,-48.31932091712952,0.8200861811637878,-47.25891077518463,-0.2403239607810974,-47.00638926029205,-0.49284547567367554,-47.5960276722908,0.09679293632507324,-49.40305480733514,1.9038200713694096,-49.51777302566916,2.0185382897034287,-39.382283210754395,-8.116951525211334,-11.5804787799716,-35.91875595599413,-4.671241283416748,-42.82799345254898,46.52911311388016,0.9701216220855713,-2.3749617367982863,2.1238376617431642,0.25112407505512235,1.0,9.425238078221443e-17,0.9999994716861076,1.078331811025379e-12,0.9958527107104556,0.999710635620781,0.9999994716861075,0.0,0.0,0.0
qwen2.5-0.5b,toolshed,toolshed-0022-s0-hallucinated_entity-2,-32.53553307056427,-4.536585688591003,-32.113810539245605,-4.601459980010986,-10.911083221435547,-18.09620475769043,-5.390901982784271,-6.285986542701721,-5.39090621471405,-6.2859718799591064,-3.5934687852859497,-2.4250237941741943,-5.977107584476471,-6.0613327622413635,-0.8616674728691578,-3.962260067462921,-0.31108422204852104,-4.788464903831482,-26.8138210773468,-3.605166643857956,-1.9399049133062363,-4.847992181777954,-3.9437125623226166,-5.98537540435791,-10.623932838439941,-11.332589387893677,-10.59031343460083,-11.517869234085083,-10.329902648925781,-8.284897085279226,-32.485854383558035,-3.1122872792184353,-5.496735692024231,-5.098074436187744,False,False,False,False,False,False,False,False,False,False,False,False,False,False,True,False,True,False,False,False,False,False,False,False,False,False,False,False,False,False,False,False,False,False,10.0,9.0,10.0,9.0,9.0,10.0,10.0,9.0,10.0,9.0,10.0,9.0,10.0,9.0,10.0,9.0,10.0,9.0,10.0,9.0,10.0,9.0,10.0,9.0,10.0,9.0,10.0,9.0,9.0,10.0,10.0,9.0,10.0,9.0,584.0,570.0,605.0,605.0,619.0,632.0,651.0,697.0,597.0,593.0,640.0,585.0,601.0,559.0,588.0,-27.094952400773764,-27.094952400773764,21.861921545118093,5.23303085565567,21.895540948957205,5.199411451816559,0.10583370923995972,0.04967868700623512,-27.14463108778,-3.173699263483286,-1.4242984093725681,29.3735671043396,-0.89508455991745,27.998947381973267,-30.26865166425705,-28.892385598272085,1.7974331974983215,-30.5459494702518,3.450997069478035,-28.54214182123542,1.4471894204616547,-26.508746799081564,-0.5862056016921997,-31.624186910688877,4.5292345099151134,-32.174770161509514,5.07981776073575,-27.094948168843985,-4.231929779052734e-06,-5.672033306211233,-21.42291909456253,-0.37204384431242943,-26.722908556461334,26.989118691533804,0.10583370923995972,-2.709495240077376,2.1861921545118093,0.523303085565567,1.0,1.7396017652830764e-13,0.7079239029068849,6.921682161070373e-13,0.6701042384201056,0.4016340300114897,0.7079239029067109,0.0,0.0,0.0
qwen2.5-0.5b,toolshed,toolshed-0022-s1-date_format-3,-14.530681014060974,-1.2641089856624603,-16.574069023132324,-3.1145022213459015,-9.863909721374512,-23.2821626663208,-2.540080726146698,-5.039743185043335,-0.8422939479351044,-5.785396695137024,-2.1047388315200806,-5.417974472045898,-1.8322321772575378,-4.0177247524261475,-0.7158555053174496,-5.820288598537445,-0.3914086986333132,-6.736015766859055,-12.733670949935913,-2.5852588415145874,-2.992955803871155,-2.9800862073898315,-2.121979057788849,-4.372745990753174,-11.017729878425598,-13.991376399993896,-8.135390520095825,-10.42191219329834,-7.360343098640442,-11.49670934677124,-14.21207058429718,-0.8344617784023285,-9.348388485610485,-13.999556541442871,False,True,False,False,False,False,False,False,True,False,True,False,True,False,True,False,True,False,False,False,False,False,True,False,False,False,False,False,False,False,False,True,False,False,25.0,25.0,25.0,25.0,12.0,25.0,25.0,25.0,25.0,25.0,25.0,25.0,25.0,25.0,25.0,25.0,25.0,25.0,25.0,25.0,25.0,25.0,25.0,25.0,25.0,25.0,25.0,25.0,12.0,25.0,25.0,25.0,25.0,25.0,614.0,597.0,652.0,652.0,681.0,679.0,718.0,784.0,623.0,640.0,666.0,627.0,654.0,586.0,637.0,-11.671989858150482,-11.671989858150482,3.194340705871582,8.4776491522789,6.076680064201355,5.595309793949127,6.808307759463787,0.31861042976379395,-11.990600287914276,-4.2052814066410065,-0.42964720726013184,13.377608805894852,-2.499662458896637,13.266572028398514,-15.877271264791489,-12.1073317527771,0.43534189462661743,-11.219114780426025,-0.4528750777244568,-12.090091526508331,0.4181016683578491,-12.379838407039642,0.7078485488891602,-13.49621507897973,1.8242252208292484,-13.820661885663867,2.148672027513385,-13.369776636362076,1.6977867782115936,-1.478399634361267,-10.193590223789215,2.361998438835144,-14.033988296985626,4.863682098686695,6.808307759463787,-0.4668795943260193,0.12777362823486327,0.339105966091156,1.0,1.5471474364415565e-06,0.9235551743427602,1.731411199343515e-06,0.9513692641461496,0.9905399080741987,0.9235536271953239,0.0,0.0,0.0
qwen2.5-0.5b,toolshed,toolshed-0023-s1-readonly_target-3,-27.51354017853737,-3.207677274942398,-33.37858295440674,-5.787089586257935,-23.160864233970642,-21.305301666259766,-2.5154443979263306,-14.035431265830994,-2.7535954415798187,-5.694584131240845,-1.8957958817481995,-10.835010051727295,-2.174259305000305,-12.771007418632507,-0.07826306391507387,-16.579227969050407,-0.10234843799844384,-11.879883505403996,-31.273721575737,-2.060559868812561,-2.332270562648773,-13.166318714618683,-2.705453932285309,-12.513461768627167,-7.872075289487839,-11.520146578550339,-7.557170808315277,-11.974256932735443,-16.780370712280273,-18.072880744934082,-34.45384883880615,-5.147559404373169,-3.9815505146980286,-13.12073802947998,False,False,False,False,False,False,False,False,False,False,False,False,False,False,True,False,True,False,False,True,False,False,False,False,False,False,False,False,False,False,False,False,False,False,17.0,18.0,17.0,18.0,9.0,18.0,17.0,18.0,17.0,18.0,17.0,18.0,17.0,18.0,17.0,18.0,17.0,18.0,17.0,18.0,17.0,18.0,17.0,18.0,17.0,18.0,17.0,18.0,9.0,18.0,17.0,18.0,17.0,18.0,611.0,595.0,630.0,630.0,651.0,657.0,676.0,722.0,617.0,625.0,640.0,617.0,626.0,584.0,622.0,-31.938404440879822,-31.938404440879822,26.581773549318314,5.356630891561508,26.896678030490875,5.0417264103889465,1.466106116771698,-6.940308660268784,-24.998095780611038,-8.887871861457825,1.9398821294307709,29.306289434432983,-11.519986867904663,24.30586290359497,-40.82627630233765,-32.55805295705795,0.6196485161781311,-32.12157827615738,0.18317383527755737,-31.748394906520844,-0.19000953435897827,-32.27958953380585,0.3411850929260254,-34.37558577489108,2.4371813340112567,-34.35150040080771,2.4130959599278867,-31.700253397226334,-0.23815104365348816,-3.180127263069153,-28.75827717781067,-1.075265884399414,-30.863138556480408,30.472298324108124,1.466106116771698,-1.8787296729929306,1.563633738195195,0.3150959347977358,1.0,1.8725581089521408e-13,0.9999900624700637,2.780339713428171e-11,0.9746196314309291,0.9998926369937503,0.9999900624698764,0.0,0.0,0.0
qwen2.5-0.5b,toolshed,toolshed-0024-s1-hallucinated_entity-2,-20.984200477600098,-5.535440921783447,-20.298727989196777,-5.890991926193237,-31.49583673477173,-22.11486291885376,-5.7072083950042725,-11.830563068389893,-5.595708683133125,-14.743204593658447,-7.459134817123413,-10.836719512939453,-5.928351163864136,-11.553046941757202,-1.351869136095047,-9.231603980064392,-2.633327040821314,-10.807926654815674,-21.24497652053833,-3.033493220806122,-6.816133677959442,-11.879544734954834,-5.1853625774383545,-7.483378648757935,-5.892713278532028,-13.835816860198975,-4.798688292503357,-13.305063247680664,-18.65466022491455,-15.253068923950195,-20.937175750732422,-7.106363534927368,-9.369065284729004,-16.99031925201416,False,False,False,False,False,False,False,False,False,False,False,False,False,False,True,False,False,False,False,False,False,False,False,False,False,False,False,False,False,False,False,False,False,False,10.0,9.0,10.0,9.0,9.0,10.0,10.0,9.0,10.0,9.0,10.0,9.0,10.0,9.0,10.0,9.0,10.0,9.0,10.0,9.0,10.0,9.0,10.0,9.0,10.0,9.0,10.0,9.0,9.0,10.0,10.0,9.0,10.0,9.0,622.0,608.0,643.0,643.0,657.0,670.0,689.0,735.0,635.0,631.0,675.0,623.0,641.0,597.0,628.0,-15.22996735572815,-15.22996735572815,15.044462472200394,0.18550488352775574,16.138487458229065,-0.9085201025009155,3.6618568897247314,0.04702472686767578,-15.276992082595825,-4.724199533462524,1.570922613143921,13.830812215805054,-6.12335467338562,15.44875955581665,-19.954166889190674,-13.478040933609009,-1.7519264221191406,-14.12104207277298,-1.1089252829551697,-15.751813173294067,0.521845817565918,-15.008824586868286,-0.22114276885986328,-19.585306614637375,4.3553392589092255,-18.303848709911108,3.0738813541829586,-15.341467067599297,0.11149971187114716,0.3078007698059082,-15.537768125534058,-0.6384477615356445,-14.591519594192505,11.568110466003418,3.6618568897247314,-1.522996735572815,1.5044462472200393,0.018550488352775573,1.0,9.845191414914484e-07,0.9978136226365729,1.9529399421758877e-07,0.9996450233769814,0.9995103128178018,0.9978126381174314,0.0,0.0,0.0
qwen2.5-0.5b,toolshed,toolshed-0024-s2-drop_arg-0,-13.393464803695679,-12.09437346458435,-14.06579840183258,-13.514168381690979,-19.840895652770996,-20.664109230041504,-4.1893086433410645,-7.569157123565674,-8.193380355834961,-13.63808536529541,-5.140172481536865,-8.00530195236206,-3.5911927223205566,-6.9023401737213135,-1.7359819412231445,-6.182983756065369,-0.4615003764629364,-6.859523504972458,-11.69175124168396,-3.7207900285720825,-3.2089496850967407,-7.006660103797913,-5.36844801902771,-7.679646253585815,-6.578586101531982,-12.551214218139648,-6.020770311355591,-11.775125503540039,-25.37354838848114,-25.94702136516571,-14.203838229179382,-14.779664874076843,-6.067865610122681,-12.831007957458496,False,False,False,False,False,False,False,False,False,False,False,False,False,False,False,False,True,False,False,False,False,False,False,False,False,False,False,False,False,False,False,False,False,False,17.0,29.0,17.0,29.0,29.0,30.0,17.0,29.0,17.0,29.0,17.0,29.0,17.0,29.0,17.0,29.0,17.0,29.0,17.0,29.0,17.0,29.0,17.0,29.0,17.0,29.0,17.0,29.0,29.0,30.0,17.0,29.0,17.0,29.0,654.0,638.0,668.0,668.0,689.0,695.0,709.0,750.0,685.0,664.0,691.0,660.0,670.0,627.0,667.0,-10.014529585838318,-10.014529585838318,7.6252521276474,2.389277458190918,8.183067917823792,1.8314616680145264,1.8785569667816162,-0.8103734254837036,-9.204156160354614,7.210507750511169,2.6852914094924927,-0.5758266448974609,-3.3798484802246094,1.2990913391113281,-2.8040218353271484,-9.063665747642517,-0.9508638381958008,-10.994888544082642,0.9803589582443237,-8.835390210151672,-1.1791393756866455,-10.612645506858826,0.5981159210205078,-12.467856287956238,2.45332670211792,-13.742337852716446,3.727808266878128,-6.010457873344421,-4.0040717124938965,-2.5120869874954224,-7.5024425983428955,-0.13803982734680176,-9.876489758491516,8.135972619056702,1.8785569667816162,-0.5890899756375481,0.4485442428027882,0.14054573283475988,1.0,0.6400975234494964,0.9670685655532427,0.21431798281589384,0.9974589360673279,0.9988457416613984,0.3269710421037463,0.0,0.0,0.0
qwen2.5-0.5b,toolshed,toolshed-0024-s2-name_for_email-3,-18.88760095834732,-12.224038183689117,-19.758402466773987,-13.514168381690979,-12.002860069274902,-19.498716354370117,-5.247871398925781,-7.210531234741211,-1.5040850043296814,-4.609260201454163,-5.038853287696838,-6.924618244171143,-4.3747169971466064,-5.956712245941162,-1.7200561165809631,-4.502104341983795,-0.32395249605178833,-4.991164222359657,-15.626696109771729,-7.569138526916504,-6.582582473754883,-8.339546203613281,-7.818806409835815,-9.622560024261475,-11.322836875915527,-15.350445747375488,-12.339438915252686,-17.295695781707764,-14.203838229179382,-25.37354838848114,-21.911876559257507,-14.779664874076843,-6.538240671157837,-10.510034084320068,False,False,False,False,False,False,False,False,True,False,False,False,False,False,True,False,True,False,False,False,False,False,False,False,False,False,False,False,False,False,False,False,False,False,25.0,29.0,25.0,29.0,17.0,29.0,25.0,29.0,25.0,29.0,25.0,29.0,25.0,29.0,25.0,29.0,25.0,29.0,25.0,29.0,25.0,29.0,25.0,29.0,25.0,29.0,25.0,29.0,17.0,29.0,25.0,29.0,25.0,29.0,654.0,638.0,686.0,686.0,715.0,713.0,745.0,804.0,668.0,679.0,698.0,668.0,683.0,627.0,670.0,-16.664005160331726,-16.664005160331726,10.58903968334198,6.074965476989746,9.572437644004822,7.091567516326904,1.2903692722320557,-3.0242756009101868,-13.63972955942154,7.569133639335632,2.555626690387726,7.132211685180664,-1.9626598358154297,6.663562774658203,-9.094871520996094,-16.87302327156067,0.20901811122894287,-15.329294085502625,-1.3347110748291016,-14.093070149421692,-2.570935010910034,-17.5371595621109,0.8731544017791748,-20.191820442676544,3.527815282344818,-21.58792406320572,4.923918902873993,-20.407791554927826,3.7437863945961,-6.285180449485779,-10.378824710845947,-2.1534740924835205,-14.510531067848206,15.37363588809967,1.2903692722320557,-0.6665602064132691,0.4235615873336792,0.24299861907958983,1.0,0.0002874517687919738,0.8759252277857693,0.0012749624515553937,0.9824950029443037,0.9815087523917835,0.8756377760169773,0.0,0.0,0.0
qwen2.5-0.5b,toolshed,toolshed-0025-s0-date_format-3,-26.52583360671997,-10.570266723632812,-24.9480619430542,-7.838422060012817,-16.060866594314575,-15.212506532669067,-3.176735520362854,-8.116417646408081,-3.1767578125,-8.116440296173096,-2.322220206260681,-6.148263454437256,-2.957931876182556,-7.644016981124878,-0.7627998888492584,-4.617853373289108,-0.13110282272100449,-6.254570938646793,-19.185149312019348,-1.9991524815559387,-3.5272627472877502,-6.661147117614746,-2.6319174766540527,-8.325053930282593,-6.049705386161804,-6.14322555065155,-7.3234241008758545,-6.460264444351196,-18.34831428527832,-21.555768966674805,-33.31343078613281,-13.355953216552734,-11.16171419620514,-13.599218368530273,False,False,False,False,False,False,False,False,False,False,False,False,False,False,True,False,True,False,False,True,False,False,False,False,False,False,False,False,False,False,False,False,False,False,7.0,15.0,7.0,15.0,15.0,15.0,7.0,15.0,7.0,15.0,7.0,15.0,7.0,15.0,7.0,15.0,7.0,15.0,7.0,15.0,7.0,15.0,7.0,15.0,7.0,15.0,7.0,15.0,15.0,15.0,7.0,15.0,7.0,15.0,577.0,561.0,589.0,589.0,600.0,616.0,628.0,667.0,594.0,578.0,603.0,573.0,590.0,550.0,618.0,-30.13669526576996,-30.13669526576996,27.26372539997101,2.87296986579895,25.990006685256958,4.1466885805130005,7.984978675842285,-6.787597179412842,-23.349098086357117,5.239535570144653,2.785686492919922,19.957477569580078,-4.939682126045227,15.955566883087158,-24.897159695625305,-30.99121057987213,0.8545153141021729,-29.786168038845062,-0.35052722692489624,-30.68151330947876,0.5448180437088013,-30.355498909950256,0.21880364418029785,-32.550630897283554,2.4139356315135956,-33.18232796341181,3.0456326976418495,-30.136672973632812,-2.2292137145996094e-05,-14.128281474113464,-16.008413791656494,-8.365368843078613,-21.771326422691345,22.151716589927673,7.984978675842285,-4.30524218082428,3.8948179142815724,0.4104242665427072,1.0,2.1356024431459065e-09,0.992885637506904,1.1764820244381455e-07,0.5233630158181052,0.9196428395126899,0.9928856353713015,0.0,0.0,0.0
qwen2.5-0.5b,toolshed,toolshed-0025-s1-hallucinated_entity-2,-20.482545852661133,-8.134639978408813,-18.598565101623535,-4.556475281715393,-10.439390659332275,-14.47257947921753,-4.247247576713562,-6.213594675064087,-7.981010913848877,-5.576151251792908,-7.463860511779785,-7.8403849601745605,-3.8788520097732544,-5.414232492446899,-1.5095528215169907,-6.768752813339233,-0.5186659134924412,-7.329381972551346,-16.10628843307495,-4.967857778072357,-4.513002634048462,-5.409154653549194,-5.122420072555542,-7.138040542602539,-8.11007559299469,-7.870172500610352,-7.85892641544342,-8.228423357009888,-11.506095886230469,-4.160938767716289,-15.487100152298808,-0.4420413952320814,-4.174511566758156,-7.396183729171753,False,False,False,False,False,False,False,False,False,False,False,False,False,False,False,False,True,False,False,False,False,False,False,False,False,False,False,False,False,False,False,True,False,False,9.0,9.0,9.0,9.0,9.0,8.0,9.0,9.0,9.0,9.0,9.0,9.0,9.0,9.0,9.0,9.0,9.0,9.0,9.0,9.0,9.0,9.0,9.0,9.0,9.0,9.0,9.0,9.0,9.0,8.0,9.0,9.0,9.0,9.0,659.0,645.0,676.0,676.0,689.0,703.0,718.0,760.0,672.0,665.0,692.0,659.0,676.0,634.0,660.0,-11.239852575585246,-11.239852575585246,7.377024559304118,3.862828016281128,7.628173736855388,3.6116788387298584,-0.07273600995540619,4.995445700362325,-16.23529827594757,-5.7715532798320055,-7.692598583176732,15.045058757066727,-1.966347098350525,12.34790587425232,-17.01140585541725,-8.023239640519023,-3.216612935066223,-10.974097518250346,-0.2657550573348999,-10.364680079743266,-0.87517249584198,-11.608248142525554,0.3683955669403076,-13.977547330781817,2.7376947551965714,-14.968434238806367,3.728581663221121,-7.506089238449931,-3.733763337135315,0.6191882807761431,-11.85904085636139,3.111464949324727,-14.351317524909973,11.312588585540652,-0.07273600995540619,-1.2488725083983607,0.8196693954782354,0.4292031129201253,1.0,2.8549382853838014e-07,0.8756192572944816,4.338810988925771e-06,0.44031023222948457,0.9616417430243369,0.8756189718006531,0.0,0.0,0.0
qwen2.5-0.5b,toolshed,toolshed-0026-s1-date_format-4,-17.52641487121582,-4.129627346992493,-18.146706342697144,-3.920905828475952,-15.374353885650635,-17.40875482559204,-6.142123639583588,-9.48906421661377,-9.230490803718567,-12.227542400360107,-8.699832439422607,-11.88943099975586,-7.843427747488022,-10.827921152114868,-1.0769640058279037,-4.549723267555237,-0.4274275228381157,-5.164759546518326,-23.693331956863403,-4.685271382331848,-7.361453592777252,-8.873202562332153,-5.9912630915641785,-9.608092784881592,-8.459815740585327,-12.669191360473633,-8.332738280296326,-11.670661449432373,-11.221034049987793,-6.478246212005615,-18.387161254882812,-3.439879596233368,-7.1610941886901855,-13.509717464447021,False,False,False,False,False,False,False,False,False,False,False,False,False,False,True,False,True,False,False,False,False,False,False,False,False,False,False,False,False,False,False,False,False,False,40.0,40.0,40.0,40.0,29.0,40.0,40.0,40.0,40.0,40.0,40.0,40.0,40.0,40.0,40.0,40.0,40.0,40.0,40.0,40.0,40.0,40.0,40.0,40.0,40.0,40.0,40.0,40.0,29.0,40.0,40.0,40.0,40.0,40.0,644.0,628.0,697.0,697.0,741.0,724.0,777.0,857.0,671.0,686.0,711.0,673.0,699.0,617.0,674.0,-12.245037615299225,-12.245037615299225,9.927345514297485,2.3176921010017395,10.054422974586487,2.190614640712738,1.018970549106598,-0.8607463836669922,-11.384291231632233,-6.049184620380402,-0.6897477507591248,14.947281658649445,-3.346940577030182,13.396787524223328,-18.294222235679626,-9.687328815460205,-2.5577087998390198,-11.02570766210556,-1.2193299531936646,-12.395898163318634,0.15086054801940918,-10.54373350739479,-1.7013041079044342,-17.31019724905491,5.065159633755684,-17.959733732044697,5.714696116745472,-9.156670451164246,-3.0883671641349792,5.306170701980591,-17.551208317279816,-0.24045491218566895,-12.004582703113556,11.226067066192627,1.018970549106598,-0.30612594038248064,0.24818363785743713,0.05794230252504349,1.0,3.07595270276646e-07,0.9659012854222897,1.5200169919691888e-06,0.9853618185587835,0.9982539006144779,0.9659009778270194,0.0,0.0,0.0
qwen2.5-0.5b,toolshed,toolshed-0026-s1-drop_arg-0,-10.721797347068787,-3.6982470750808716,-10.563880681991577,-3.920905828475952,-11.468188762664795,-18.78871512413025,-6.088772296905518,-4.685258090496063,-13.141334533691406,-8.133925080299377,-7.301454663276672,-7.104121088981628,-7.42086386680603,-5.685565412044525,-2.066316545009613,-3.5084526538848877,-0.6821639984846115,-4.284150093793869,-11.558371543884277,-3.3280430734157562,-7.636152744293213,-5.214740991592407,-6.997015476226807,-6.205308437347412,-9.580438375473022,-8.051487922668457,-10.312065362930298,-8.74765145778656,-6.478247165679932,-17.005269050598145,-11.221022605895996,-3.4398738741874695,-8.209815323352814,-8.304198265075684,False,False,False,False,False,False,False,False,False,False,False,False,False,False,False,True,True,False,False,False,False,False,False,False,False,False,False,False,False,False,False,False,False,False,29.0,40.0,29.0,40.0,40.0,40.0,29.0,40.0,29.0,40.0,29.0,40.0,29.0,40.0,29.0,40.0,29.0,40.0,29.0,40.0,29.0,40.0,29.0,40.0,29.0,40.0,29.0,40.0,40.0,40.0,29.0,40.0,29.0,40.0,644.0,628.0,671.0,671.0,704.0,698.0,725.0,779.0,686.0,667.0,701.0,662.0,672.0,617.0,663.0,-5.1322503089904785,-5.1322503089904785,1.6405842304229736,3.491666078567505,0.9089572429656982,4.22329306602478,2.121043026447296,-0.4992252588272095,-4.633025050163269,-1.2453842163085938,-0.2583732008934021,7.781148731708527,1.4035142064094543,7.023550271987915,-6.377634525299072,-3.9195679426193237,-1.2126823663711548,-3.584869861602783,-1.5473804473876953,-4.2240071296691895,-0.9082431793212891,-3.800158739089966,-1.3320915699005127,-9.154706060886383,4.0224557518959045,-10.538858607411385,5.406608298420906,1.9203119277954102,-7.052562236785889,0.33734893798828125,-5.46959924697876,-0.657141923904419,-4.47510838508606,3.0112072825431824,2.121043026447296,-0.17697414858587857,0.056571870014585295,0.12040227857129328,1.0,0.00039828263630067704,0.19707969635822037,0.0008898652302556821,0.17814729896695786,0.5235782348447132,0.1966814137219197,0.0,0.0,0.0
qwen2.5-0.5b,toolshed,toolshed-0026-s1-type_swap-3,-9.593620300292969,-4.267497777938843,-8.983164072036743,-3.920905828475952,-11.203839302062988,-13.41016435623169,-12.992116451263428,-7.6486340165138245,-12.787735939025879,-8.607451319694519,-13.304891109466553,-9.184111833572388,-14.748164176940918,-9.202181994915009,-4.27449643611908,-2.521931290626526,-1.3071004748344421,-1.538370668888092,-11.56224274635315,-4.685271382331848,-13.611624717712402,-7.861899733543396,-10.86010217666626,-7.6099874675273895,-8.794975280761719,-9.794342756271362,-8.349966526031494,-9.789137840270996,-11.221022605895996,-6.478247165679932,-8.623929500579834,-3.4398738741874695,-7.530485361814499,-9.796149730682373,False,False,False,False,False,False,False,False,False,False,False,False,False,False,False,False,True,False,False,False,False,False,False,False,False,False,False,False,False,False,False,False,False,False,40.0,40.0,40.0,40.0,29.0,40.0,40.0,40.0,40.0,40.0,40.0,40.0,40.0,40.0,40.0,40.0,40.0,40.0,40.0,40.0,40.0,40.0,40.0,40.0,40.0,40.0,40.0,40.0,29.0,40.0,40.0,40.0,40.0,40.0,645.0,628.0,690.0,690.0,734.0,717.0,763.0,836.0,671.0,683.0,723.0,673.0,690.0,617.0,674.0,4.368186950683594,4.368186950683594,-0.17104578018188477,-4.197141170501709,0.27396297454833984,-4.642149925231934,-5.461631089448929,0.9696907997131348,3.398496150970459,-4.208760142326355,-0.8276239037513733,5.1840556263923645,5.343482434749603,5.326122522354126,0.15942680835723877,4.680961608886719,-0.312774658203125,4.987695217132568,-0.6195082664489746,2.236172676086426,2.132014274597168,6.124234676361084,-1.7560477256774902,-4.349433064460754,8.717620015144348,-7.316829025745392,11.685015976428986,4.163806438446045,0.20438051223754883,2.9383132457733154,1.4298737049102783,0.3592345714569092,4.008952379226685,1.093444138765335,-5.461631089448929,0.10920467376708984,-0.004276144504547119,-0.10492852926254273,0.0,0.005318378028837188,0.004610896132289781,0.004839355995206107,0.7309341985931117,0.9059931734655104,-0.0007074818965474069,0.0,0.0,0.0
qwen2.5-0.5b,toolshed,toolshed-0029-s0-type_swap-3,-9.944536447525024,-5.399969816207886,-11.79157543182373,-4.653823018074036,-14.261698007583618,-14.608258485794067,-4.629703402519226,-6.1098716259002686,-4.629702210426331,-6.109858989715576,-3.813665747642517,-5.186215400695801,-4.596673250198364,-6.187250852584839,-1.5636887848377228,-4.859015464782715,-0.42176513373851776,-5.420136392116547,-12.226247310638428,-6.089425563812256,-10.898174285888672,-8.69373345375061,-4.091440975666046,-6.157055377960205,-21.401832580566406,-20.279017448425293,-21.06377124786377,-22.005505561828613,-18.234515205025673,-9.965007796883583,-10.756118789315224,-1.7071538120508194,-18.12342882156372,-16.35768461227417,False,False,False,False,False,False,False,False,False,False,False,False,False,False,False,False,True,False,False,False,False,False,False,False,False,False,False,False,False,False,False,True,False,False,17.0,17.0,17.0,17.0,12.0,17.0,17.0,17.0,17.0,17.0,17.0,17.0,17.0,17.0,17.0,17.0,17.0,17.0,17.0,17.0,17.0,17.0,17.0,17.0,17.0,17.0,17.0,17.0,12.0,17.0,17.0,17.0,17.0,17.0,575.0,558.0,594.0,594.0,615.0,621.0,641.0,688.0,584.0,587.0,618.0,580.0,589.0,547.0,585.0,-6.126415386795998,-6.126415386795998,-10.645713791251183,16.77212917804718,-10.307652458548546,16.434067845344543,13.493725419044495,-0.8115823417901993,-5.314833045005798,-4.402717813849449,-3.6928160041570663,9.048964977264404,-1.4801682233810425,4.544566631317139,-10.529133200645447,-6.942453041672707,0.816037654876709,0.14205549657344818,-6.268470883369446,-6.6646778136491776,0.5382624268531799,-6.159445539116859,0.033030152320861816,-9.192430004477501,3.0660146176815033,-10.334353655576706,4.207938268780708,-6.126416578888893,1.1920928955078125e-06,1.470128521323204,-7.596543908119202,1.0354566425085068,-7.161872029304504,-7.367310032248497,13.493725419044495,-0.36037737569388223,-0.6262184583088931,0.9865958340027753,1.0,0.00011746834088230866,0.8145236886507167,0.010513077073239663,0.24548947888598646,0.14607237682186622,0.8144062203098343,0.0,0.0,0.0
qwen2.5-0.5b,toolshed,toolshed-0029-s1-drop_arg-0,-9.815313428640366,-3.4079030454158783,-15.906226515769958,-5.819722056388855,-17.295331954956055,-12.451040983200073,-3.655139923095703,-1.9491368532180786,-1.9230809211730957,-3.9761035442352295,-3.5591206550598145,-2.9257473945617676,-3.8818637132644653,-2.1739693880081177,-0.5612339675426483,-2.0181266367435455,-0.039472281001508236,-6.648245703428984,-13.692134380340576,-4.489655613899231,-3.0661978721618652,-1.7116165161132812,-2.4765875935554504,-2.5335153937339783,-2.906446933746338,-10.064112663269043,-0.8632836043834686,-8.137757807970047,-17.73796844482422,-17.910613536834717,-17.040435314178467,-5.507577419281006,-9.845214128494263,-13.292242050170898,False,False,False,False,False,False,False,True,True,False,False,False,False,True,True,False,True,False,False,False,False,True,False,True,False,False,True,False,False,False,False,False,False,False,9.0,19.0,9.0,19.0,19.0,20.0,9.0,19.0,9.0,19.0,9.0,19.0,9.0,19.0,9.0,19.0,9.0,19.0,9.0,19.0,9.0,19.0,9.0,19.0,9.0,19.0,9.0,19.0,19.0,20.0,9.0,19.0,9.0,19.0,612.0,596.0,618.0,618.0,631.0,645.0,651.0,684.0,633.0,614.0,638.0,610.0,620.0,585.0,616.0,-13.385295391082764,-13.385295391082764,14.133988380432129,-0.7486929893493652,16.177151709794998,-2.7918563187122345,6.19007420539856,-7.225121885538101,-6.1601735055446625,3.5584405660629272,2.0996743738651276,11.532857894897461,1.7060030698776245,6.407410383224487,-9.826854825019836,-13.481314659118652,0.09601926803588867,-13.974237442016602,0.5889420509338379,-14.563847720623016,1.1785523295402527,-13.158571600914001,-0.2267237901687622,-16.47920134663582,3.093905955553055,-17.00096303317696,3.615667642094195,-15.117354393005371,1.7320590019226074,-3.3483009338378906,-10.036994457244873,-1.1342087984085083,-12.251086592674255,7.195221185684204,6.19007420539856,-1.4872550434536405,1.5704431533813477,-0.08318810992770725,1.0,9.802464901545926e-06,0.15367925217753914,0.0016465743271619517,0.9992217356397894,0.9691423832018993,0.1536694497126376,0.0,0.0,0.0
qwen2.5-0.5b,toolshed,toolshed-0029-s1-readonly_target-3,-27.683218777179718,-4.044983208179474,-32.33196771144867,-5.819722056388855,-23.126132607460022,-22.063844680786133,-2.009777545928955,-14.471826195716858,-2.8077709078788757,-5.927887916564941,-1.5374677181243896,-11.313809514045715,-1.5621581673622131,-13.238992035388947,-0.0665799742564559,-16.634022172540426,-0.0782779585570097,-11.462321065366268,-29.412600815296173,-1.9491339325904846,-2.238103926181793,-13.248917162418365,-2.165778160095215,-12.623695492744446,-8.905386626720428,-11.595218360424042,-9.590958893299103,-10.356046974658966,-17.04042625427246,-17.737977027893066,-33.4388313293457,-5.507582902908325,-3.9841376543045044,-11.54811954498291,False,False,False,False,False,False,False,False,False,False,False,False,False,False,True,False,True,False,False,True,False,False,False,False,False,False,False,False,False,False,False,False,False,False,18.0,19.0,18.0,19.0,9.0,19.0,18.0,19.0,18.0,19.0,18.0,19.0,18.0,19.0,18.0,19.0,18.0,19.0,18.0,19.0,18.0,19.0,18.0,19.0,18.0,19.0,18.0,19.0,9.0,19.0,18.0,19.0,18.0,19.0,612.0,596.0,632.0,632.0,654.0,659.0,679.0,726.0,618.0,627.0,642.0,619.0,628.0,585.0,624.0,-31.429053783416748,-31.429053783416748,24.533444702625275,6.895609080791473,23.8478724360466,7.581181347370148,1.9743601083755493,-5.755612552165985,-25.673441231250763,-8.964243292808533,1.4625996947288513,27.931248426437378,-12.462048649787903,23.638235569000244,-40.39329707622528,-31.901363611221313,0.47230982780456543,-31.20072740316391,-0.22832638025283813,-31.27305316925049,-0.15600061416625977,-31.87667316198349,0.44761937856674194,-33.37225135508925,1.9431975716724992,-33.36055337078869,1.9314995873719454,-30.631060421466827,-0.7979933619499207,-4.02623051404953,-27.402823269367218,-1.1068636178970337,-30.322190165519714,29.4546936750412,1.9743601083755493,-1.7460585435231526,1.3629691501458485,0.3830893933773041,1.0,7.406389695084613e-13,0.9999961265846372,5.4205671699558265e-11,0.9364239648141852,0.9994814637198821,0.9999961265838966,0.0,0.0,0.0
qwen2.5-0.5b,toolshed,toolshed-0030-s2-drop_arg-0,-9.920096606016159,-6.00924751162529,-11.350627660751343,-7.788283109664917,-18.08959722518921,-19.100831508636475,-4.050833106040955,-6.906145095825195,-7.738779366016388,-9.559139728546143,-5.335686445236206,-7.766033172607422,-3.7194981575012207,-7.871060371398926,-1.5203620791435242,-6.488115847110748,-0.4617896229028702,-7.640664353966713,-10.432847499847412,-2.9094000458717346,-3.8348801136016846,-7.909037828445435,-5.183657884597778,-5.545696020126343,-6.372421979904175,-10.70976972579956,-6.974088430404663,-10.353716850280762,-24.364688873291016,-22.49444007873535,-14.313409805297852,-11.207586765289307,-7.480399131774902,-10.255974769592285,False,False,False,False,False,False,False,False,False,False,False,False,False,False,False,False,True,False,False,False,False,False,False,False,False,False,False,False,False,False,False,False,False,False,17.0,26.0,17.0,26.0,26.0,27.0,17.0,26.0,17.0,26.0,17.0,26.0,17.0,26.0,17.0,26.0,17.0,26.0,17.0,26.0,17.0,26.0,17.0,26.0,17.0,26.0,17.0,26.0,26.0,27.0,17.0,26.0,17.0,26.0,652.0,636.0,666.0,666.0,687.0,693.0,707.0,748.0,680.0,662.0,689.0,658.0,667.0,625.0,665.0,-10.262576699256897,-10.262576699256897,7.940987825393677,2.32158887386322,7.3393213748931885,2.9232553243637085,3.4295660257339478,-4.3933131992816925,-5.8692634999752045,4.301441669464111,5.198339253664017,3.105823040008545,-2.8553119897842407,3.910849094390869,-5.961135029792786,-8.977723360061646,-1.2848533391952515,-10.478529691696167,0.21595299243927002,-9.129751920700073,-1.1328247785568237,-10.59391164779663,0.3313349485397339,-12.793047726154327,2.5304710268974304,-13.851620182394981,3.5890434831380844,-6.574630439281464,-3.6879462599754333,-3.8805623054504395,-6.3820143938064575,-2.962782144546509,-7.299794554710388,6.833010673522949,3.4295660257339478,-0.6036809823092293,0.4671169309055104,0.13656405140371883,1.0,0.04286710463859346,0.9455916422230843,0.019630422400778474,0.9870975002316296,0.9413416184090867,0.9027245375844909,0.0,0.0,0.0
qwen2.5-0.5b,toolshed,toolshed-0030-s2-name_for_email-3,-9.434137254953384,-6.267839342355728,-11.310344457626343,-7.788283109664917,-11.219069242477417,-19.914249181747437,-5.043519973754883,-7.196126699447632,-3.7689529359340668,-7.414654493331909,-5.342347979545593,-7.071299076080322,-4.516069412231445,-5.951322317123413,-1.6638844013214111,-4.156105279922485,-0.36018986999988556,-4.833249628543854,-13.697429895401001,-6.906163930892944,-5.368135929107666,-6.3282129764556885,-5.530365347862244,-8.020875215530396,-11.221569538116455,-14.909500122070312,-9.17764139175415,-13.112133502960205,-14.313400745391846,-24.36465883255005,-15.891953945159912,-11.207594394683838,-5.40776515007019,-10.182047367095947,False,False,False,False,False,False,False,False,False,False,False,False,False,False,True,False,True,False,False,False,False,False,False,False,False,False,False,False,False,False,False,False,False,False,22.0,26.0,22.0,26.0,17.0,26.0,22.0,26.0,22.0,26.0,22.0,26.0,22.0,26.0,22.0,26.0,22.0,26.0,22.0,26.0,22.0,26.0,22.0,26.0,22.0,26.0,22.0,26.0,17.0,26.0,22.0,26.0,22.0,26.0,652.0,636.0,681.0,681.0,707.0,708.0,737.0,793.0,666.0,674.0,693.0,663.0,679.0,625.0,665.0,-10.84843397140503,-10.84843397140503,4.670384407043457,6.178049564361572,6.714312553405762,4.134121417999268,0.3642451763153076,-6.457816690206528,-4.390617281198502,4.011467695236206,4.93975505232811,4.684359550476074,-2.152606725692749,3.1662979125976562,-6.836966276168823,-10.549605965614319,-0.29882800579071045,-10.523818016052246,-0.3246159553527832,-10.361588597297668,-0.48684537410736084,-11.375884532928467,0.5274505615234375,-14.228069543838501,3.3796355724334717,-15.531764075160027,4.683330103754997,-12.123001009225845,1.274567037820816,-2.194524049758911,-8.653909921646118,-4.581609487533569,-6.26682448387146,10.484188795089722,0.3642451763153076,-0.493110635063865,0.21229020032015714,0.2808204347437078,1.0,0.008765081290447455,0.8942456809499624,0.04045387645216938,0.9755871671981063,0.9916265635200591,0.8854805996595149,0.0,0.0,0.0
qwen2.5-0.5b,toolshed,toolshed-0033-s1-drop_arg-0,-13.07196319103241,-7.9502400159835815,-15.878393650054932,-10.685120582580566,-20.6594295501709,-14.190092712640762,-3.329965740442276,-4.140586763620377,-4.135514855384827,-8.708938956260681,-3.5631837844848633,-4.230839014053345,-3.9362741708755493,-3.6743346452713013,-0.7547935619950294,-3.288435198366642,-0.0413539856672287,-6.6963630598038435,-11.709646940231323,-4.037815451622009,-3.6677992939949036,-3.6436896920204163,-3.457033157348633,-5.911963701248169,-5.259698152542114,-13.834180355072021,-5.940271615982056,-15.376550674438477,-22.12665557861328,-21.05832076072693,-14.996433019638062,-10.331882238388062,-10.297280073165894,-20.69362735748291,False,False,False,False,False,False,False,False,False,False,False,False,False,False,True,False,True,False,False,False,False,False,False,False,False,False,False,False,False,False,False,False,False,False,10.0,25.0,10.0,25.0,25.0,26.0,10.0,25.0,10.0,25.0,10.0,25.0,10.0,25.0,10.0,25.0,10.0,25.0,10.0,25.0,10.0,25.0,10.0,25.0,10.0,25.0,10.0,25.0,25.0,26.0,10.0,25.0,10.0,25.0,678.0,662.0,685.0,685.0,699.0,712.0,719.0,753.0,705.0,681.0,705.0,677.0,686.0,651.0,684.0,-11.666467279195786,-11.666467279195786,9.736734867095947,1.9297324120998383,9.056161403656006,2.6103058755397797,6.9673143327236176,-1.9244698286056519,-9.741997450590134,6.191295474767685,2.38164222240448,4.66455078125,-0.8106210231781006,5.121723175048828,-5.475171804428101,-11.433249235153198,-0.23321804404258728,-11.328633725643158,-0.33783355355262756,-11.539399862289429,-0.1270674169063568,-11.060158848762512,-0.6063084304332733,-14.241639457643032,2.5751721784472466,-14.955079033970833,3.2886117547750473,-10.860918164253235,-0.8055491149425507,-3.2867860794067383,-8.379681199789047,0.8819606304168701,-12.548427909612656,4.699152946472168,6.9673143327236176,-1.1666467279195785,0.9736734867095947,0.19297324120998383,1.0,0.009335234680379757,0.6922326056670566,0.005930355107499279,0.9998111714408332,0.9999694570854142,0.6828973709866768,0.0,0.0,0.0
qwen2.5-0.5b,toolshed,toolshed-0033-s1-readonly_target-3,-36.98861312866211,-7.337953567504883,-43.689305782318115,-10.685120582580566,-22.987497746944427,-26.76517677307129,-2.202079713344574,-17.900461614131927,-12.68342924118042,-16.11192798614502,-1.4484906494617462,-17.593221098184586,-2.0032294392585754,-16.534320890903473,-0.12050672248005867,-19.116428643465042,-0.07069794088602066,-17.859026812016964,-38.41541549563408,-4.140579432249069,-2.6419429779052734,-14.374485731124878,-2.8675249218940735,-16.47698813676834,-8.711232423782349,-13.963256120681763,-13.631837844848633,-12.063211441040039,-14.996448755264282,-22.126678466796875,-48.23389172554016,-10.33191990852356,-3.160574972629547,-14.360249042510986,False,False,False,False,False,False,True,False,False,False,True,False,True,False,True,False,True,False,False,False,False,False,False,False,False,False,False,False,False,False,False,False,False,False,23.0,25.0,23.0,25.0,10.0,25.0,23.0,25.0,23.0,25.0,23.0,25.0,23.0,25.0,23.0,25.0,23.0,25.0,23.0,25.0,23.0,25.0,23.0,25.0,23.0,25.0,23.0,25.0,10.0,25.0,23.0,25.0,23.0,25.0,678.0,662.0,703.0,703.0,730.0,730.0,755.0,807.0,685.0,698.0,713.0,690.0,700.0,651.0,696.0,-46.03181201219559,-46.03181201219559,39.52265930175781,6.509152710437775,34.60205388069153,11.429758131504059,0.9584952592849731,-11.245278596878052,-34.786533415317535,-7.568541705608368,2.9939663410186768,37.9019718170166,-15.698381900787354,29.650659561157227,-53.600353717803955,-46.785401076078415,0.7535890638828278,-45.59194874763489,-0.43986326456069946,-45.36636680364609,-0.6654452085494995,-46.230662286281586,0.19885027408599854,-48.1133850030601,2.0815729908645153,-48.16319378465414,2.1313817724585533,-35.55046248435974,-10.481349527835846,-9.818476229906082,-36.213335782289505,-4.544585943222046,-41.48722606897354,45.073316752910614,0.9584952592849731,-2.0013831309650256,1.7183764913807744,0.2830066395842511,1.0,3.430094216271803e-17,0.9999998468861907,1.3270343596797484e-13,0.9947903725981045,0.9999863215334786,0.9999998468861907,0.0,1.0,0.0
qwen2.5-0.5b,toolshed,toolshed-0034-s1-date_format-3,-15.30226469039917,-1.1513584703207016,-17.557324171066284,-3.076819494366646,-9.658416628837585,-21.99548053741455,-2.699594020843506,-4.865057349205017,-0.8544305711984634,-5.341625869274139,-2.1005871295928955,-4.897552132606506,-2.08454966545105,-3.9476593732833862,-0.5646454989910126,-5.16144186258316,-0.28090944699943066,-6.107057988643646,-13.48436951637268,-2.498002052307129,-3.3331174850463867,-2.811800718307495,-2.0711118578910828,-4.1797789335250854,-12.090233564376831,-14.573654174804688,-9.371028423309326,-10.363393306732178,-6.588547229766846,-11.071836471557617,-15.014570713043213,-0.6171925365924835,-9.355599984526634,-13.354604721069336,False,True,False,False,False,False,False,False,True,False,True,False,True,False,True,False,True,False,False,True,True,False,True,False,False,False,False,False,False,False,False,True,False,False,24.0,25.0,24.0,25.0,12.0,25.0,24.0,25.0,24.0,25.0,24.0,25.0,24.0,25.0,24.0,25.0,24.0,25.0,24.0,25.0,24.0,25.0,24.0,25.0,24.0,25.0,24.0,25.0,12.0,25.0,24.0,25.0,24.0,25.0,614.0,597.0,650.0,650.0,678.0,677.0,714.0,778.0,623.0,638.0,664.0,626.0,654.0,586.0,635.0,-12.314976692199707,-12.314976692199707,2.924337148666382,9.390639543533325,5.643542289733887,6.67143440246582,6.656005963683128,0.28769397735595703,-12.602670669555664,-4.247864812612534,-0.5341659337282181,14.39737817645073,-2.1654633283615112,14.150906220078468,-16.56284150481224,-12.913983583450317,0.5990068912506104,-11.681453227996826,-0.6335234642028809,-12.94345885515213,0.6284821629524231,-12.930021047592163,0.615044355392456,-14.4499252140522,2.1349485218524933,-14.733661266043782,2.418684573844075,-14.16014014184475,1.8451634496450424,-1.5302011966705322,-10.784775495529175,2.5427534580230713,-14.857730150222778,5.658970728516579,6.656005963683128,-0.5131240288416544,0.12184738119443257,0.39127664764722186,1.0,5.574154467625669e-07,0.8963408685820018,7.150545988546762e-07,0.9229713391270755,0.9819962025560539,0.896340311166555,0.0,0.0,0.0
qwen2.5-0.5b,toolshed,toolshed-0034-s1-drop_arg-0,-8.26464831829071,-1.2576664835214615,-10.80293869972229,-3.076819494366646,-17.616912364959717,-12.923576712608337,-2.9779951572418213,-2.4980159401893616,-0.7409977912902832,-4.395737588405609,-2.6750584840774536,-3.6216118335723877,-3.0882076621055603,-1.6294220089912415,-1.5770493745803833,-3.9681835174560547,-0.5142173580825329,-4.583892405033112,-7.9065775871276855,-2.052364468574524,-4.04733681678772,-1.7864191830158234,-2.4621663093566895,-2.387622117996216,-11.09596061706543,-11.991820096969604,-9.821954011917114,-11.778156280517578,-11.071839809417725,-17.084854781627655,-6.588570296764374,-0.6171945631504059,-9.74094545841217,-10.101455330848694,False,True,False,False,False,False,False,True,True,False,False,False,False,True,False,False,True,False,False,True,False,False,False,True,False,False,False,False,False,False,False,True,False,False,12.0,25.0,12.0,25.0,25.0,25.0,12.0,25.0,12.0,25.0,12.0,25.0,12.0,25.0,12.0,25.0,12.0,25.0,12.0,25.0,12.0,25.0,12.0,25.0,12.0,25.0,12.0,25.0,25.0,25.0,12.0,25.0,12.0,25.0,614.0,597.0,623.0,623.0,639.0,650.0,660.0,697.0,642.0,618.0,646.0,614.0,624.0,586.0,620.0,-3.6105751395225525,-3.6105751395225525,-4.507390320301056,8.117965459823608,-3.2333837151527405,6.843958854675293,6.762950301170349,1.6760780215263367,-5.286653161048889,-1.8808213770389557,-0.6404719203710556,5.971375733613968,0.4799792170524597,7.006981834769249,-5.491396516561508,-3.91351181268692,0.3029366731643677,-2.541233479976654,-1.0693416595458984,-4.126403987407684,0.5158288478851318,-3.5003626346588135,-0.11021250486373901,-5.0115209221839905,1.400945782661438,-6.074352938681841,2.4637777991592884,-5.847572505474091,2.236997365951538,1.3180072903633118,-4.928582429885864,4.214368402957916,-7.824943542480469,-3.1523751616477966,6.762950301170349,-0.3008812616268794,-0.375615860025088,0.6764971216519674,1.0,0.0025441669094105343,0.38224996396153943,0.0009047182736635294,0.7100978818492222,0.58916385419185,0.37970579705212887,0.0,0.0,0.0
qwen2.5-0.5b,toolshed,toolshed-0035-s1-readonly_target-3,-27.4071606695652,-3.6870783865451813,-32.689595222473145,-6.497551918029785,-23.201617300510406,-21.5878267288208,-2.469376266002655,-14.524942457675934,-2.5609032213687897,-5.321240425109863,-1.961749017238617,-11.177875995635986,-2.12644225358963,-13.187919676303864,-0.07484039291739464,-16.973653092980385,-0.1039940188638866,-12.440945081412792,-30.336220264434814,-2.099523663520813,-2.861770510673523,-13.697592377662659,-2.6277751326560974,-12.749527871608734,-8.536845862865448,-12.037473380565643,-9.36639991402626,-12.544674068689346,-16.847365379333496,-19.585122108459473,-33.98437786102295,-6.5226030349731445,-4.935192346572876,-14.128880262374878,False,False,False,False,False,False,False,False,False,False,False,False,False,False,True,False,True,False,False,True,False,False,False,False,False,False,False,False,False,False,False,False,False,False,17.0,18.0,17.0,18.0,9.0,18.0,17.0,18.0,17.0,18.0,17.0,18.0,17.0,18.0,17.0,18.0,17.0,18.0,17.0,18.0,17.0,18.0,17.0,18.0,17.0,18.0,17.0,18.0,9.0,18.0,17.0,18.0,17.0,18.0,611.0,595.0,630.0,630.0,651.0,657.0,676.0,722.0,617.0,625.0,640.0,617.0,625.0,584.0,622.0,-31.515001595020294,-31.515001595020294,25.4475319981575,6.067469596862793,24.61797794699669,6.897023648023605,2.465816080570221,-6.577217191457748,-24.937784403562546,-8.00233942270279,2.8355246484279633,27.461774826049805,-12.055566191673279,23.72008228302002,-39.51734101772308,-32.02262884378433,0.5076272487640381,-31.122607350349426,-0.3923942446708679,-31.356602728366852,-0.15839886665344238,-31.85793560743332,0.3429340124130249,-33.909537468105555,2.3945358730852604,-33.88038384215906,2.3653822471387684,-31.42347463965416,-0.09152695536613464,-3.6481575965881348,-27.86684399843216,-1.2947826385498047,-30.22021895647049,29.049185514450073,2.465816080570221,-1.853823623236488,1.4969136469504412,0.35690997628604665,1.0,1.1843704370487455e-12,0.9999941819518082,4.994582074665899e-11,0.9707056187520495,0.9998983311494892,0.9999941819506238,0.0,0.0,0.0
qwen2.5-0.5b,toolshed,toolshed-0036-s2-name_for_email-3,-7.203245550394058,-3.3010808527469635,-8.703049182891846,-5.471850395202637,-10.516383171081543,-18.946249961853027,-4.183951139450073,-6.240702390670776,-4.583985507488251,-5.901241183280945,-5.117258787155151,-6.848573207855225,-4.595004320144653,-5.8546059131622314,-1.4371615648269653,-3.6023747324943542,-0.3387473523616791,-4.428757950663567,-9.731460094451904,-3.656338930130005,-5.051440000534058,-5.734116077423096,-6.047557353973389,-7.9429612159729,-12.038475751876831,-16.34417986869812,-8.169143199920654,-12.563809871673584,-16.009567737579346,-28.263658046722412,-15.988579273223877,-11.684311389923096,-7.1153740882873535,-11.81620979309082,False,True,False,False,False,False,False,False,False,False,False,False,False,False,True,False,True,False,False,False,False,False,False,False,False,False,False,False,False,False,False,False,False,False,29.0,33.0,29.0,33.0,17.0,33.0,29.0,33.0,29.0,33.0,29.0,33.0,29.0,33.0,29.0,33.0,29.0,33.0,29.0,33.0,29.0,33.0,29.0,33.0,29.0,33.0,29.0,33.0,17.0,33.0,29.0,33.0,29.0,33.0,660.0,644.0,696.0,696.0,729.0,723.0,759.0,822.0,674.0,689.0,708.0,678.0,695.0,633.0,680.0,-11.804628133773804,-11.804628133773804,3.950103521347046,7.854524612426758,7.819436073303223,3.985192060470581,2.9314229488372803,-8.785333722829819,-3.019294410943985,5.443608999252319,8.383230537176132,4.304267883300781,-2.056751251220703,3.9021646976470947,-6.361019134521484,-10.871320486068726,-0.9333076477050781,-10.93713927268982,-0.8674888610839844,-9.941021919250488,-1.8636062145233154,-11.393574953079224,-0.4110531806945801,-14.551417708396912,2.746789574623108,-15.649831920862198,3.845203787088394,-11.404593765735626,-0.4000343680381775,-6.257119178771973,-5.547508955001831,-7.285530090332031,-4.5190980434417725,8.873205184936523,2.9314229488372803,-0.40705614254392425,0.1362104662533464,0.2708456762905779,1.0,0.013158891537420989,0.8852324443754104,0.019798253303350003,0.9866882117424898,0.9909941628498096,0.8720735528379894,0.0,0.0,0.0
qwen2.5-0.5b,toolshed,toolshed-0037-s0-date_format-2,-22.219318866729736,-10.96792984008789,-20.890681266784668,-7.698991537094116,-16.130051612854004,-15.152555465698242,-3.8233869671821594,-7.0751800537109375,-3.8233916759490967,-7.075168132781982,-2.2201098203659058,-5.795961618423462,-3.751361846923828,-6.70061182975769,-1.171898528933525,-5.028158128261566,-0.1802489459514618,-5.4651651084423065,-19.224916338920593,-2.058035373687744,-4.6779109835624695,-7.173164367675781,-3.5046931505203247,-6.394256353378296,-6.177558183670044,-7.431833744049072,-5.493815302848816,-5.9168325662612915,-18.458200454711914,-21.13537883758545,-27.877187728881836,-12.609173774719238,-8.25508999824524,-12.225348949432373,False,False,False,False,False,False,False,False,False,False,True,False,False,False,True,False,True,False,False,True,False,False,False,False,False,False,False,False,False,False,False,False,False,False,15.0,15.0,15.0,15.0,15.0,15.0,15.0,15.0,15.0,15.0,15.0,15.0,15.0,15.0,15.0,15.0,15.0,15.0,15.0,15.0,15.0,15.0,15.0,15.0,15.0,15.0,15.0,15.0,15.0,15.0,15.0,15.0,15.0,15.0,576.0,560.0,604.0,604.0,623.0,631.0,659.0,714.0,593.0,593.0,618.0,580.0,605.0,549.0,633.0,-24.053800761699677,-24.053800761699677,21.699629545211792,2.3541712164878845,22.38337242603302,1.6704283356666565,4.43170303106308,-5.6578688621521,-18.395931899547577,5.533993721008301,1.6412439346313477,15.268013954162598,-3.251793086528778,11.251389026641846,-18.519807040691376,-25.65707790851593,1.6032771468162537,-23.199276745319366,-0.8545240163803101,-24.37249457836151,0.3186938166618347,-24.125825881958008,0.0720251202583313,-26.70528919994831,2.6514884382486343,-27.696938782930374,3.6431380212306976,-24.05379605293274,-4.708766937255859e-06,-8.652271389961243,-15.401529371738434,-6.986506462097168,-17.06729429960251,19.622097730636597,4.43170303106308,-1.6035867174466452,1.4466419696807862,0.15694474776585896,1.0,2.3326507701104412e-07,0.9627221623505976,1.2989073995152696e-05,0.7780391035623714,0.9814808823617728,0.9627219290855206,0.0,0.0,0.0
qwen2.5-0.5b,toolshed,toolshed-0038-s1-date_format-4,-18.985636234283447,-4.8405091762542725,-19.98814868927002,-4.6853015422821045,-15.747499942779541,-18.050389766693115,-6.387659311294556,-10.03951621055603,-8.456280648708344,-12.210803031921387,-8.839891374111176,-12.226614952087402,-7.453190296888351,-10.824155569076538,-0.9133651554584503,-4.788520514965057,-0.29615725204348564,-5.614983424544334,-26.12989115715027,-6.395922899246216,-7.062191128730774,-9.257116794586182,-6.359757274389267,-10.377033710479736,-8.465351700782776,-13.219188690185547,-8.891812562942505,-12.936360836029053,-11.24701476097107,-9.294232845306396,-19.182814359664917,-3.4966496229171753,-7.1099631786346436,-14.290126323699951,False,False,False,False,False,False,False,False,False,False,False,False,False,False,True,False,True,False,False,False,False,False,False,False,False,False,False,False,False,False,False,False,False,False,40.0,40.0,40.0,40.0,29.0,40.0,40.0,40.0,40.0,40.0,40.0,40.0,40.0,40.0,40.0,40.0,40.0,40.0,40.0,40.0,40.0,40.0,40.0,40.0,40.0,40.0,40.0,40.0,29.0,40.0,40.0,40.0,40.0,40.0,646.0,630.0,699.0,699.0,743.0,726.0,779.0,859.0,673.0,688.0,713.0,675.0,701.0,619.0,676.0,-12.795155048370361,-12.795155048370361,10.717462658882141,2.07769238948822,10.291001796722412,2.504153251647949,0.7223038673400879,-0.19717812538146973,-12.597976922988892,-6.542866587638855,-1.3438595533370972,15.686164736747742,-3.6518568992614746,14.145127058029175,-19.338021636009216,-10.342922985553741,-2.45223206281662,-12.120623230934143,-0.6745318174362183,-12.82305708527565,0.027902036905288696,-11.729624062776566,-1.0655309855937958,-18.269449204206467,5.474294155836105,-18.88665710762143,6.09150205925107,-10.726533710956573,-2.068621337413788,6.947076797485352,-19.742231845855713,0.8053343296051025,-13.600489377975464,12.072851181030273,0.7223038673400879,-0.31987887620925903,0.26793656647205355,0.051942309737205504,1.0,1.5349092914880382e-07,0.974623120644526,7.191989762631057e-07,0.9914550825575501,0.9992390359173824,0.9746229671535969,0.0,0.0,0.0
qwen2.5-0.5b,toolshed,toolshed-0038-s1-type_swap-3,-10.972240209579468,-4.993529558181763,-9.944341659545898,-4.6853015422821045,-10.947776794433594,-15.324485301971436,-13.335409164428711,-9.008228063583374,-12.305285453796387,-8.521719455718994,-12.969143867492676,-10.163171529769897,-15.43184518814087,-10.678524494171143,-4.03505551815033,-2.9576048851013184,-1.0635091066360474,-2.03253436088562,-13.663025617599487,-6.395922899246216,-13.652511596679688,-9.649227857589722,-11.087780714035034,-8.562235593795776,-9.217433214187622,-11.506202697753906,-9.498361110687256,-13.240952968597412,-11.2470064163208,-9.294238090515137,-8.742397785186768,-3.4966562390327454,-7.548370778560638,-11.31847095489502,False,False,False,False,False,False,False,False,False,False,False,False,False,False,False,False,True,False,False,False,False,False,False,False,False,False,False,False,False,False,False,False,False,False,40.0,40.0,40.0,40.0,29.0,40.0,40.0,40.0,40.0,40.0,40.0,40.0,40.0,40.0,40.0,40.0,40.0,40.0,40.0,40.0,40.0,40.0,40.0,40.0,40.0,40.0,40.0,40.0,29.0,40.0,40.0,40.0,40.0,40.0,647.0,630.0,692.0,692.0,736.0,719.0,765.0,838.0,673.0,685.0,725.0,675.0,695.0,619.0,676.0,4.593011379241943,4.593011379241943,-0.4750354290008545,-4.117975950241089,-0.7559633255004883,-3.837048053741455,-5.7870383858680725,2.2298424243927,2.363168954849243,-5.511571824550629,-1.4968733191490173,5.245741546154022,4.327181100845337,5.978710651397705,-0.9185604453086853,4.226746082305908,0.36626529693603516,4.91011381149292,-0.31710243225097656,2.3453829288482666,2.2476284503936768,6.689447402954102,-2.096436023712158,-4.707342267036438,9.300353646278381,-7.67888867855072,12.271900057792664,3.562887668609619,1.0301237106323242,4.92062783241272,-0.32761645317077637,1.2019438743591309,3.3910675048828125,1.1940270066261292,-5.7870383858680725,0.11482528448104859,-0.011875885725021362,-0.10294939875602722,0.0,0.005224276277728046,0.011395360023192296,0.0025256936528153793,0.9079426516844296,0.9774695668137351,0.006171083745464249,0.0,0.0,0.0
qwen2.5-0.5b,toolshed,toolshed-0041-s1-readonly_target-3,-27.215456664562225,-3.98848956823349,-31.57416522502899,-5.898908972740173,-22.86814796924591,-22.05682945251465,-2.3973474502563477,-14.586781620979309,-2.3026774525642395,-4.852362871170044,-1.9353370666503906,-11.99803900718689,-2.159165233373642,-13.82502993941307,-0.06515644304454327,-16.897390346974134,-0.065802410710603,-12.35960329696536,-28.972008407115936,-1.9435036778450012,-2.9332946240901947,-14.075217097997665,-2.9075613617897034,-13.348776876926422,-9.1737579703331,-11.22214549779892,-11.625275373458862,-9.814522504806519,-15.631844282150269,-18.171518325805664,-32.62382960319519,-5.547502517700195,-4.336613655090332,-12.177124977111816,False,False,False,False,False,False,False,False,False,False,False,False,False,False,True,False,True,False,False,True,False,False,False,False,False,False,False,False,False,False,False,False,False,False,17.0,18.0,17.0,18.0,9.0,18.0,17.0,18.0,17.0,18.0,17.0,18.0,17.0,18.0,17.0,18.0,17.0,18.0,17.0,18.0,17.0,18.0,17.0,18.0,17.0,18.0,17.0,18.0,9.0,18.0,17.0,18.0,17.0,18.0,609.0,593.0,628.0,628.0,649.0,655.0,674.0,720.0,615.0,623.0,638.0,615.0,632.0,582.0,620.0,-30.226482152938843,-30.226482152938843,23.45007163286209,6.776410520076752,20.998554229736328,9.227927923202515,1.9392662048339844,-5.408372938632965,-24.818109214305878,-9.039279103279114,1.5590129494667053,27.076327085494995,-12.189434170722961,23.226967096328735,-39.26576125621796,-30.6884925365448,0.46201038360595703,-29.690534979104996,-0.535947173833847,-29.716268241405487,-0.5102139115333557,-30.46466436982155,0.2381822168827057,-32.55867316015065,2.3321910072118044,-32.55802719248459,2.3315450395457447,-30.32115215063095,0.09466999769210815,-3.651821196079254,-26.57466095685959,-1.0496643781661987,-29.176817774772644,28.28721594810486,1.9392662048339844,-1.778028361937579,1.3794159784036524,0.3986123835339266,1.0,1.7413296909727856e-12,0.9999949119530547,8.178174230723743e-11,0.8857845859181973,0.9996066869555593,0.9999949119513133,0.0,0.0,0.0
qwen2.5-0.5b,toolshed,toolshed-0042-s2-name_for_email-3,-7.333358347415924,-5.947207987308502,-7.471555948257446,-6.218851804733276,-14.913427114486694,-23.320723295211792,-4.953135251998901,-10.467002153396606,-4.435544043779373,-8.202069759368896,-4.784326910972595,-9.918503761291504,-4.115675210952759,-8.915390729904175,-1.4040277004241943,-7.314506649971008,-0.2855408042669296,-8.156225949525833,-14.588605165481567,-6.663578033447266,-5.710047006607056,-13.373304605484009,-5.551631689071655,-10.417361974716187,-11.913985252380371,-21.370640754699707,-9.570161819458008,-19.047093391418457,-14.229491710662842,-21.607950687408447,-11.814249515533447,-8.851186752319336,-8.124881625175476,-15.841505527496338,False,True,False,True,False,False,False,False,False,False,False,False,False,False,True,False,True,False,False,False,False,False,False,False,False,False,False,False,False,False,False,False,False,False,23.0,27.0,23.0,27.0,18.0,27.0,23.0,27.0,23.0,27.0,23.0,27.0,23.0,27.0,23.0,27.0,23.0,27.0,23.0,27.0,23.0,27.0,23.0,27.0,23.0,27.0,23.0,27.0,18.0,27.0,23.0,27.0,23.0,27.0,653.0,637.0,683.0,683.0,710.0,710.0,740.0,797.0,668.0,676.0,695.0,665.0,685.0,626.0,667.0,-6.861114263534546,-6.861114263534546,-0.09973573684692383,6.96085000038147,2.2440876960754395,4.6170265674591064,3.1717463731765747,-4.480891168117523,-2.3802230954170227,-1.6158154010772705,2.9039787650108337,2.9630627632141113,-5.513866901397705,1.3861503601074219,-8.476929664611816,-7.029922604560852,0.16880834102630615,-6.104202508926392,-0.7569117546081543,-6.262617826461792,-0.5984964370727539,-7.6985743045806885,0.8374600410461426,-10.410221815109253,3.549107551574707,-11.528708711266518,4.667594447731972,-7.378705471754074,0.5175912082195282,2.77435564994812,-9.635469913482666,-4.342693567276001,-2.518420696258545,3.689367890357971,3.1717463731765747,-0.2983093158058498,-0.004336336384648862,0.30264565219049866,1.0,0.04890796109081148,0.9959388192554214,0.20002304115734018,0.9999218385240611,0.999554836605629,0.9470308581646099,0.0,0.0,0.0
qwen2.5-0.5b,toolshed,toolshed-0043-s0-date_format-3,-26.069478511810303,-9.746300220489502,-24.404109954833984,-7.046294450759888,-15.927936315536499,-15.676289319992065,-3.5560009479522705,-8.264532327651978,-3.556016683578491,-8.264548540115356,-2.487764000892639,-6.080718636512756,-3.392498016357422,-8.065004348754883,-0.6895859241485596,-4.696648895740509,-0.1161920316517353,-6.412419129163027,-19.349742531776428,-1.901317059993744,-4.215550065040588,-7.221183776855469,-2.967669129371643,-8.693838000297546,-6.097749590873718,-5.73127019405365,-7.298620820045471,-6.366373181343079,-19.040226936340332,-21.569796562194824,-33.42237186431885,-13.65617847442627,-8.88682758808136,-11.088441848754883,False,False,False,False,False,False,False,False,False,False,False,False,False,False,True,False,True,False,False,True,False,False,False,False,False,False,False,False,False,False,False,False,False,False,7.0,15.0,7.0,15.0,15.0,15.0,7.0,15.0,7.0,15.0,7.0,15.0,7.0,15.0,7.0,15.0,7.0,15.0,7.0,15.0,7.0,15.0,7.0,15.0,7.0,15.0,7.0,15.0,15.0,15.0,7.0,15.0,7.0,15.0,576.0,560.0,588.0,588.0,599.0,615.0,627.0,666.0,593.0,577.0,602.0,572.0,589.0,549.0,617.0,-29.866370916366577,-29.866370916366577,27.32462227344513,2.5417486429214478,26.123751044273376,3.7426198720932007,5.330826640129089,-7.352893352508545,-22.513477563858032,5.391646146774292,3.9098782539367676,19.766193389892578,-4.708531379699707,16.3231782913208,-24.474724769592285,-30.93460786342621,1.0682369470596313,-29.20682179927826,-0.6595491170883179,-30.454702734947205,0.5883318185806274,-30.029873847961426,0.16350293159484863,-32.73278594017029,2.866415023803711,-33.30617983266711,3.439808916300535,-29.866355180740356,-1.5735626220703125e-05,-14.07262933254242,-15.793741583824158,-9.018261909484863,-20.848109006881714,24.535544276237488,5.330826640129089,-4.266624416623797,3.9035174676350186,0.36310694898877827,1.0,2.591222431804134e-09,0.9910530745529997,8.14579930089552e-08,0.4093919965424128,0.9003943783885776,0.9910530719617773,0.0,0.0,0.0
qwen2.5-0.5b,toolshed,toolshed-0044-s1-type_swap-3,-9.328678846359253,-4.185735106468201,-8.620142459869385,-3.714344084262848,-11.058825492858887,-13.6881685256958,-11.906939029693604,-7.404662191867828,-10.693228244781494,-7.87565553188324,-12.477586269378662,-8.822899401187897,-13.651971817016602,-8.875133275985718,-3.304655909538269,-2.1917814016342163,-0.9345771372318268,-1.5562508404254913,-9.67813515663147,-4.428390860557556,-12.025553703308105,-6.761482357978821,-10.296399116516113,-7.15743163228035,-8.65360176563263,-9.880369424819946,-8.95163869857788,-10.832395315170288,-10.596915483474731,-8.473247051239014,-8.386502027511597,-3.362740397453308,-7.628946453332901,-10.244446992874146,False,False,False,False,False,False,False,False,False,False,False,False,False,False,False,False,True,False,False,False,False,False,False,False,False,False,False,False,False,False,False,False,False,False,40.0,40.0,40.0,40.0,29.0,40.0,40.0,40.0,40.0,40.0,40.0,40.0,40.0,40.0,40.0,40.0,40.0,40.0,40.0,40.0,40.0,40.0,40.0,40.0,40.0,40.0,40.0,40.0,29.0,40.0,40.0,40.0,40.0,40.0,645.0,628.0,690.0,690.0,734.0,717.0,763.0,836.0,671.0,683.0,723.0,673.0,692.0,617.0,674.0,3.520437002182007,3.520437002182007,-0.2670997381210327,-3.253337264060974,-0.5651366710662842,-2.9553003311157227,-4.2779925763607025,0.9421768188476562,2.5782601833343506,-4.04192179441452,-0.8229947090148926,5.023761630058289,4.502276837825775,5.142943739891052,-0.5214847922325134,4.091084241867065,-0.5706472396850586,3.639051675796509,-0.11861467361450195,1.9098970890045166,1.6105399131774902,5.265469789505005,-1.745032787322998,-5.081846117973328,8.602283120155334,-7.45192489027977,10.972361892461777,2.3067262172698975,1.2137107849121094,1.291633129119873,2.228803873062134,0.23364043235778809,3.2867965698242188,0.7575555741786957,-4.2779925763607025,0.08801092505455017,-0.006677493453025818,-0.08133343160152436,0.0,0.006493148281176392,0.01066939945542886,0.005806558513956308,0.7732523383597856,0.9318525300286556,0.004176251174252469,0.0,0.0,0.0
qwen2.5-0.5b,toolshed,toolshed-0047-s0-type_swap-3,-10.73052442073822,-4.1948946714401245,-13.159299850463867,-4.22015643119812,-14.861800193786621,-15.03669261932373,-5.557955265045166,-6.255324602127075,-5.557943105697632,-6.255296468734741,-4.220935940742493,-5.198209524154663,-5.518857002258301,-6.097708463668823,-1.6138553470373154,-4.811272382736206,-0.3846345655620098,-5.403888672590256,-13.526169776916504,-7.469588279724121,-9.971625804901123,-9.165082931518555,-4.840732753276825,-6.583076000213623,-18.24097728729248,-18.808395385742188,-18.623051643371582,-22.97148323059082,-18.26297913491726,-11.192180261015892,-12.136693581938744,-1.1260142773389816,-18.080942630767822,-18.129836559295654,False,False,False,False,False,False,False,False,False,False,False,False,False,False,False,False,True,False,False,False,False,False,False,False,False,False,False,False,False,False,False,True,False,False,17.0,17.0,17.0,17.0,12.0,17.0,17.0,17.0,17.0,17.0,17.0,17.0,17.0,17.0,17.0,17.0,17.0,17.0,17.0,17.0,17.0,17.0,17.0,17.0,17.0,17.0,17.0,17.0,12.0,17.0,17.0,17.0,17.0,17.0,575.0,558.0,594.0,594.0,615.0,621.0,641.0,688.0,584.0,587.0,618.0,580.0,590.0,547.0,585.0,-6.578738316893578,-6.578738316893578,-6.104283705353737,12.683022022247314,-6.486358061432838,13.065096378326416,12.522987365722656,-1.4061691612005234,-5.172569155693054,-5.129310324788094,-3.068880394101143,11.010679304599762,-0.6973693370819092,6.535629749298096,-11.708048641681671,-7.915757641196251,1.3370193243026733,-2.1650677770376205,-4.413670539855957,-7.295960828661919,0.7172225117683411,-6.617836579680443,0.039098262786865234,-10.522838234901428,3.9440999180078506,-11.752059016376734,5.173320699483156,-6.578750476241112,1.2159347534179688e-05,1.3894761949777603,-7.968214511871338,1.0226062685251236,-7.601344585418701,-5.944249048829079,12.522987365722656,-0.3869846068760928,-0.35907551207963156,0.7460601189557243,1.0,1.652331149172297e-05,0.667529601794827,0.0014487132751417778,0.6381672016504272,0.5122210475760505,0.6675130784833353,0.0,0.0,0.0
qwen2.5-0.5b,toolshed,toolshed-0047-s1-readonly_target-3,-27.69633176922798,-3.6552927792072296,-32.52132773399353,-5.873836278915405,-23.340925991535187,-21.552719116210938,-2.451149642467499,-14.474094212055206,-2.636919856071472,-5.389524936676025,-1.6255085468292236,-10.933575868606567,-2.0208303332328796,-13.047223269939423,-0.08002223633229733,-16.90735161304474,-0.10284651117399335,-11.997537612915039,-30.190007090568542,-2.3828439712524414,-2.498346269130707,-13.009505212306976,-2.4826812744140625,-12.649567723274231,-8.250536292791367,-11.358651965856552,-8.53750741481781,-10.488447546958923,-16.99707269668579,-18.25743865966797,-34.227839946746826,-5.924637079238892,-3.9397236108779907,-13.191251993179321,False,False,False,False,False,False,False,False,False,False,False,False,False,False,True,False,True,False,False,False,False,False,False,False,False,False,False,False,False,False,False,False,False,False,18.0,19.0,18.0,19.0,9.0,19.0,18.0,19.0,18.0,19.0,18.0,19.0,18.0,19.0,18.0,19.0,18.0,19.0,18.0,19.0,18.0,19.0,18.0,19.0,18.0,19.0,18.0,19.0,9.0,19.0,18.0,19.0,18.0,19.0,612.0,596.0,632.0,632.0,654.0,659.0,679.0,726.0,618.0,627.0,642.0,619.0,629.0,585.0,624.0,-31.776690304279327,-31.776690304279327,25.97730365395546,5.799386650323868,25.690332531929016,6.086357772350311,1.488573968410492,-6.531508177518845,-25.245182126760483,-8.549457132816315,2.269344300031662,28.303202867507935,-12.022944569587708,24.041038990020752,-40.32614743709564,-32.6023313999176,0.8256410956382751,-31.72949367761612,-0.04719662666320801,-31.745158672332764,-0.03153163194656372,-32.20700961351395,0.43031930923461914,-34.14781771041453,2.3711274061352015,-34.12499343557283,2.3483031312935054,-31.590920090675354,-0.1857702136039734,-4.037832856178284,-27.738857448101044,-1.706512212753296,-30.07017809152603,30.288116335868835,1.488573968410492,-1.7653716835710738,1.443183536330859,0.3221881472402149,1.0,5.10583192984831e-13,0.9999939892867786,3.623342827973763e-11,0.957226270076781,0.9999040443394601,0.999993989286268,0.0,0.0,0.0
qwen2.5-0.5b,toolshed,toolshed-0048-s2-name_for_email-3,-8.488496363162994,-5.282043516635895,-11.348780274391174,-6.810613751411438,-9.814532041549683,-19.043782949447632,-4.901380181312561,-5.33856475353241,-3.70893993973732,-7.450462102890015,-5.3081910610198975,-6.021935939788818,-4.109476327896118,-4.228574156761169,-1.67339289188385,-3.287462592124939,-0.38051486760377884,-4.224020332098007,-12.557900190353394,-6.939105749130249,-4.977783679962158,-4.688884258270264,-5.848052263259888,-7.496757507324219,-11.833980083465576,-14.469116687774658,-11.002131462097168,-13.74532699584961,-14.299392223358154,-24.13963747024536,-16.26806402206421,-10.419244766235352,-5.480898499488831,-9.956968784332275,False,True,False,False,False,False,False,False,False,False,False,False,False,False,True,False,True,False,False,False,False,False,False,False,False,False,False,False,False,False,False,False,False,False,22.0,26.0,22.0,26.0,17.0,26.0,22.0,26.0,22.0,26.0,22.0,26.0,22.0,26.0,22.0,26.0,22.0,26.0,22.0,26.0,22.0,26.0,22.0,26.0,22.0,26.0,22.0,26.0,17.0,26.0,22.0,26.0,22.0,26.0,653.0,637.0,682.0,682.0,708.0,709.0,738.0,794.0,667.0,675.0,694.0,664.0,682.0,626.0,667.0,-11.366683840751648,-11.366683840751648,4.434083938598633,6.932599902153015,5.265932559967041,6.100751280784607,0.5795183181762695,-7.779567658901215,-3.5871161818504333,5.080680012702942,5.137201249599457,5.848819255828857,-0.43718457221984863,3.2064528465270996,-6.286003828048706,-10.959872961044312,-0.4068108797073364,-11.29028034210205,-0.07640349864959717,-10.420011758804321,-0.9466720819473267,-12.15858769416809,0.7919038534164429,-14.594671130180359,3.227987289428711,-15.88754915446043,4.520865313708782,-12.559124082326889,1.192440241575241,-3.7101638317108154,-7.6565200090408325,-4.919283747673035,-6.447400093078613,10.787165522575378,0.5795183181762695,-0.5166674473068931,0.20154926993630148,0.3151181773705916,1.0,0.0028170111718646192,0.6048866775372096,0.03892361157168963,0.9330889622232366,0.9887499654551336,0.602069666365345,0.0,0.0,0.0
qwen2.5-0.5b,toolshed,toolshed-0050-s1-date_format-4,-19.246535778045654,-4.348663568496704,-19.900749683380127,-4.1561598777771,-15.585151672363281,-17.757975578308105,-6.335304021835327,-9.68864369392395,-9.173218727111816,-11.917533159255981,-8.874947726726532,-11.9221932888031,-7.811262488365173,-10.885262966156006,-1.0246463418006897,-4.650048613548279,-0.4175015985965729,-5.22392264008522,-25.072508335113525,-5.435420274734497,-7.194611132144928,-8.518771171569824,-6.286802291870117,-9.914650440216064,-8.574167013168335,-12.483736991882324,-8.967279434204102,-11.479958057403564,-11.034901142120361,-8.663419246673584,-20.28412675857544,-3.8723785877227783,-7.384494990110397,-13.787178039550781,False,False,False,False,False,False,False,False,False,False,False,False,False,False,True,False,True,False,False,False,False,False,False,False,False,False,False,False,False,False,False,False,False,False,40.0,40.0,40.0,40.0,29.0,40.0,40.0,40.0,40.0,40.0,40.0,40.0,40.0,40.0,40.0,40.0,40.0,40.0,40.0,40.0,40.0,40.0,40.0,40.0,40.0,40.0,40.0,40.0,29.0,40.0,40.0,40.0,40.0,40.0,644.0,628.0,697.0,697.0,741.0,724.0,777.0,857.0,671.0,686.0,711.0,673.0,698.0,617.0,674.0,-13.948822736740112,-13.948822736740112,11.709959745407104,2.238862991333008,11.316847324371338,2.6319754123687744,1.0491909682750702,-1.0375909805297852,-12.911231756210327,-5.816265106201172,-0.4762849807739258,16.41174817085266,-3.353339672088623,14.89787220954895,-19.765087842941284,-11.409179031848907,-2.539643704891205,-13.089515626430511,-0.8593071103096008,-13.997324466705322,0.04850172996520996,-12.472864270210266,-1.4759584665298462,-19.25948041677475,5.3106576800346375,-19.866625159978867,5.917802423238754,-11.110908031463623,-2.8379147052764893,4.788381576538086,-18.7372043132782,-0.3833770751953125,-13.5654456615448,12.899631768465042,1.0491909682750702,-0.3487205684185028,0.2927489936351776,0.05597157478332519,1.0,7.388277011583013e-08,0.9661140798970347,3.387943508366597e-07,0.9803449457982583,0.9983456362467036,0.9661140060142646,0.0,0.0,0.0
qwen2.5-0.5b,toolshed,toolshed-0051-s1-readonly_target-3,-37.140252351760864,-7.61440110206604,-43.62314820289612,-12.090447664260864,-23.322186708450317,-25.782519340515137,-2.0640262365341187,-17.41201138496399,-11.547332286834717,-14.665343284606934,-1.541430115699768,-17.321466982364655,-1.8789381980895996,-16.237165927886963,-0.11661269888281822,-18.396262541413307,-0.059927213471382856,-19.010070748627186,-36.86275355517864,-4.744086429476738,-2.1650221049785614,-14.424842923879623,-2.3199011087417603,-15.659359335899353,-7.220568418502808,-12.959072828292847,-14.930900573730469,-11.067002296447754,-17.207273483276367,-24.734203338623047,-47.415085792541504,-12.336772918701172,-2.6208193600177765,-13.038532257080078,False,False,False,False,False,False,True,False,False,False,True,False,True,False,True,False,True,False,False,False,True,False,True,False,False,False,False,False,False,False,False,False,False,False,27.0,29.0,27.0,29.0,10.0,29.0,27.0,29.0,27.0,29.0,27.0,29.0,27.0,29.0,27.0,29.0,27.0,29.0,27.0,29.0,27.0,29.0,27.0,29.0,27.0,29.0,27.0,29.0,10.0,29.0,27.0,29.0,27.0,29.0,704.0,688.0,733.0,733.0,764.0,760.0,789.0,845.0,711.0,728.0,743.0,720.0,737.0,677.0,726.0,-45.351059556007385,-45.351059556007385,40.194517374038696,5.156542181968689,32.484185218811035,12.86687433719635,0.5567931234836578,-10.27483344078064,-35.076226115226746,-5.075238466262817,4.722371816635132,35.07831287384033,-15.34798514842987,29.525851249694824,-50.4262980222702,-45.873655676841736,0.5225961208343506,-45.25006368756294,-0.10099586844444275,-45.095184683799744,-0.2558748722076416,-45.536147594451904,0.18508803844451904,-47.298473093658686,1.9474135376513004,-47.35515857907012,2.004099023062736,-35.86775350570679,-9.483306050300598,-10.552332237362862,-34.798727318644524,-3.7919375896453857,-41.559121966362,44.79426643252373,0.5567931234836578,-1.679668872444718,1.4886858286681,0.19098304377661812,1.0,5.785786187050895e-16,0.999999783363798,1.5034387122461754e-13,0.9967907525798818,0.9999701027123222,0.9999997833637975,0.0,1.0,0.0
qwen2.5-0.5b,toolshed,toolshed-0052-s1-date_format-3,-17.324646472930908,-1.3524146378040314,-19.471447467803955,-3.2424077838659286,-9.801766633987427,-22.298470497131348,-2.6712730526924133,-4.743005752563477,-1.0214497745037079,-5.529540777206421,-2.08356112241745,-4.822750210762024,-1.9988561868667603,-3.7565245628356934,-0.5764482170343399,-5.190910279750824,-0.2613812852650881,-6.296642169356346,-14.092142462730408,-2.4715541005134583,-3.632191300392151,-3.171730875968933,-2.284787595272064,-4.369237899780273,-16.047186374664307,-19.146231651306152,-15.764732360839844,-17.58903694152832,-6.38274073600769,-11.798683166503906,-16.742531538009644,-0.40356186032295227,-9.157776951789856,-13.420613288879395,False,True,False,False,False,False,False,False,True,False,True,False,True,False,True,False,True,False,False,True,False,False,True,False,False,False,False,False,False,False,False,True,False,False,24.0,24.0,24.0,24.0,11.0,24.0,24.0,24.0,24.0,24.0,24.0,24.0,24.0,24.0,24.0,24.0,24.0,24.0,24.0,24.0,24.0,24.0,24.0,24.0,24.0,24.0,24.0,24.0,11.0,24.0,24.0,24.0,24.0,24.0,610.0,593.0,647.0,647.0,675.0,674.0,712.0,777.0,618.0,635.0,661.0,622.0,646.0,582.0,632.0,-14.07125848531723,-14.07125848531723,0.6953451633453369,13.375913321971893,0.9777991771697998,13.09345930814743,6.486503899097443,0.5821149349212646,-14.653373420238495,-4.339443892240524,-0.9488527774810791,16.33896967768669,-2.0717326998710632,15.972231835126877,-18.410702377557755,-14.658970415592194,0.5877119302749634,-13.110340237617493,-0.9609182476997375,-14.45774394273758,0.3864854574203491,-14.743675351142883,0.6724168658256531,-16.166083320975304,2.0948248356580734,-16.481150252744555,2.4098917674273252,-15.721081763505936,1.6498232781887054,-2.650389075279236,-11.420869410037994,2.7289159297943115,-16.80017441511154,7.584754586219788,6.486503899097443,-0.5863024368882179,0.028972715139389038,0.5573297217488289,1.0,7.997844422869612e-08,0.887494413342547,1.1570384731065178e-07,0.9568533464735707,0.9861132538230274,0.8874943333641028,0.0,0.0,0.0
qwen2.5-0.5b,toolshed,toolshed-0053-s1-readonly_target-3,-27.779831171035767,-3.5816526412963867,-32.96350598335266,-5.852390289306641,-22.970234870910645,-21.34552001953125,-2.4763076305389404,-14.238600730895996,-2.720293879508972,-5.700501441955566,-1.6196494102478027,-10.731574475765228,-1.9508309960365295,-12.731322586536407,-0.07813640125095844,-16.5728779733181,-0.09963663620874286,-11.54641281068325,-30.46448588371277,-2.1951276063919067,-2.813062012195587,-13.033049643039703,-2.5958173871040344,-12.535947740077972,-7.727709650993347,-11.570408701896667,-8.93386709690094,-11.557481408119202,-16.50237226486206,-17.9086856842041,-34.128910541534424,-5.2274439334869385,-4.158058762550354,-13.212501764297485,False,False,False,False,False,False,False,False,False,False,True,False,False,False,True,False,True,False,False,True,False,False,False,False,False,False,False,False,False,False,False,False,False,False,18.0,19.0,18.0,19.0,9.0,19.0,18.0,19.0,18.0,19.0,18.0,19.0,18.0,19.0,18.0,19.0,18.0,19.0,18.0,19.0,18.0,19.0,18.0,19.0,18.0,19.0,18.0,19.0,9.0,19.0,18.0,19.0,18.0,19.0,612.0,596.0,632.0,632.0,654.0,659.0,679.0,726.0,618.0,627.0,642.0,619.0,628.0,585.0,624.0,-31.652602910995483,-31.652602910995483,26.401200890541077,5.251402020454407,25.195043444633484,6.4575594663619995,1.6817511320114136,-6.349079370498657,-25.303523540496826,-9.011156797409058,1.6457912921905518,28.901466608047485,-11.762293100357056,24.19817852973938,-40.66375970840454,-32.50926113128662,0.8566582202911377,-31.315848529338837,-0.33675438165664673,-31.53309315443039,-0.119509756565094,-32.178079545497894,0.5254766345024109,-34.050774140283465,2.398171229287982,-34.02927390532568,2.3766709943301976,-31.40861666202545,-0.24398624897003174,-3.6644246578216553,-27.988178253173828,-1.1654045581817627,-30.48719835281372,29.97085177898407,1.6817511320114136,-1.7584779394997492,1.4667333828078375,0.29174455669191146,1.0,2.807021074094113e-13,0.999992199483181,3.096453713146122e-11,0.9790141778604508,0.9998831430318591,0.9999921994829003,0.0,0.0,0.0
qwen2.5-0.5b,toolshed,toolshed-0054-s2-name_for_email-3,-9.627678334712982,-5.810384213924408,-12.639983296394348,-7.384812951087952,-10.187429428100586,-19.551753044128418,-5.2094868421554565,-5.935588121414185,-3.53025358915329,-7.019158840179443,-5.722043395042419,-6.451835870742798,-4.370604753494263,-4.820457696914673,-1.7816118597984314,-3.2768020629882812,-0.4055703729391098,-3.9598312973976135,-13.37588620185852,-7.18146824836731,-5.225519180297852,-4.670572996139526,-5.752660751342773,-7.6967127323150635,-12.279851913452148,-15.130664825439453,-10.896097898483276,-14.08773398399353,-14.668366432189941,-24.671591758728027,-17.61079692840576,-11.021307945251465,-5.367519199848175,-9.5223388671875,False,False,False,False,False,False,False,False,False,False,False,False,False,False,True,False,True,False,False,False,False,False,False,False,False,False,False,False,False,False,False,False,False,False,22.0,26.0,22.0,26.0,17.0,26.0,22.0,26.0,22.0,26.0,22.0,26.0,22.0,26.0,22.0,26.0,22.0,26.0,22.0,26.0,22.0,26.0,22.0,26.0,22.0,26.0,22.0,26.0,17.0,26.0,22.0,26.0,22.0,26.0,653.0,637.0,682.0,682.0,708.0,709.0,738.0,794.0,667.0,675.0,694.0,664.0,679.0,626.0,667.0,-12.401310086250305,-12.401310086250305,5.330945014953613,7.070365071296692,6.714699029922485,5.68661105632782,0.1580323576927185,-7.9831185936927795,-4.418191492557526,5.08571982383728,5.210923731327057,6.589488983154297,-0.726101279258728,3.817294120788574,-7.315590262413025,-11.888753533363342,-0.5125565528869629,-12.38527774810791,-0.01603233814239502,-11.858136177062988,-0.5431739091873169,-13.240192174911499,0.8388820886611938,-15.82918506860733,3.427874982357025,-17.205226555466652,4.803916469216347,-14.080543339252472,1.6792332530021667,-4.234910726547241,-8.166399359703064,-4.970813632011414,-7.430496454238892,12.243277728557587,0.1580323576927185,-0.5636959130113776,0.2423156824978915,0.321380230513486,1.0,0.0013380221342536348,0.6708346534362859,0.021514178352819237,0.9453606880292843,0.9845537109154197,0.6694966313020323,0.0,0.0,0.0
qwen2.5-0.5b,toolshed,toolshed-0056-s1-type_swap-3,-9.319013118743896,-4.123648405075073,-8.769232749938965,-3.8432475328445435,-11.459989070892334,-13.809772968292236,-11.817506313323975,-7.4266170263290405,-10.36508584022522,-7.656636714935303,-12.622477054595947,-8.984618663787842,-13.170080661773682,-8.55728816986084,-3.369620203971863,-2.154076874256134,-1.0523001551628113,-1.4254396557807922,-10.013681411743164,-4.531413912773132,-12.557728290557861,-7.174996495246887,-10.424444437026978,-7.379081547260284,-8.581708312034607,-9.879459619522095,-9.296118974685669,-10.649198293685913,-11.111446857452393,-8.126087427139282,-8.335906028747559,-3.3554850220680237,-7.879415422677994,-10.7796151638031,False,False,False,False,False,False,False,False,False,False,False,False,False,False,False,False,True,False,False,False,False,False,False,False,False,False,False,False,False,False,False,False,False,False,39.0,39.0,39.0,39.0,29.0,39.0,39.0,39.0,39.0,39.0,39.0,39.0,39.0,39.0,39.0,39.0,39.0,39.0,39.0,39.0,39.0,39.0,39.0,39.0,39.0,39.0,39.0,39.0,29.0,39.0,39.0,39.0,39.0,39.0,644.0,627.0,688.0,688.0,731.0,715.0,760.0,832.0,670.0,681.0,720.0,671.0,688.0,616.0,672.0,3.481600284576416,3.481600284576416,-0.24580228328704834,-3.2357980012893677,-0.9602129459381104,-2.5213873386383057,-3.938090890645981,0.9831070899963379,2.498493194580078,-4.071132004261017,-0.7681633830070496,4.980421006679535,4.390889286994934,5.195364713668823,-0.5895317196846008,4.286571025848389,-0.8049707412719727,4.221822261810303,-0.7402219772338867,2.088538408279419,1.393061876296997,4.834174633026123,-1.352574348449707,-4.966285824775696,8.447886109352112,-7.283605873584747,10.765206158161163,2.029179811477661,1.4524204730987549,1.6777753829956055,1.8038249015808105,0.43332672119140625,3.0482735633850098,0.4564906060695648,-3.938090890645981,0.08927180216862605,-0.0063026226483858545,-0.0829691795202402,0.0,0.006764462288631429,0.012007926503426617,0.005511648006214488,0.7854562885267942,0.9478563099550509,0.0052434642147951875,0.0,0.0,0.0
qwen2.5-0.5b,toolshed,toolshed-0059-s0-type_swap-3,-10.800559163093567,-5.027748942375183,-12.599040985107422,-4.587361812591553,-14.819725513458252,-14.838029384613037,-7.09733247756958,-6.295194149017334,-7.097333669662476,-6.295175790786743,-4.500949144363403,-5.029717445373535,-6.884290456771851,-6.219495534896851,-2.101893961429596,-4.658854365348816,-0.5438800528645515,-5.135084807872772,-12.742296695709229,-6.893622159957886,-11.511218547821045,-8.616096496582031,-4.866413652896881,-6.4881110191345215,-15.212246894836426,-16.97194766998291,-16.832244873046875,-19.51660919189453,-18.229867815971375,-9.730404734611511,-11.173101305961609,-1.4190995693206787,-18.864273071289062,-19.778082847595215,False,False,False,False,False,False,False,False,False,False,False,False,False,False,False,False,True,False,False,False,False,False,False,False,False,False,False,False,False,False,False,True,False,False,17.0,17.0,17.0,17.0,12.0,17.0,17.0,17.0,17.0,17.0,17.0,17.0,17.0,17.0,17.0,17.0,17.0,17.0,17.0,17.0,17.0,17.0,17.0,17.0,17.0,17.0,17.0,17.0,12.0,17.0,17.0,17.0,17.0,17.0,575.0,558.0,594.0,594.0,615.0,621.0,641.0,688.0,584.0,587.0,618.0,580.0,596.0,547.0,585.0,-4.075768828392029,-4.075768828392029,-4.039145588874817,8.114914417266846,-5.659143567085266,9.734912395477295,11.766940593719482,-0.372542142868042,-3.703226685523987,-4.876094579696655,-3.6086493730545044,9.75400173664093,0.8021383285522461,5.772810220718384,-8.951863408088684,-6.672152161598206,2.5963833332061768,0.33811724185943604,-4.413886070251465,-6.306687653064728,2.230918824672699,-4.288810849189758,0.2130420207977295,-9.071207344532013,4.995438516139984,-10.629221253097057,6.5534524247050285,-4.075767636299133,-1.1920928955078125e-06,1.5691953897476196,-5.644964218139648,1.425939679145813,-5.501708507537842,-7.691171765327454,11.766940593719482,-0.23975110755247228,-0.23759679934557745,0.47734790689804973,1.0,5.804421411569093e-05,0.3094842188344808,0.00310135429301101,0.8531721804385336,0.7137791277644169,0.3094261746203651,0.0,0.0,0.0
qwen2.5-0.5b,toolshed,toolshed-0059-s1-readonly_target-3,-29.403775453567505,-4.255321979522705,-34.97258424758911,-6.8163065910339355,-22.575262486934662,-21.259599685668945,-2.4334911704063416,-13.958695828914642,-3.247692108154297,-5.8210673332214355,-1.584378182888031,-10.950859248638153,-1.9663565158843994,-12.552445769309998,-0.07432394754141569,-16.57530503720045,-0.10642467951402068,-11.39520937949419,-31.215115010738373,-2.452917993068695,-2.4035197496414185,-12.434336304664612,-2.557421922683716,-12.410158634185791,-8.00359970331192,-11.401966154575348,-8.476818442344666,-10.870468020439148,-17.984305381774902,-16.578382968902588,-36.612149238586426,-6.766645669937134,-4.212523281574249,-13.211564540863037,False,False,False,False,False,False,False,False,False,False,True,False,False,False,True,False,True,False,False,True,False,False,False,False,False,False,False,False,False,False,False,False,False,False,18.0,19.0,18.0,19.0,9.0,19.0,18.0,19.0,18.0,19.0,18.0,19.0,18.0,19.0,18.0,19.0,18.0,19.0,18.0,19.0,18.0,19.0,18.0,19.0,18.0,19.0,18.0,19.0,9.0,19.0,18.0,19.0,18.0,19.0,612.0,596.0,632.0,632.0,654.0,659.0,679.0,726.0,618.0,627.0,642.0,619.0,629.0,585.0,624.0,-34.178658068180084,-34.178658068180084,28.608549535274506,5.570108532905579,28.13533079624176,6.043327271938324,1.7790321111679077,-7.208373785018921,-26.970284283161163,-7.1920501589775085,2.5113236904144287,29.845503568649292,-11.5252046585083,25.1484534740448,-41.37070822715759,-35.027771055698395,0.8491129875183105,-34.20862948894501,0.029971420764923096,-34.05472731590271,-0.12393075227737427,-34.645792722702026,0.46713465452194214,-36.53782529104501,2.359167222864926,-36.505724559072405,2.327066490892321,-33.36445713043213,-0.8142009377479553,-5.397034227848053,-28.78162384033203,-1.6395649909973145,-32.53909307718277,32.39962595701218,1.7790321111679077,-1.8988143371211157,1.5893638630708058,0.3094504740503099,1.0,1.092025690577423e-13,0.9999901136832337,1.1971964705175236e-11,0.9676534438490557,0.9998764870785,0.9999901136831244,0.0,0.0,0.0
qwen3-0.6b,toolshed,toolshed-0000-s0-arg_typo-1,-13.872104093432426,-4.3247551172971725,,,-8.680348992347717,-31.953385949134827,-10.405494332313538,-1.7276631519198418,,,,,,,,,,,,,,,,,-2.0277608605101705,-11.086747646331787,,,-16.16041350364685,-37.85737586021423,-16.08503794670105,-6.891718626022339,-1.316768929362297,-9.319741606712341,False,False,,,False,False,False,False,,,,,,,,,,,,,,,,,False,False,,,False,False,False,False,False,False,10.0,9.0,,,9.0,7.0,10.0,9.0,,,,,,,,,,,,,,,,,10.0,9.0,,,9.0,7.0,10.0,9.0,10.0,9.0,580.0,,595.0,,,,,,,,,578.0,,552.0,602.0,-5.679543614387512,-5.679543614387512,14.05727708619088,-8.377733471803367,,,-9.08872540295124,-2.2129338532686234,-3.466609761118889,5.164055474102497,2.5669635087251663,9.193319320678711,8.677831180393696,9.547348976135254,-0.5154881402850151,,,,,,,,,,,,,,,,,,,14.768269017338753,-9.08872540295124,-0.5679543614387512,1.405727708619088,-0.8377733471803367,1.0,0.00010169673601373352,0.0001701284308715103,7.138517352759932e-05,0.9998836727385755,0.9996656449442054,6.84316948577768e-05,0.0,0.0,0.0
qwen3-0.6b,toolshed,toolshed-0000-s0-hallucinated_entity-2,-36.03223115205765,-5.100807964801788,,,-19.822635293006897,-19.23087465763092,-8.033519387245178,-6.181184887886047,,,,,,,,,,,,,,,,,-5.563717603683472,-1.9654464833438396,,,-16.160390377044678,-16.085033893585205,-37.85734701156616,-6.891724109649658,-4.245184659957886,-1.05734608694911,False,False,,,False,False,False,False,,,,,,,,,,,,,,,,,False,False,,,False,False,False,False,False,True,7.0,9.0,,,9.0,10.0,7.0,9.0,,,,,,,,,,,,,,,,,7.0,9.0,,,9.0,10.0,7.0,9.0,7.0,9.0,577.0,,592.0,,,,,,,,,575.0,,552.0,597.0,-29.823827624320984,-29.823827624320984,32.29362940788269,-2.4698017835617065,,,-3.7883347272872925,-1.8251158595085144,-27.99871176481247,0.7105392217636108,1.7909161448478699,30.965622901916504,1.8523344993591309,30.93142318725586,-29.113288402557373,,,,,,,,,,,,,,,,,,,33.612162351608276,-3.7883347272872925,-4.260546803474426,4.6133756296975275,-0.3528288262231009,1.0,3.5621787544009793e-14,0.13559864138075567,3.686834071805803e-14,0.02664179022146118,0.03962595244729371,0.13559864138072006,0.0,0.0,0.0
qwen3-0.6b,toolshed,toolshed-0000-s2-tool_typo-1,-9.437242150306702,-1.4781570136547089,,,-18.36955189704895,-25.95284104347229,-11.303470849990845,-2.710597096476704,,,,,,,,,,,,,,,,,-20.383207321166992,-16.76143716648221,,,-26.5888671875,-29.279359817504883,-24.94380760192871,-9.209644585847855,-20.050010681152344,-17.539390973746777,False,True,,,False,False,False,False,,,,,,,,,,,,,,,,,False,False,,,False,False,False,False,False,False,26.0,26.0,,,16.0,27.0,26.0,26.0,,,,,,,,,,,,,,,,,26.0,26.0,,,16.0,27.0,26.0,26.0,26.0,26.0,655.0,,685.0,,,,,,,,,672.0,,630.0,670.0,-13.640336751937866,-13.640336751937866,4.560600280761719,9.079736471176147,,,8.746539831161499,-15.50656545162201,1.866228699684143,6.499047489371151,7.731487572193146,15.734163016080856,8.59287375351414,7.959085136651993,-7.1412892625667155,,,,,,,,,,,,,,,,,,,4.893796920776367,8.746539831161499,-0.5246283366129949,0.17540770310621995,0.3492206335067749,1.0,1.4680462832826457e-07,0.00018538805834819244,0.00034935060251544027,0.026039144378951676,0.07511704429830052,0.00018524125371986418,0.0,0.0,0.0
qwen3-0.6b,toolshed,toolshed-0001-s0-date_format-2,-25.236010789871216,-6.101423025131226,,,-9.03096330165863,-13.74668538570404,-8.122180342674255,-1.3641734570264816,,,,,,,,,,,,,,,,,-11.959604978561401,-10.764220148324966,,,-30.165114402770996,-28.254324913024902,-34.69834041595459,-12.859366297721863,-9.03493556380272,-11.100223779678345,False,False,,,False,False,False,False,,,,,,,,,,,,,,,,,False,False,,,False,False,False,False,False,False,15.0,15.0,,,15.0,15.0,15.0,15.0,,,,,,,,,,,,,,,,,15.0,15.0,,,15.0,15.0,15.0,15.0,15.0,15.0,580.0,,608.0,,,,,,,,,584.0,,553.0,637.0,-26.576160073280334,-26.576160073280334,22.73873543739319,3.837424635887146,,,0.9127552211284637,-9.462329626083374,-17.11383044719696,11.495192840695381,6.757943272590637,21.838974118232727,6.758006885647774,19.13458776473999,-15.080967232584953,,,,,,,,,,,,,,,,,,,25.66340485215187,0.9127552211284637,-1.7717440048853557,1.5159156958262126,0.25582830905914306,1.0,3.2768302724458347e-10,0.0011596472630159393,4.897270785088591e-09,0.23229724681733685,0.8874833166437764,0.001159646935332912,0.0,0.0,0.0
qwen3-0.6b,toolshed,toolshed-0001-s0-tool_typo-0,-9.401411533355713,-4.89394211769104,,,-15.078351497650146,-22.190399646759033,-8.810322284698486,-1.3225689344108105,,,,,,,,,,,,,,,,,-11.350190699100494,-11.441985189914703,,,-28.254324913024902,-34.69834041595459,-30.165114402770996,-12.859366297721863,-12.765553653240204,-13.347960114479065,False,False,,,False,False,False,False,,,,,,,,,,,,,,,,,False,False,,,False,False,False,False,False,False,15.0,15.0,,,15.0,15.0,15.0,15.0,,,,,,,,,,,,,,,,,15.0,15.0,,,15.0,15.0,15.0,15.0,15.0,15.0,578.0,,597.0,,,,,,,,,584.0,,553.0,582.0,-21.35479211807251,-21.35479211807251,18.8149237036705,2.539868414402008,,,3.9552313685417175,-20.763702869415283,-0.5910892486572266,11.536797363311052,7.965424180030823,17.305748105049133,7.487753350287676,4.507469415664673,-9.817994754761457,,,,,,,,,,,,,,,,,,,17.399560749530792,3.9552313685417175,-1.4236528078715007,1.2543282469113668,0.16932456096013387,1.0,3.049362041419296e-08,0.0005595855402940339,0.010906074004200397,0.5229325220752014,0.641620944855633,0.0005595550466736197,0.0,0.0,0.0
qwen3-0.6b,toolshed,toolshed-0001-s1-tool_typo-0,-4.232410669326782,-1.4837801456451416,,,-17.025331020355225,-18.951996326446533,-3.4250744581222534,-5.56903949379921,,,,,,,,,,,,,,,,,-8.378488121554255,-9.206793710589409,,,-13.277449369430542,-19.514636754989624,-12.497207164764404,-0.7520393282175064,-9.160120186395943,-8.68163001537323,False,False,,,False,False,False,False,,,,,,,,,,,,,,,,,False,False,,,False,False,False,True,False,False,9.0,9.0,,,8.0,9.0,9.0,9.0,,,,,,,,,,,,,,,,,9.0,9.0,,,8.0,9.0,9.0,9.0,9.0,9.0,661.0,,674.0,,,,,,,,,661.0,,636.0,659.0,-9.07213270664215,-9.07213270664215,4.118719043210149,4.953413663432002,,,5.73504572827369,-8.264796495437622,-0.8073362112045288,-4.817000165581703,-0.7317408174276352,11.745167836546898,-2.143965035676956,2.7486305236816406,-13.889132872223854,,,,,,,,,,,,,,,,,,,3.337086978368461,5.73504572827369,-1.0080147451824613,0.4576354492455721,0.5503792959368892,1.0,7.927447886835735e-06,0.8951023458183015,0.06016403966487309,0.6959965363814372,0.3826087126836648,0.8950944183704147,0.0,0.0,0.0
qwen3-0.6b,toolshed,toolshed-0002-s0-hallucinated_entity-2,-31.294190883636475,-7.365355014801025,,,-26.135964393615723,-24.25466823577881,-9.159097671508789,-13.70956039428711,,,,,,,,,,,,,,,,,-5.4244455099105835,-4.485040873289108,,,-20.244231700897217,-17.675825595855713,-32.809531688690186,-9.95598316192627,-7.809033513069153,-6.4009654223918915,False,False,,,False,False,False,False,,,,,,,,,,,,,,,,,False,False,,,False,False,False,False,False,False,7.0,8.0,,,8.0,9.0,7.0,8.0,,,,,,,,,,,,,,,,,7.0,8.0,,,8.0,9.0,7.0,8.0,7.0,8.0,595.0,,610.0,,,,,,,,,593.0,,570.0,615.0,-23.650434017181396,-23.650434017181396,27.385086178779602,-3.7346521615982056,,,-1.3500641584396362,-1.515340805053711,-22.135093212127686,-3.75357723236084,2.590628147125244,22.853548526763916,-4.55046272277832,23.92883586883545,-27.404011249542236,,,,,,,,,,,,,,,,,,,25.000498175621033,-1.3500641584396362,-3.378633431025914,3.912155168397086,-0.5335217373711723,1.0,1.1874694805815126e-10,0.9895477669180546,4.053578835718981e-11,0.28102061889751645,0.19653894801177266,0.9895477667993077,0.0,0.0,0.0
qwen3-0.6b,toolshed,toolshed-0002-s1-arg_typo-2,-14.677240133285522,-0.3036222457885742,,,-13.235073566436768,-13.335057377815247,-7.230803489685059,-2.9079147167503834,,,,,,,,,,,,,,,,,-14.61491745710373,-17.75662875175476,,,-15.88137366459705,-11.940450683236122,-15.866377135971561,-0.02726111956872046,-9.671629190444946,-11.358405351638794,False,True,,,False,False,False,False,,,,,,,,,,,,,,,,,False,False,,,False,False,False,True,False,False,40.0,40.0,,,29.0,40.0,40.0,40.0,,,,,,,,,,,,,,,,,40.0,40.0,,,29.0,40.0,40.0,40.0,40.0,40.0,646.0,,690.0,,,,,,,,,674.0,,618.0,675.0,-8.635573646286502,-8.635573646286502,1.2514596788678318,7.384113967418671,,,2.4408257007598877,-1.1891370026860386,-7.446436643600464,-2.880653597181663,-0.27636112621985376,15.83911601640284,4.322888772934675,14.373617887496948,-11.516227243468165,,,,,,,,,,,,,,,,,,,6.194747945526615,2.4408257007598877,-0.21588934115716257,0.03128649197169579,0.18460284918546677,1.0,1.3217712203739153e-07,0.013087147215114522,5.722908705963492e-07,0.958580878564533,0.8437997230727542,0.013087015037992485,0.0,0.0,0.0
qwen3-0.6b,toolshed,toolshed-0002-s1-type_swap-3,-7.802442565560341,-0.2121439166367054,,,-7.2816431522369385,-14.252389907836914,-8.621687173843384,-3.411126062273979,,,,,,,,,,,,,,,,,-14.85663453862071,-25.2236270904541,,,-15.88137366459705,-11.940450683236122,-8.640042564133182,-0.02726111956872046,-9.309012800455093,-19.129246711730957,False,True,,,False,False,False,False,,,,,,,,,,,,,,,,,False,False,,,False,False,False,True,False,False,40.0,40.0,,,29.0,40.0,40.0,40.0,,,,,,,,,,,,,,,,,40.0,40.0,,,29.0,40.0,40.0,40.0,40.0,40.0,646.0,,691.0,,,,,,,,,674.0,,618.0,675.0,-0.01835539028979838,-0.01835539028979838,-6.216591974487528,6.234947364777327,,,0.6873256266117096,-0.8375999985728413,0.8192446082830429,-3.3838649427052587,-0.18488279706798494,8.612781444564462,5.210561111569405,7.5902986489236355,-3.402220332995057,,,,,,,,,,,,,,,,,,,-0.6689702363219112,0.6873256266117096,-0.00045888475724495945,-0.15541479936218822,0.15587368411943317,1.0,0.00018173335527892252,0.005318593853184958,0.0005050748855814167,0.9999685472458113,0.9999456620810031,0.005136860497906036,0.0,0.0,0.0
qwen3-0.6b,toolshed,toolshed-0003-s0-arg_typo-1,-19.134358167648315,-3.6039021015167236,,,-19.521347522735596,-24.82864809036255,-7.75298547744751,-2.394556201994419,,,,,,,,,,,,,,,,,-4.482798933982849,-7.2951977252960205,,,-19.760372161865234,-23.17559051513672,-23.79786491394043,-6.913297653198242,-0.8605324625968933,-4.585060298442841,False,False,,,False,False,False,False,,,,,,,,,,,,,,,,,False,False,,,False,False,False,False,False,False,7.0,6.0,,,6.0,6.0,7.0,6.0,,,,,,,,,,,,,,,,,7.0,6.0,,,6.0,6.0,7.0,6.0,7.0,6.0,580.0,,592.0,,,,,,,,,575.0,,552.0,600.0,-16.04487943649292,-16.04487943649292,19.31506597995758,-3.2701865434646606,,,-6.8924530148506165,-4.663506746292114,-11.381372690200806,4.518741451203823,3.3093955516815186,16.884567260742188,5.358429275453091,15.530456066131592,-11.526137985289097,,,,,,,,,,,,,,,,,,,22.937332451343536,-6.8924530148506165,-2.292125633784703,2.7592951399939403,-0.46716950620923725,1.0,4.6464835901708576e-08,0.0046862314031222855,1.7997349514279873e-07,0.9433421655607551,0.9764437929873817,0.004686184938286384,0.0,0.0,0.0
qwen3-0.6b,toolshed,toolshed-0003-s1-drop_arg-0,-24.23376202583313,-4.517951011657715,,,-11.493352890014648,-16.32097089290619,-8.757102370262146,-1.2735968232154846,,,,,,,,,,,,,,,,,-10.301516026258469,-11.524913549423218,,,-18.972105503082275,-18.96653938293457,-33.351219177246094,-13.057790040969849,-8.640992283821106,-8.499117612838745,False,False,,,False,False,False,False,,,,,,,,,,,,,,,,,False,False,,,False,False,False,False,False,False,10.0,24.0,,,24.0,25.0,10.0,24.0,,,,,,,,,,,,,,,,,10.0,24.0,,,24.0,25.0,10.0,24.0,10.0,24.0,657.0,,664.0,,,,,,,,,656.0,,630.0,663.0,-24.594116806983948,-24.594116806983948,23.049703150987625,1.5444136559963226,,,-0.11611008644104004,-9.117457151412964,-15.476659655570984,11.784193217754364,8.539839029312134,20.293429136276245,7.483505547046661,19.715811014175415,-12.809923589229584,,,,,,,,,,,,,,,,,,,24.710226893424988,-0.11611008644104004,-2.4594116806983948,2.3049703150987626,0.15444136559963226,1.0,1.528726788542562e-09,0.0005619462318631749,2.7386218516952913e-09,0.772660897666236,0.46459070677253633,0.0005619447031363864,0.0,0.0,0.0
qwen3-0.6b,toolshed,toolshed-0003-s1-readonly_target-3,-51.01083731651306,-6.292649030685425,,,-29.239068031311035,-19.47161102294922,-5.074454456567764,-12.897454261779785,,,,,,,,,,,,,,,,,-10.030985355377197,-14.705947399139404,,,-33.35122776031494,-18.97207260131836,-55.96481227874756,-13.057764530181885,-8.965050294995308,-15.833485126495361,False,False,,,False,False,False,False,,,,,,,,,,,,,,,,,False,False,,,False,False,False,False,False,False,22.0,24.0,,,10.0,24.0,22.0,24.0,,,,,,,,,,,,,,,,,22.0,24.0,,,10.0,24.0,22.0,24.0,22.0,24.0,657.0,,681.0,,,,,,,,,668.0,,630.0,674.0,-50.890357822179794,-50.890357822179794,45.93382692337036,4.956530898809433,,,3.8905958384275436,-4.953974962234497,-45.9363828599453,0.1603102684020996,6.76511549949646,42.907047748565674,-7.822999805212021,44.71818828582764,-50.730047553777695,,,,,,,,,,,,,,,,,,,46.99976198375225,3.8905958384275436,-2.313198082826354,2.087901223789562,0.22529685903679242,1.0,2.314913053469126e-19,0.9995991830078879,3.794351729741353e-20,0.9907602893184972,0.9989609769628608,0.9995991830078879,0.0,0.0,0.0
qwen3-0.6b,toolshed,toolshed-0004-s0-tool_typo-0,-16.58428955078125,-13.223765283823013,,,-21.276584148406982,-29.856567859649658,-1.757000282406807,-5.963084472343326,,,,,,,,,,,,,,,,,-5.7589880442246795,-7.002179495990276,,,-15.453719228506088,-38.9916954934597,-15.645939826965332,-14.247199147939682,-6.7469865791499615,-6.961610924452543,False,False,,,False,False,False,False,,,,,,,,,,,,,,,,,False,False,,,False,False,False,False,False,False,8.0,8.0,,,9.0,10.0,8.0,8.0,,,,,,,,,,,,,,,,,8.0,8.0,,,9.0,10.0,8.0,8.0,8.0,8.0,586.0,,598.0,,,,,,,,,585.0,,561.0,583.0,-13.888939544558525,-13.888939544558525,9.886951782740653,4.0019877618178725,,,4.9899862967431545,0.938349723815918,-14.827289268374443,8.284114675596356,1.0234338641166687,1.39874067902565,-4.206084189936519,3.3605242669582367,-5.604824868962169,,,,,,,,,,,,,,,,,,,8.89895324781537,4.9899862967431545,-1.7361174430698156,1.2358689728425816,0.5002484702272341,1.0,0.15969251597380138,0.985314264128008,0.033552218998056646,0.7761190440504471,0.5534510645935703,0.8256217481542066,0.0,0.0,0.0
qwen3-0.6b,toolshed,toolshed-0004-s1-arg_typo-2,-20.857975125312805,-1.9746118783950806,,,-19.778311848640442,-22.59016227722168,-18.713845372200012,-1.304689534008503,,,,,,,,,,,,,,,,,-4.538536738604307,-7.49664831161499,,,-24.603568077087402,-27.56492519378662,-24.470629692077637,-5.985506117343903,-3.52508956938982,-5.663800477981567,False,False,,,False,False,False,False,,,,,,,,,,,,,,,,,False,False,,,False,False,False,False,False,False,24.0,24.0,,,11.0,24.0,24.0,24.0,,,,,,,,,,,,,,,,,24.0,24.0,,,11.0,24.0,24.0,24.0,24.0,24.0,615.0,,643.0,,,,,,,,,626.0,,586.0,637.0,-5.7567843198776245,-5.7567843198776245,19.93209295347333,-14.175308633595705,,,-15.188755802810192,-3.6126545667648315,-2.144129753112793,4.6808165833354,4.010894238948822,18.485123574733734,17.40915583819151,18.883363246917725,-1.0759677365422249,,,,,,,,,,,,,,,,,,,20.945540122687817,-15.188755802810192,-0.23986601332823435,0.8305038730613887,-0.5906378597331544,1.0,9.375896971157634e-09,2.7497908884088345e-08,6.295924905648625e-09,0.9506454668098563,0.8946091320677338,1.812201191293071e-08,0.0,0.0,0.0
qwen3-0.6b,toolshed,toolshed-0004-s1-date_format-4,-33.0487465262413,-1.7298521399497986,,,-17.20904541015625,-26.6552791595459,-8.224771976470947,-0.7909458745270967,,,,,,,,,,,,,,,,,-5.132552146911621,-3.815874010324478,,,-24.60350751876831,-27.564939498901367,-38.48470640182495,-5.985466480255127,-5.831336736679077,-4.133109882473946,False,False,,,False,False,False,True,,,,,,,,,,,,,,,,,False,False,,,False,False,False,False,False,False,16.0,24.0,,,11.0,24.0,16.0,24.0,,,,,,,,,,,,,,,,,16.0,24.0,,,11.0,24.0,16.0,24.0,16.0,24.0,614.0,,635.0,,,,,,,,,618.0,,586.0,620.0,-30.259934425354004,-30.259934425354004,33.35215425491333,-3.092219829559326,,,-2.39343523979187,-5.435959875583649,-24.823974549770355,5.19452060572803,4.255614340305328,32.499239921569824,7.4338261019438505,31.318894386291504,-25.065413819625974,,,,,,,,,,,,,,,,,,,32.653369665145874,-2.39343523979187,-1.8912459015846252,2.084509640932083,-0.19326373934745789,1.0,7.687045156185288e-15,0.0005905732257207353,2.5025167253091157e-14,0.2113714958937,0.15469699002788187,0.0005905732257130483,0.0,0.0,0.0
qwen3-0.6b,toolshed,toolshed-0005-s0-tool_typo-1,-10.819856464862823,-3.2747254967689514,,,-19.237664699554443,-18.678443431854248,-6.882948875427246,-1.9055125042796135,,,,,,,,,,,,,,,,,-8.095898389816284,-7.240555137395859,,,-21.417595282197,-15.991409674286842,-17.271685019135475,-4.38019885122776,-8.087690711021423,-6.848976492881775,False,False,,,False,False,False,False,,,,,,,,,,,,,,,,,False,False,,,False,False,False,False,False,False,17.0,17.0,,,12.0,17.0,17.0,17.0,,,,,,,,,,,,,,,,,17.0,17.0,,,12.0,17.0,17.0,17.0,17.0,17.0,576.0,,597.0,,,,,,,,,584.0,,551.0,582.0,-10.388736143708229,-10.388736143708229,9.175786629319191,1.212949514389038,,,1.2047418355941772,-6.451828554272652,-3.9369075894355774,2.474686346948147,1.105473354458809,12.891486167907715,4.977436371147633,7.545130968093872,-7.914049796760082,,,,,,,,,,,,,,,,,,,9.183994308114052,1.2047418355941772,-0.6111021261004841,0.5397521546658348,0.0713499714346493,1.0,2.5193798171597643e-06,0.006844536606175847,0.0005283986678538157,0.298313190979679,0.22465987397034246,0.006842017226358688,0.0,0.0,0.0
qwen3-0.6b,toolshed,toolshed-0005-s0-type_swap-3,-14.281974375247955,-3.8834534287452698,,,-22.91360855102539,-21.91362762451172,-3.9105624333024025,-9.686871528625488,,,,,,,,,,,,,,,,,-6.978303647600114,-14.229547500610352,,,-21.417595282197,-17.271685019135475,-17.33046568930149,-4.38019885122776,-4.65125498175621,-13.249401092529297,False,False,,,False,False,False,False,,,,,,,,,,,,,,,,,False,False,,,False,False,False,False,False,False,17.0,17.0,,,12.0,17.0,17.0,17.0,,,,,,,,,,,,,,,,,17.0,17.0,,,12.0,17.0,17.0,17.0,17.0,17.0,579.0,,598.0,,,,,,,,,584.0,,551.0,589.0,-13.419903255999088,-13.419903255999088,10.352162041701376,3.067741214297712,,,0.7406925484538078,-3.0484913140535355,-10.371411941945553,-5.306672677397728,0.49674542248249054,12.95026683807373,-5.776309095323086,10.398520946502686,-18.726575933396816,,,,,,,,,,,,,,,,,,,12.67921070754528,0.7406925484538078,-0.7894060738822993,0.6089507083353751,0.18045536554692423,1.0,2.375573269588648e-06,0.9969094238765711,3.0476598730906384e-05,0.9992912111525215,0.9998155865925897,0.9969070483033016,0.0,0.0,0.0
qwen3-0.6b,toolshed,toolshed-0005-s1-readonly_target-3,,,,,-26.25647211074829,-18.278457164764404,-8.01725959777832,-12.702677726745605,,,,,,,,,,,,,,,,,,,,,-36.472806453704834,-20.39912223815918,-60.76545476913452,-16.258402347564697,-10.01622399687767,,,,,,False,False,False,False,,,,,,,,,,,,,,,,,,,,,False,False,False,False,False,,,,,,9.0,19.0,18.0,19.0,,,,,,,,,,,,,,,,,,,,,9.0,19.0,18.0,19.0,18.0,,,,636.0,,,,,,,,,,,589.0,628.0,-52.7481951713562,-52.7481951713562,,,,,1.99896439909935,,,3.555724620819092,,44.507052421569824,-4.685418128967285,,-49.19247055053711,,,,,,,,,,,,,,,,,,,50.74923077225685,1.99896439909935,-2.930455287297567,,,1.0,4.6129303370268985e-20,0.9908211804873526,,,1.0,0.9908211804873526,0.0,0.0,
qwen3-0.6b,toolshed,toolshed-0006-s2-name_for_email-3,-23.68539810180664,-1.2213497012853622,,,-14.637595415115356,-13.055266618728638,-11.528716325759888,-1.3210329189896584,,,,,,,,,,,,,,,,,-16.715942561626434,-16.63386756181717,,,-30.034493446350098,-27.242981910705566,-37.08239269256592,-11.654584765434265,-9.2560396194458,-9.766679286956787,False,False,,,False,False,False,False,,,,,,,,,,,,,,,,,False,False,,,False,False,False,False,False,False,23.0,26.0,,,16.0,26.0,23.0,26.0,,,,,,,,,,,,,,,,,23.0,26.0,,,16.0,26.0,23.0,26.0,23.0,26.0,656.0,,686.0,,,,,,,,,668.0,,629.0,670.0,-25.55367636680603,-25.55367636680603,20.366450130939484,5.187226235866547,,,-2.272676706314087,-13.396994590759277,-12.156681776046753,10.333551846444607,10.433235064148903,25.427807927131653,10.20768340677023,22.46404840052128,-15.220124520361423,,,,,,,,,,,,,,,,,,,27.826353073120117,-2.272676706314087,-1.111029407252436,0.8854978317799775,0.22553157547245856,1.0,9.054057579240294e-12,3.688410150853102e-05,1.75383098444903e-10,0.4794927606746757,0.6249564154897574,3.688409245447344e-05,0.0,0.0,0.0
qwen3-0.6b,toolshed,toolshed-0007-s1-arg_typo-1,-5.382908523082733,-2.261646568775177,,,-15.054425716400146,-22.716564178466797,-12.408336639404297,-5.764990493655205,,,,,,,,,,,,,,,,,-10.170366816222668,-17.958458423614502,,,-12.633497953414917,-21.550486147403717,-12.025061190128326,-0.703401193022728,-4.355151802301407,-12.573594331741333,False,False,,,False,False,False,False,,,,,,,,,,,,,,,,,False,False,,,False,False,False,True,False,False,8.0,9.0,,,9.0,9.0,8.0,9.0,,,,,,,,,,,,,,,,,8.0,9.0,,,9.0,9.0,8.0,9.0,8.0,9.0,664.0,,677.0,,,,,,,,,660.0,,636.0,661.0,0.38327544927597046,0.38327544927597046,1.8546943739056587,-2.237969823181629,,,-8.05318483710289,-6.642152667045593,7.025428116321564,-5.061589300632477,-1.558245375752449,11.321659997105598,6.643346145749092,3.121261954307556,-4.678313851356506,,,,,,,,,,,,,,,,,,,7.6699093878269196,-8.05318483710289,0.04790943115949631,0.23183679673820734,-0.27974622789770365,0.0,1.2107581943424894e-05,0.001300846238978075,0.04223869050451482,0.9995855284260545,0.9997304379971335,0.0012887386570346502,0.0,0.0,0.0
qwen3-0.6b,toolshed,toolshed-0008-s1-arg_typo-2,-14.646884560585022,-0.22527090832591057,,,-13.359552383422852,-13.190999120473862,-7.338348388671875,-2.994032144546509,,,,,,,,,,,,,,,,,-15.342005863785744,-18.55220866203308,,,-16.64106780802831,-12.113404214382172,-15.731812780257314,-0.03260023286566138,-10.621594905853271,-12.408190727233887,False,True,,,False,False,False,False,,,,,,,,,,,,,,,,,False,False,,,False,False,False,True,False,False,40.0,40.0,,,29.0,40.0,40.0,40.0,,,,,,,,,,,,,,,,,40.0,40.0,,,29.0,40.0,40.0,40.0,40.0,40.0,649.0,,693.0,,,,,,,,,677.0,,621.0,678.0,-8.39346439158544,-8.39346439158544,0.38980691647157073,8.003657475113869,,,3.2832465171813965,-1.0849282196722925,-7.308536171913147,-2.9614319116808474,-0.19267067546024919,15.699212547391653,4.344316244125366,14.421613652259111,-11.354896303266287,,,,,,,,,,,,,,,,,,,5.110217874404043,3.2832465171813965,-0.20983660978963597,0.009745172911789269,0.20009143687784672,1.0,1.5202536912248457e-07,0.012813179347741604,5.454720896293639e-07,0.9612164264455385,0.856509406956993,0.01281302732237248,0.0,0.0,0.0
qwen3-0.6b,toolshed,toolshed-0008-s1-drop_arg-0,-7.738703474402428,-0.21658656746149063,,,-15.523974418640137,-15.825281858444214,-7.033676385879517,-2.782055452466011,,,,,,,,,,,,,,,,,-13.364593395963311,-19.125540733337402,,,-12.113402634859085,-15.731805032584816,-16.64107913384214,-0.03260023007169366,-8.744322448968887,-11.701955795288086,False,True,,,False,False,False,False,,,,,,,,,,,,,,,,,False,False,,,False,False,False,True,False,False,29.0,40.0,,,40.0,40.0,29.0,40.0,,,,,,,,,,,,,,,,,29.0,40.0,,,40.0,40.0,29.0,40.0,29.0,40.0,648.0,,675.0,,,,,,,,,666.0,,621.0,667.0,-9.607402747962624,-9.607402747962624,3.2764857378788292,6.330917010083795,,,1.7106460630893707,-8.902375659439713,-0.7050270885229111,-2.7494552223943174,-0.18398633738979697,16.608478903770447,4.2516209334135056,7.522116906940937,-12.356857970356941,,,,,,,,,,,,,,,,,,,7.896756684873253,1.7106460630893707,-0.33128974992974564,0.11298226682340791,0.21830748310633774,1.0,6.123880472099047e-08,0.014041098658272575,0.0005406936277691476,0.9968617517604806,0.9506230242165733,0.014041037419467854,0.0,0.0,0.0
qwen3-0.6b,toolshed,toolshed-0008-s1-type_swap-3,-7.336943127214909,-0.1515682376921177,,,-7.930690050125122,-14.021888434886932,-9.211904764175415,-3.6398211270570755,,,,,,,,,,,,,,,,,-15.50904694199562,-24.25132179260254,,,-16.64107913384214,-12.113402634859085,-7.7568723619915545,-0.03260023007169366,-10.184276789426804,-17.87489604949951,False,True,,,False,False,False,False,,,,,,,,,,,,,,,,,False,False,,,False,False,False,True,False,False,40.0,40.0,,,29.0,40.0,40.0,40.0,,,,,,,,,,,,,,,,,40.0,40.0,,,29.0,40.0,40.0,40.0,40.0,40.0,649.0,,694.0,,,,,,,,,677.0,,621.0,678.0,1.4550324021838605,1.4550324021838605,-7.752174580004066,6.297142177820206,,,0.9723720252513885,-0.4199292347766459,1.8749616369605064,-3.607220896985382,-0.11896800762042403,7.724272131919861,5.5720836371183395,7.185374889522791,-2.1521884948015213,,,,,,,,,,,,,,,,,,,-2.427404427435249,0.9723720252513885,0.036375810054596516,-0.19380436450010166,0.15742855444550513,0.0,0.0004417706382030534,0.0037370514063209573,0.0007570114435666364,0.9998403352938426,0.999543113817025,0.0032952807681179037,0.0,0.0,0.0
qwen3-0.6b,toolshed,toolshed-0009-s1-drop_arg-0,-23.335461616516113,-3.9262325763702393,,,-11.348129749298096,-16.42972832918167,-8.57050210237503,-1.1467737555503845,,,,,,,,,,,,,,,,,-11.154131472110748,-12.695994973182678,,,-19.43877363204956,-18.32463550567627,-32.877559661865234,-12.692478895187378,-9.681230068206787,-9.38232934474945,False,False,,,False,False,False,True,,,,,,,,,,,,,,,,,False,False,,,False,False,False,False,False,False,10.0,22.0,,,22.0,23.0,10.0,22.0,,,,,,,,,,,,,,,,,10.0,22.0,,,22.0,23.0,10.0,22.0,10.0,22.0,654.0,,661.0,,,,,,,,,653.0,,627.0,660.0,-24.307057559490204,-24.307057559490204,21.723428189754486,2.5836293697357178,,,1.1107279658317566,-9.542098045349121,-14.764959514141083,11.545705139636993,8.766246318817139,20.185080766677856,7.423728346824646,19.409229040145874,-12.76135241985321,,,,,,,,,,,,,,,,,,,23.196329593658447,1.1107279658317566,-2.4307057559490204,2.172342818975449,0.25836293697357177,1.0,1.7047871638231033e-09,0.0005965411007031433,3.72116500662157e-09,0.8237354601656635,0.4258262324415127,0.0005965393959159795,0.0,0.0,0.0
qwen3-0.6b,toolshed,toolshed-0010-s1-date_format-3,-28.65794038772583,-2.2182857990264893,,,-15.389821767807007,-26.245285034179688,-14.251746892929077,-1.1272480878978968,,,,,,,,,,,,,,,,,-11.51176929473877,-4.989582147449255,,,-24.225390911102295,-28.2258882522583,-35.27120923995972,-6.428598165512085,-10.249380350112915,-4.010851135477424,False,False,,,False,False,False,False,,,,,,,,,,,,,,,,,False,False,,,False,False,False,False,False,False,24.0,24.0,,,11.0,24.0,24.0,24.0,,,,,,,,,,,,,,,,,24.0,24.0,,,11.0,24.0,24.0,24.0,24.0,24.0,614.0,,651.0,,,,,,,,,626.0,,586.0,636.0,-21.01946234703064,-21.01946234703064,23.759439945220947,-2.7399775981903076,,,-4.002366542816162,-6.613268852233887,-14.406193494796753,5.301350077614188,4.210312366485596,28.842611074447632,13.12449880503118,26.43965458869934,-15.718112269416451,,,,,,,,,,,,,,,,,,,25.0218288898468,-4.002366542816162,-0.8758109311262766,0.9899766643842062,-0.11416573325792949,1.0,2.977235291841866e-13,1.9957284423107453e-06,3.291576163887536e-12,0.0014682904461919993,0.0019489197466256514,1.995728144587216e-06,0.0,0.0,0.0
qwen3-0.6b,toolshed,toolshed-0010-s1-tool_typo-1,-5.090296387672424,-6.592573285102844,,,-22.677835941314697,-25.151886463165283,-1.3115088203921914,-2.345314483391121,,,,,,,,,,,,,,,,,-4.711726069450378,-8.64661804959178,,,-24.22533655166626,-27.684595584869385,-28.225887298583984,-6.42852783203125,-6.79435870051384,-9.2908102190122,False,False,,,False,False,False,False,,,,,,,,,,,,,,,,,False,False,,,False,False,False,False,False,False,24.0,24.0,,,11.0,24.0,24.0,24.0,,,,,,,,,,,,,,,,,24.0,24.0,,,11.0,24.0,24.0,24.0,24.0,24.0,612.0,,641.0,,,,,,,,,626.0,,586.0,624.0,-26.914378478191793,-26.914378478191793,23.514161229133606,3.400217249058187,,,5.482849880121648,-23.13559091091156,-3.778787567280233,4.083213348640129,-0.16404545307159424,21.797359466552734,-1.0338056629989296,-1.50227689743042,-22.831165129551664,,,,,,,,,,,,,,,,,,,21.431528598070145,5.482849880121648,-1.1214324365913246,0.979756717880567,0.1416757187107578,1.0,3.4160723102141486e-10,0.7376530371624573,0.8179138218449306,0.9808269798053727,0.9238926835336722,0.7376530368208501,0.0,0.0,0.0
qwen3-0.6b,toolshed,toolshed-0011-s0-hallucinated_entity-4,-22.75471067428589,-6.914089202880859,,,-12.435600757598877,-19.70887279510498,-5.600818246603012,-6.549343943595886,,,,,,,,,,,,,,,,,-6.266481474041939,-8.790802717208862,,,-20.948021586984396,-16.588732417672873,-20.196142848581076,-3.814155515283346,-5.240074515342712,-8.336014986038208,False,False,,,False,False,False,False,,,,,,,,,,,,,,,,,False,False,,,False,False,False,False,False,False,17.0,17.0,,,12.0,17.0,17.0,17.0,,,,,,,,,,,,,,,,,17.0,17.0,,,12.0,17.0,17.0,17.0,17.0,17.0,578.0,,596.0,,,,,,,,,584.0,,551.0,589.0,-14.595324601978064,-14.595324601978064,13.929661374539137,0.6656632274389267,,,-0.3607437312602997,2.558567825704813,-17.153892427682877,-2.73518842831254,-3.099933687597513,16.38198733329773,-0.9485256969928741,15.84062147140503,-17.330513030290604,,,,,,,,,,,,,,,,,,,14.956068333238363,-0.3607437312602997,-0.8585485059987096,0.8193918455611257,0.03915666043758392,1.0,7.68054467432761e-08,0.7202597207447657,1.319791866898661e-07,0.9258293384719156,0.9567249825249824,0.720259643939319,0.0,0.0,0.0
qwen3-0.6b,toolshed,toolshed-0011-s0-type_swap-3,-13.743728995323181,-3.6166075468063354,,,-24.186700344085693,-22.153932094573975,-3.68388931453228,-9.870648860931396,,,,,,,,,,,,,,,,,-6.849344316869974,-14.030794620513916,,,-20.948021586984396,-16.588732417672873,-16.57699268683791,-3.814155515283346,-4.53448598831892,-12.520678520202637,False,False,,,False,False,False,False,,,,,,,,,,,,,,,,,False,False,,,False,False,False,False,False,False,17.0,17.0,,,12.0,17.0,17.0,17.0,,,,,,,,,,,,,,,,,17.0,17.0,,,12.0,17.0,17.0,17.0,17.0,17.0,579.0,,598.0,,,,,,,,,584.0,,551.0,589.0,-12.893103372305632,-12.893103372305632,9.727648369967937,3.165455002337694,,,0.8505966737866402,-2.8332636915147305,-10.059839680790901,-6.05649334564805,0.19754796847701073,12.762837171554565,-6.1867595463991165,10.127121448516846,-18.949596717953682,,,,,,,,,,,,,,,,,,,12.042506698518991,0.8505966737866402,-0.758417845429743,0.572214609998114,0.18620323543162906,1.0,2.86528451689598e-06,0.9979477298139248,3.9978792653548785e-05,0.9992400140248124,0.9996599890043385,0.9979448645294079,0.0,0.0,0.0
qwen3-0.6b,toolshed,toolshed-0011-s1-arg_typo-2,-17.17252254486084,-11.068702697753906,,,-17.961037635803223,-12.252103209495544,-11.891254425048828,-4.92875574529171,,,,,,,,,,,,,,,,,-12.577328264713287,-23.601762771606445,,,-35.454102516174316,-19.25544834136963,-21.515549659729004,-15.551816940307617,-12.588853664696217,-22.306482315063477,False,False,,,False,False,False,False,,,,,,,,,,,,,,,,,False,False,,,False,False,False,False,False,False,20.0,19.0,,,9.0,19.0,20.0,19.0,,,,,,,,,,,,,,,,,20.0,19.0,,,9.0,19.0,20.0,19.0,20.0,19.0,617.0,,642.0,,,,,,,,,625.0,,589.0,631.0,-9.624295234680176,-9.624295234680176,8.938221395015717,0.6860738396644592,,,0.6975992396473885,-4.343027114868164,-5.281268119812012,10.623061195015907,4.483114242553711,5.963732719421387,6.962498679757118,6.103819847106934,0.9987659603357315,,,,,,,,,,,,,,,,,,,8.926695995032787,0.6975992396473885,-0.4812147617340088,0.4469110697507858,0.03430369198322296,1.0,0.0025022286799982474,0.0009452073345976789,0.0022293356083347067,0.9999837017171986,0.999939791008791,-0.0015570213454005684,0.0,0.0,0.0
qwen3-0.6b,toolshed,toolshed-0012-s1-arg_typo-1,-12.411052882671356,-3.531218469142914,,,-13.844518899917603,-28.90349507331848,-9.680166006088257,-2.7737908735871315,,,,,,,,,,,,,,,,,-11.722737066447735,-15.634339809417725,,,-25.142008304595947,-35.980135440826416,-21.45811891555786,-11.919889450073242,-10.502803226932883,-14.566361904144287,False,False,,,False,False,False,False,,,,,,,,,,,,,,,,,False,False,,,False,False,False,False,False,False,10.0,9.0,,,9.0,10.0,10.0,9.0,,,,,,,,,,,,,,,,,10.0,9.0,,,9.0,10.0,10.0,9.0,10.0,9.0,631.0,,646.0,,,,,,,,,629.0,,603.0,634.0,-11.777952909469604,-11.777952909469604,9.735381849110126,2.042571060359478,,,0.8226372208446264,-9.047066032886505,-2.7308868765830994,9.14609857648611,8.388670980930328,9.53822946548462,6.906375132501125,8.879834413528442,-2.631854332983494,,,,,,,,,,,,,,,,,,,10.955315688624978,0.8226372208446264,-1.1777952909469604,0.9735381849110126,0.2042571060359478,1.0,7.203897130887647e-05,0.0010003637870377319,0.00013914784304406953,0.9803840763683925,0.9831026822632563,0.0009283248157288554,0.0,0.0,0.0
qwen3-0.6b,toolshed,toolshed-0012-s2-name_for_email-3,-23.92849040031433,-9.657296419143677,,,-15.321883141994476,-11.002454698085785,-3.129189908504486,-0.5627829283475876,,,,,,,,,,,,,,,,,-14.665847420692444,-16.04010033607483,,,-27.575597763061523,-32.10319900512695,-38.218238830566406,-18.70357894897461,-7.81557422876358,-10.92897891998291,False,False,,,False,False,False,True,,,,,,,,,,,,,,,,,False,False,,,False,False,False,False,False,False,23.0,27.0,,,18.0,27.0,23.0,27.0,,,,,,,,,,,,,,,,,23.0,27.0,,,18.0,27.0,23.0,27.0,23.0,27.0,657.0,,687.0,,,,,,,,,669.0,,630.0,671.0,-35.08904892206192,-35.08904892206192,23.552391409873962,11.536657512187958,,,4.686384320259094,-14.289748430252075,-20.799300491809845,18.140796020627022,9.046282529830933,19.514659881591797,2.5664069801568985,14.271193981170654,-16.9482529014349,,,,,,,,,,,,,,,,,,,30.402664601802826,4.686384320259094,-1.5256108226983442,1.0240170178206072,0.5015938048777373,1.0,3.3483382808081334e-09,0.07132998946737346,6.340141176407311e-07,0.7980664070693071,0.9574423014382155,0.07132998611903517,0.0,0.0,0.0
qwen3-0.6b,toolshed,toolshed-0014-s1-date_format-4,-24.01548621058464,-0.20789555087685585,,,-12.432604789733887,-14.068880885839462,-16.99588966369629,-2.809674059273675,,,,,,,,,,,,,,,,,-21.58993148803711,-14.549474015831947,,,-17.837758294772357,-12.158723026514053,-25.63274311227724,-0.03564523858949542,-16.74947738647461,-9.945229828357697,False,True,,,False,False,False,False,,,,,,,,,,,,,,,,,False,False,,,False,False,False,True,False,False,40.0,40.0,,,29.0,40.0,40.0,40.0,,,,,,,,,,,,,,,,,40.0,40.0,,,29.0,40.0,40.0,40.0,40.0,40.0,645.0,,698.0,,,,,,,,,674.0,,618.0,675.0,-8.63685344858095,-8.63685344858095,4.04281162424013,4.59404182434082,,,-0.2464122772216797,-1.617256901692599,-7.019596546888351,-2.7740288206841797,-0.17225031228736043,25.597097873687744,14.186215604422614,23.807590659707785,-11.41088226926513,,,,,,,,,,,,,,,,,,,8.88326572580263,-0.2464122772216797,-0.21592133621452375,0.10107029060600325,0.11485104560852051,1.0,7.64397526884277e-12,6.901924446734582e-07,4.576092020182652e-11,0.0008749596256098895,0.0011078257172536013,6.901848006981894e-07,0.0,0.0,0.0
qwen3-0.6b,toolshed,toolshed-0015-s1-drop_arg-0,-23.819010496139526,-5.2830970287323,,,-12.27140188217163,-18.077555298805237,-8.799419045448303,-2.1677918434143066,,,,,,,,,,,,,,,,,-10.584734678268433,-11.922924995422363,,,-19.1434907913208,-19.711913108825684,-33.22812843322754,-13.698474884033203,-8.732218265533447,-8.841726303100586,False,False,,,False,False,False,True,,,,,,,,,,,,,,,,,False,False,,,False,False,False,False,False,False,10.0,22.0,,,22.0,23.0,10.0,22.0,,,,,,,,,,,,,,,,,10.0,22.0,,,22.0,23.0,10.0,22.0,10.0,22.0,656.0,,663.0,,,,,,,,,655.0,,629.0,662.0,-24.428709387779236,-24.428709387779236,22.643393754959106,1.7853156328201294,,,-0.06720077991485596,-9.409117937088013,-15.019591450691223,11.530683040618896,8.415377855300903,19.529653549194336,6.631627202033997,18.535913467407227,-12.89802634716034,,,,,,,,,,,,,,,,,,,24.495910167694092,-0.06720077991485596,-2.4428709387779235,2.2643393754959105,0.17853156328201295,1.0,3.2768140286443514e-09,0.0013162278132622404,8.911587182930512e-09,0.7921921822315251,0.5273496833791672,0.0013162245364482118,0.0,0.0,0.0
qwen3-0.6b,toolshed,toolshed-0016-s0-tool_typo-0,-17.65884232521057,-15.144768953323364,,,-21.08808994293213,-28.172609329223633,-2.4376173354685307,-6.24789469037205,,,,,,,,,,,,,,,,,-6.2281892243772745,-7.233292564749718,,,-15.364737272262573,-52.34907412528992,-15.823470115661621,-15.12185549736023,-7.575726890936494,-8.123170852661133,False,False,,,False,False,False,False,,,,,,,,,,,,,,,,,False,False,,,False,False,False,False,False,False,9.0,9.0,,,10.0,10.0,9.0,9.0,,,,,,,,,,,,,,,,,9.0,9.0,,,10.0,10.0,9.0,9.0,9.0,9.0,588.0,,601.0,,,,,,,,,588.0,,563.0,586.0,-13.38585278019309,-13.38585278019309,9.595280891284347,3.790571888908744,,,5.138109555467963,1.8353722095489502,-15.22122498974204,8.87396080698818,-0.022913455963134766,0.7016146183013916,-3.810277354903519,2.514073371887207,-4.511891973204911,,,,,,,,,,,,,,,,,,,8.247743224725127,5.138109555467963,-1.4873169755770101,1.0661423212538164,0.4211746543231938,1.0,0.21743503893886226,0.9783376048682527,0.07487745458807342,0.7320607723142193,0.6335423675274651,0.7609025659293904,0.0,0.0,0.0
qwen3-0.6b,toolshed,toolshed-0016-s1-arg_typo-2,-21.087639212608337,-2.17038494348526,,,-21.347304821014404,-23.612852096557617,-19.11272954940796,-1.5786309633404016,,,,,,,,,,,,,,,,,-4.666940605733544,-16.379324436187744,,,-23.29002285003662,-28.3361234664917,-28.105277061462402,-6.453138053417206,-3.8851228312123567,-14.319802045822144,False,False,,,False,False,False,False,,,,,,,,,,,,,,,,,False,False,,,False,False,False,False,False,False,25.0,25.0,,,12.0,25.0,25.0,25.0,,,,,,,,,,,,,,,,,25.0,25.0,,,12.0,25.0,25.0,25.0,25.0,25.0,619.0,,648.0,,,,,,,,,631.0,,590.0,642.0,-8.992547512054443,-8.992547512054443,23.43833645572886,-14.445788943674415,,,-15.227606718195602,-7.017637848854065,-1.9749096632003784,4.874507090076804,4.282753109931946,21.652139008045197,17.534098586067557,18.917254269123077,-4.118040421977639,,,,,,,,,,,,,,,,,,,24.220154230250046,-15.227606718195602,-0.35970190048217776,0.9375334582291543,-0.5778315577469766,1.0,3.949985359507993e-10,2.4268209037284167e-08,6.086124826737256e-09,0.9999918083238437,0.9999706056655912,2.3873210501333366e-08,0.0,0.0,0.0
qwen3-0.6b,toolshed,toolshed-0018-s2-arg_typo-2,-26.302064895629883,-3.836228132247925,,,-11.561470031738281,-17.184288024902344,-6.569819927215576,-4.6993676126003265,,,,,,,,,,,,,,,,,-15.986998796463013,-20.061732292175293,,,-26.175718307495117,-27.359329223632812,-31.519912719726562,-11.460802555084229,-10.792412362992764,-15.39737319946289,False,False,,,False,False,False,False,,,,,,,,,,,,,,,,,False,False,,,False,False,False,False,False,False,29.0,28.0,,,18.0,28.0,29.0,28.0,,,,,,,,,,,,,,,,,29.0,28.0,,,18.0,28.0,29.0,28.0,29.0,28.0,667.0,,700.0,,,,,,,,,684.0,,639.0,691.0,-24.950092792510986,-24.950092792510986,15.53291392326355,9.417178869247437,,,4.222592435777187,-5.21784782409668,-19.732244968414307,6.761434942483902,7.624574422836304,20.059110164642334,1.8704523146152496,22.465836763381958,-18.188657850027084,,,,,,,,,,,,,,,,,,,20.7275003567338,4.222592435777187,-0.860348027327965,0.5356177214918465,0.3247303058361185,1.0,1.9428483909060393e-09,0.13336799449783393,1.7506973011696678e-10,0.9832873174053883,0.9900969574453575,0.13336799255498555,0.0,0.0,0.0
qwen3-0.6b,toolshed,toolshed-0019-s0-tool_typo-0,-8.706411004066467,-4.263430237770081,,,-15.083462834358215,-21.122923016548157,-8.420591950416565,-1.195114272646606,,,,,,,,,,,,,,,,,-11.446950316429138,-10.832874417304993,,,-27.301782608032227,-32.04065132141113,-28.252931594848633,-11.7533860206604,-12.895316123962402,-12.406111985445023,False,False,,,False,False,False,False,,,,,,,,,,,,,,,,,False,False,,,False,False,False,False,False,False,15.0,15.0,,,15.0,15.0,15.0,15.0,,,,,,,,,,,,,,,,,15.0,15.0,,,15.0,15.0,15.0,15.0,15.0,15.0,578.0,,597.0,,,,,,,,,584.0,,553.0,582.0,-19.832339644432068,-19.832339644432068,16.805981278419495,3.0263583660125732,,,4.474724173545837,-19.546520590782166,-0.28581905364990234,10.558271748013794,7.48995578289032,16.499545574188232,7.225477677769959,4.442980766296387,-9.274067896418273,,,,,,,,,,,,,,,,,,,15.35761547088623,4.474724173545837,-1.322155976295471,1.120398751894633,0.2017572244008382,1.0,6.828704127543198e-08,0.0007272748079765504,0.011624120629152008,0.3511299918167784,0.38008107019701476,0.000727206520935275,0.0,0.0,0.0
qwen3-0.6b,toolshed,toolshed-0019-s1-arg_typo-1,-5.102429687976837,-1.5390499234199524,,,-15.107181549072266,-23.988019943237305,-12.567315101623535,-6.131021618843079,,,,,,,,,,,,,,,,,-10.23711460083723,-17.761534690856934,,,-12.341863870620728,-20.685865938663483,-12.85328060388565,-0.7024571150541306,-4.359042435884476,-12.646892070770264,False,False,,,False,False,False,False,,,,,,,,,,,,,,,,,False,False,,,False,False,False,True,False,False,8.0,9.0,,,9.0,9.0,8.0,9.0,,,,,,,,,,,,,,,,,8.0,9.0,,,9.0,9.0,8.0,9.0,8.0,9.0,665.0,,678.0,,,,,,,,,661.0,,637.0,662.0,-0.2859655022621155,-0.2859655022621155,2.61616600304842,-2.3302005007863045,,,-8.20827266573906,-7.7508509159088135,7.464885413646698,-5.428564503788948,-0.8365928083658218,12.15082348883152,6.4362934827804565,3.5633797645568848,-5.7145300060510635,,,,,,,,,,,,,,,,,,,8.494238168001175,-8.20827266573906,-0.035745687782764435,0.3270207503810525,-0.29127506259828806,1.0,5.283944965051966e-06,0.0015995695297794559,0.027561692933650815,0.9994605495846363,0.9997485084476534,0.001594285584814404,0.0,0.0,0.0
qwen3-0.6b,toolshed,toolshed-0019-s1-hallucinated_entity-2,-17.727284908294678,-3.8166608810424805,,,-13.900076866149902,-15.710171341896057,-3.621745228767395,-0.6494518257677555,,,,,,,,,,,,,,,,,-9.8971449136734,-11.198504447937012,,,-12.341876745223999,-12.853308498859406,-20.685886204242706,-0.7024596035480499,-3.8776604533195496,-6.53539776802063,False,False,,,False,False,False,True,,,,,,,,,,,,,,,,,False,False,,,False,False,False,True,False,False,9.0,9.0,,,9.0,8.0,9.0,9.0,,,,,,,,,,,,,,,,,9.0,9.0,,,9.0,8.0,9.0,9.0,9.0,9.0,662.0,,679.0,,,,,,,,,662.0,,637.0,663.0,-17.06414097547531,-17.06414097547531,10.788741290569305,6.275399684906006,,,0.25591522455215454,-2.9586012959480286,-14.105539679527283,0.05300777778029442,-3.1142012774944305,19.983426600694656,2.9722934029996395,13.910624027252197,-17.011133197695017,,,,,,,,,,,,,,,,,,,16.808225750923157,0.25591522455215454,-1.8960156639417012,1.1987490322854784,0.6972666316562228,1.0,2.095569048224022e-09,0.04869328237136383,9.092689276521601e-07,0.7860637015170556,0.9344862773011267,0.04869328027579478,0.0,0.0,0.0
qwen3-0.6b,toolshed,toolshed-0020-s1-hallucinated_entity-5,-39.16558690369129,-0.2621297463774681,,,-12.06260997056961,-25.96073055267334,-13.068691551685333,-14.3059943318367,,,,,,,,,,,,,,,,,-14.873625036329031,-18.857301712036133,,,-17.800592746352777,-12.610771983861923,-41.6162970920559,-0.07396193942986429,-8.974680632352829,-13.061100959777832,False,True,,,False,False,False,False,,,,,,,,,,,,,,,,,False,False,,,False,False,False,True,False,False,39.0,41.0,,,29.0,41.0,39.0,41.0,,,,,,,,,,,,,,,,,39.0,41.0,,,29.0,41.0,39.0,41.0,39.0,41.0,651.0,,706.0,,,,,,,,,681.0,,626.0,682.0,-28.54760554037057,-28.54760554037057,26.74267205572687,1.8049334846436977,,,-4.094010919332504,-2.45071018836461,-26.09689535200596,-14.232032392406836,-0.18816780694760382,41.54233515262604,-1.2373027801513672,38.903457157313824,-42.779637932777405,,,,,,,,,,,,,,,,,,,32.64161645970307,-4.094010919332504,-0.7319898856505274,0.6857095398904326,0.046280345760094814,1.0,9.0863928411852e-19,0.24844523141701233,1.2718714819173812e-17,0.9817231959953756,0.9834782906125137,0.24844523141701233,0.0,0.0,0.0
qwen3-0.6b,toolshed,toolshed-0020-s1-type_swap-3,-7.628200173377991,-0.20084752887487411,,,-7.16497015953064,-14.684735894203186,-9.339510917663574,-3.6807501763105392,,,,,,,,,,,,,,,,,-14.804800909012556,-23.46967887878418,,,-17.800632681930438,-12.610764354467392,-8.051949706161395,-0.07396217086352408,-10.184330195188522,-18.019989013671875,False,True,,,False,False,False,False,,,,,,,,,,,,,,,,,False,False,,,False,False,False,True,False,False,41.0,41.0,,,29.0,41.0,41.0,41.0,,,,,,,,,,,,,,,,,41.0,41.0,,,29.0,41.0,41.0,41.0,41.0,41.0,654.0,,700.0,,,,,,,,,683.0,,626.0,684.0,1.2875612115021795,1.2875612115021795,-6.752851202851161,5.465289991348982,,,0.8448192775249481,-0.423749532783404,1.7113107442855835,-3.606788005447015,-0.12688535801135004,7.977987535297871,5.658760741353035,7.427352644503117,-2.3192267939448357,,,,,,,,,,,,,,,,,,,-2.1323804890271276,0.8448192775249481,0.031403931987858034,-0.16470368787441858,0.13329975588656054,0.0,0.00034281006307561844,0.003371590476935444,0.0005944064414802876,0.9998274891621741,0.9996047745206325,0.0030287804138598258,0.0,0.0,0.0
qwen3-0.6b,toolshed,toolshed-0021-s1-drop_arg-0,-23.75346565246582,-6.0674192905426025,,,-12.05458152294159,-17.518256068229675,-7.397755980491638,-2.4120683670043945,,,,,,,,,,,,,,,,,-10.27661794424057,-11.809167504310608,,,-19.132389068603516,-19.284282684326172,-32.60351371765137,-13.785699129104614,-8.089799165725708,-8.226068377494812,False,False,,,False,False,False,False,,,,,,,,,,,,,,,,,False,False,,,False,False,False,False,False,False,10.0,22.0,,,22.0,23.0,10.0,22.0,,,,,,,,,,,,,,,,,10.0,22.0,,,22.0,23.0,10.0,22.0,10.0,22.0,656.0,,663.0,,,,,,,,,655.0,,629.0,662.0,-25.20575773715973,-25.20575773715973,22.326895773410797,2.878861963748932,,,0.6920431852340698,-8.850048065185547,-16.355709671974182,11.37363076210022,7.718279838562012,18.817814588546753,4.985687613487244,17.686046361923218,-13.83212697505951,,,,,,,,,,,,,,,,,,,24.51371455192566,0.6920431852340698,-2.520575773715973,2.2326895773410795,0.2878861963748932,1.0,6.663426036619684e-09,0.006788235918650824,2.0847195987231012e-08,0.822379039077959,0.5340146834921596,0.006788229255224787,0.0,0.0,0.0
qwen3-0.6b,toolshed,toolshed-0021-s1-readonly_target-3,-51.910513401031494,-7.858294725418091,,,-27.585102558135986,-18.778501510620117,-4.319513589143753,-11.565529823303223,,,,,,,,,,,,,,,,,-8.603808775544167,-10.492370843887329,,,-32.60351085662842,-19.132402896881104,-55.243226051330566,-13.785702228546143,-8.121173739433289,-10.652894973754883,False,False,,,False,False,False,False,,,,,,,,,,,,,,,,,False,False,,,False,False,False,False,False,False,20.0,22.0,,,10.0,22.0,20.0,22.0,,,,,,,,,,,,,,,,,20.0,22.0,,,10.0,22.0,20.0,22.0,20.0,22.0,656.0,,678.0,,,,,,,,,665.0,,629.0,671.0,-50.92371246218681,-50.92371246218681,46.6394172757864,4.2842951864004135,,,3.8016601502895355,-3.3327126502990723,-47.59099981188774,2.22017240524292,5.927407503128052,41.457523822784424,-7.24601623415947,44.0522186756134,-48.70354005694389,,,,,,,,,,,,,,,,,,,47.12205231189728,3.8016601502895355,-2.5461856231093405,2.33197086378932,0.21421475932002068,1.0,9.843786126423394e-19,0.9992869740279211,7.385238305123403e-20,0.8685914915635029,0.9263358927042896,0.9992869740279211,0.0,0.0,0.0
qwen3-0.6b,toolshed,toolshed-0022-s0-hallucinated_entity-2,-37.66137808561325,-14.942423045635223,,,-6.511913597583771,-16.605809539556503,-14.675708144903183,-0.20908863097429276,,,,,,,,,,,,,,,,,-7.471033573150635,-4.657953232526779,,,-15.46687126159668,-14.250641882419586,-38.25247198343277,-15.342385351657867,-15.168356895446777,-7.011143207550049,False,False,,,False,False,False,True,,,,,,,,,,,,,,,,,False,False,,,False,False,False,False,False,False,10.0,9.0,,,9.0,10.0,10.0,9.0,,,,,,,,,,,,,,,,,10.0,9.0,,,9.0,10.0,10.0,9.0,10.0,9.0,588.0,,609.0,,,,,,,,,589.0,,563.0,592.0,-23.576763838529587,-23.576763838529587,30.781438410282135,-7.204674571752548,,,0.49264875054359436,-0.591093897819519,-22.985669940710068,15.133296720683575,0.39996230602264404,22.910086631774902,14.46661951392889,22.718955039978027,-8.443467117846012,,,,,,,,,,,,,,,,,,,23.084115087985992,0.49264875054359436,-2.357676383852959,3.0781438410282136,-0.7204674571752548,1.0,2.3089992216541354e-11,5.205137355369311e-07,1.359199454214606e-10,0.056621418184563024,0.00028657785692004056,5.204906455447146e-07,0.0,0.0,0.0
qwen3-0.6b,toolshed,toolshed-0024-s1-hallucinated_entity-2,-38.74647676944733,-4.909512877464294,,,-24.083586916327477,-27.913264498114586,-16.725127443671227,-11.489026293158531,,,,,,,,,,,,,,,,,-17.871350526809692,-8.352538347244263,,,-26.039213180541992,-25.007762908935547,-46.41709899902344,-13.327938079833984,-18.849881172180176,-10.925746440887451,False,False,,,False,False,False,False,,,,,,,,,,,,,,,,,False,False,,,False,False,False,False,False,False,10.0,9.0,,,9.0,10.0,10.0,9.0,,,,,,,,,,,,,,,,,10.0,9.0,,,9.0,10.0,10.0,9.0,10.0,9.0,626.0,,647.0,,,,,,,,,627.0,,601.0,632.0,-29.69197155535221,-29.69197155535221,28.545748472213745,1.1462230831384659,,,2.1247537285089493,-7.670622229576111,-22.0213493257761,1.8389117866754532,8.41842520236969,33.08916091918945,5.236101150512695,33.83696389198303,-27.853059768676758,,,,,,,,,,,,,,,,,,,27.56721782684326,2.1247537285089493,-2.969197155535221,2.8545748472213743,0.1146223083138466,1.0,4.261426639088548e-15,0.005292781054945605,2.0174059499045097e-15,7.345147060202518e-05,0.0003617719313147964,0.005292781054941344,0.0,0.0,0.0
qwen3-0.6b,toolshed,toolshed-0024-s2-drop_arg-0,-17.632503628730774,-1.310227781534195,,,-17.189331531524658,-26.94243097305298,-5.290529727935791,-4.30765438079834,,,,,,,,,,,,,,,,,-12.348312675952911,-12.183796346187592,,,-24.918500900268555,-29.64154052734375,-29.844383239746094,-9.763712242245674,-9.799040347337723,-10.853653073310852,False,True,,,False,False,False,False,,,,,,,,,,,,,,,,,False,False,,,False,False,False,False,False,False,17.0,29.0,,,29.0,30.0,17.0,29.0,,,,,,,,,,,,,,,,,17.0,29.0,,,29.0,30.0,17.0,29.0,17.0,29.0,658.0,,672.0,,,,,,,,,664.0,,631.0,671.0,-24.553853511810303,-24.553853511810303,17.496070563793182,7.05778294801712,,,4.508510619401932,-12.21187961101532,-12.341973900794983,5.456057861447334,8.45348446071148,20.08067099750042,0.9828753471374512,16.32227584719658,-19.09779565036297,,,,,,,,,,,,,,,,,,,20.04534289240837,4.508510619401932,-1.4443443242241354,1.0291806213995989,0.4151637028245365,1.0,1.9014078266311668e-09,0.2723211204502518,8.153153747001568e-08,0.45896343252171,0.7416596849415331,0.272321118548844,0.0,0.0,0.0
qwen3-0.6b,toolshed,toolshed-0024-s2-name_for_email-3,-22.26772040128708,-1.2499988377094269,,,-15.234440982341766,-11.658834636211395,-8.334645450115204,-0.40243278443813324,,,,,,,,,,,,,,,,,-16.136793971061707,-15.104181230068207,,,-29.844351768493652,-24.91849422454834,-35.820353507995605,-9.763689905405045,-10.538645684719086,-10.216853559017181,False,True,,,False,False,False,True,,,,,,,,,,,,,,,,,False,False,,,False,False,False,False,False,False,25.0,29.0,,,17.0,29.0,25.0,29.0,,,,,,,,,,,,,,,,,25.0,29.0,,,17.0,29.0,25.0,29.0,25.0,29.0,658.0,,690.0,,,,,,,,,672.0,,631.0,674.0,-27.4857080578804,-27.4857080578804,19.6835595369339,7.802148520946503,,,2.204000234603882,-13.552633106708527,-13.933074951171875,9.361257120966911,8.513691067695618,26.05666360259056,7.932212665677071,21.017721563577652,-18.12445093691349,,,,,,,,,,,,,,,,,,,25.28170782327652,2.204000234603882,-1.0994283223152161,0.7873423814773559,0.3120859408378601,1.0,4.82763765368651e-12,0.00035885761140772943,7.449369259238447e-10,0.2625778834661726,0.42023905528126976,0.0003588576065800918,0.0,0.0,0.0
qwen3-0.6b,toolshed,toolshed-0025-s0-date_format-3,-30.803064346313477,-5.869835138320923,,,-7.7090789675712585,-13.067155539989471,-10.576809585094452,-0.9425058104097843,,,,,,,,,,,,,,,,,-12.201531410217285,-8.377448968589306,,,-28.23404884338379,-28.33932876586914,-38.794260025024414,-12.37022340297699,-8.535901248455048,-9.441120028495789,False,False,,,False,False,False,False,,,,,,,,,,,,,,,,,False,False,,,False,False,False,False,False,False,7.0,15.0,,,15.0,15.0,7.0,15.0,,,,,,,,,,,,,,,,,7.0,15.0,,,15.0,15.0,7.0,15.0,7.0,15.0,581.0,,593.0,,,,,,,,,577.0,,554.0,622.0,-28.217450439929962,-28.217450439929962,26.59272861480713,1.6247218251228333,,,-2.0409083366394043,-7.9911956787109375,-20.226254761219025,11.427717592567205,6.500388264656067,26.424036622047424,9.634303774684668,24.933229207992554,-16.789732847362757,,,,,,,,,,,,,,,,,,,30.258358776569366,-2.0409083366394043,-4.031064348561423,3.7989612306867326,0.23210311787469046,1.0,3.3433866116263285e-12,6.53648744742623e-05,1.484691215476687e-11,0.02137173845705204,0.712020781725764,6.536487113087568e-05,0.0,0.0,0.0
qwen3-0.6b,toolshed,toolshed-0025-s1-hallucinated_entity-2,-18.075764000415802,-5.083439648151398,,,-18.963994026184082,-21.335819721221924,-4.401138067245483,-6.147973537445068,,,,,,,,,,,,,,,,,-10.048136591911316,-11.721445202827454,,,-11.670170545578003,-13.480307519435883,-19.157123506069183,-0.7654860764741898,-4.422155559062958,-7.291196346282959,False,False,,,False,False,False,False,,,,,,,,,,,,,,,,,False,False,,,False,False,False,True,False,False,9.0,9.0,,,9.0,8.0,9.0,9.0,,,,,,,,,,,,,,,,,9.0,9.0,,,9.0,8.0,9.0,9.0,9.0,9.0,663.0,,680.0,,,,,,,,,663.0,,638.0,664.0,-14.7559854388237,-14.7559854388237,9.108986914157867,5.6469985246658325,,,0.021017491817474365,-1.0813595056533813,-13.674625933170319,-5.382487460970879,-4.317953571677208,18.391637429594994,-1.746835470199585,12.992324352264404,-20.13847289979458,,,,,,,,,,,,,,,,,,,14.734967947006226,0.021017491817474365,-1.6395539376470778,1.0121096571286519,0.6274442805184258,1.0,1.0294471659740283e-08,0.851552842076409,2.277740466144228e-06,0.842016446505471,0.9462946205965826,0.8515528317819374,0.0,0.0,0.0
qwen3-0.6b,toolshed,toolshed-0026-s1-type_swap-3,-7.762547984719276,-0.15672657266259193,,,-7.3850624561309814,-14.165836334228516,-9.705506324768066,-3.7714610397815704,,,,,,,,,,,,,,,,,-15.058137610554695,-23.06869125366211,,,-16.932410733774304,-12.278190359473228,-8.436274068430066,-0.03453374095261097,-10.203384906053543,-17.306182861328125,False,True,,,False,False,False,False,,,,,,,,,,,,,,,,,False,False,,,False,False,False,True,False,False,40.0,40.0,,,29.0,40.0,40.0,40.0,,,,,,,,,,,,,,,,,40.0,40.0,,,29.0,40.0,40.0,40.0,40.0,40.0,649.0,,694.0,,,,,,,,,677.0,,621.0,678.0,1.2692322563380003,1.2692322563380003,-6.621863542124629,5.352631285786629,,,0.4978785812854767,-0.6737260837107897,1.94295834004879,-3.7369272988289595,-0.12219283170998096,8.401740327477455,5.934045284986496,7.6058214120566845,-2.467695042490959,,,,,,,,,,,,,,,,,,,-1.767110837623477,0.4978785812854767,0.03173080640845001,-0.16554658855311571,0.13381578214466572,0.0,0.00022442485264212122,0.0025715468727389055,0.0004972991333855284,0.999668169256878,0.999177876899239,0.002347122020096784,0.0,0.0,0.0
qwen3-0.6b,toolshed,toolshed-0029-s1-drop_arg-0,-31.451869010925293,-11.763070583343506,,,-10.657781958580017,-16.431262731552124,-9.623300790786743,-2.9958045035600662,,,,,,,,,,,,,,,,,-8.222636312246323,-11.80506944656372,,,-19.30276393890381,-20.503628253936768,-34.863956928253174,-14.639347553253174,-9.710729539394379,-11.245046854019165,False,False,,,False,False,False,False,,,,,,,,,,,,,,,,,False,False,,,False,False,False,False,False,False,9.0,19.0,,,19.0,20.0,9.0,19.0,,,,,,,,,,,,,,,,,9.0,19.0,,,19.0,20.0,9.0,19.0,9.0,19.0,616.0,,622.0,,,,,,,,,614.0,,589.0,620.0,-25.24065613746643,-25.24065613746643,26.64132061600685,-1.4006644785404205,,,0.0874287486076355,-3.412087917327881,-21.82856822013855,11.643543049693108,2.876276969909668,20.224609375,6.627496287226677,19.688798427581787,-13.597113087773323,,,,,,,,,,,,,,,,,,,25.153227388858795,0.0874287486076355,-2.8045173486073813,2.960146735111872,-0.15562938650449118,1.0,1.6265446611030984e-09,0.0013211007494050857,2.8136073276744872e-09,0.9729444053836168,0.8226371109494551,0.0013210991228604246,0.0,0.0,0.0
qwen3-0.6b,toolshed,toolshed-0029-s1-readonly_target-3,-55.990485191345215,-11.909178733825684,,,-26.82357692718506,-18.521816730499268,-7.730604767799377,-12.861296653747559,,,,,,,,,,,,,,,,,-9.922883749008179,-13.442367553710938,,,-34.86395835876465,-19.302776336669922,-59.19742965698242,-14.639345169067383,-9.740800112485886,-12.810420036315918,False,False,,,False,False,False,False,,,,,,,,,,,,,,,,,False,False,,,False,False,False,False,False,False,18.0,19.0,,,9.0,19.0,18.0,19.0,,,,,,,,,,,,,,,,,18.0,19.0,,,9.0,19.0,18.0,19.0,18.0,19.0,616.0,,636.0,,,,,,,,,623.0,,589.0,628.0,-51.466824889183044,-51.466824889183044,49.27454590797424,2.1922789812088013,,,2.010195344686508,-3.206944465637207,-48.25988042354584,1.7780485153198242,2.730166435241699,44.55808448791504,-5.130691885948181,44.08130645751953,-49.68877637386322,,,,,,,,,,,,,,,,,,,49.456629544496536,2.010195344686508,-2.859268049399058,2.7374747726652355,0.12179327673382229,1.0,4.411556415615671e-20,0.9941019405244511,7.173512351379338e-20,0.9712370873514338,0.9556220567258095,0.9941019405244511,0.0,0.0,0.0
qwen3-0.6b,toolshed,toolshed-0030-s2-drop_arg-0,-17.337196111679077,-4.463778614997864,,,-20.439898014068604,-30.267122745513916,-6.195102691650391,-9.276721477508545,,,,,,,,,,,,,,,,,-14.051651537418365,-18.358447551727295,,,-26.04611587524414,-30.404216766357422,-28.9954833984375,-11.30828982591629,-8.400855407118797,-11.738731622695923,False,False,,,False,False,False,False,,,,,,,,,,,,,,,,,False,False,,,False,False,False,False,False,False,17.0,26.0,,,26.0,27.0,17.0,26.0,,,,,,,,,,,,,,,,,17.0,26.0,,,26.0,27.0,17.0,26.0,17.0,26.0,656.0,,670.0,,,,,,,,,662.0,,629.0,669.0,-22.80038070678711,-22.80038070678711,14.943831861019135,7.856548845767975,,,2.2057527154684067,-11.658287286758423,-11.142093420028687,2.0315683484077454,6.8445112109184265,17.68719357252121,-3.0816187858581543,12.873417496681213,-20.768812358379364,,,,,,,,,,,,,,,,,,,20.594627991318703,2.2057527154684067,-1.341198865105124,0.8790489330011255,0.4621499321039985,1.0,2.0823285191445218e-08,0.9561275430310381,2.5653386467747993e-06,0.9867025457436543,0.9657055756664993,0.9561275222077529,0.0,0.0,0.0
qwen3-0.6b,toolshed,toolshed-0033-s1-drop_arg-0,-24.45293164253235,-5.220958232879639,,,-12.300064206123352,-18.591869592666626,-10.239006757736206,-3.4250956773757935,,,,,,,,,,,,,,,,,-14.04823985695839,-15.968350648880005,,,-18.60697650909424,-19.035308837890625,-33.38163661956787,-13.472243309020996,-12.07725965976715,-12.945246696472168,False,False,,,False,False,False,False,,,,,,,,,,,,,,,,,False,False,,,False,False,False,False,False,False,10.0,25.0,,,25.0,26.0,10.0,25.0,,,,,,,,,,,,,,,,,10.0,25.0,,,25.0,26.0,10.0,25.0,10.0,25.0,682.0,,689.0,,,,,,,,,681.0,,655.0,688.0,-23.142629861831665,-23.142629861831665,19.333396762609482,3.8092330992221832,,,1.8382529020309448,-8.928704977035522,-14.213924884796143,10.047147631645203,8.251285076141357,19.909393310546875,6.813911080360413,19.23197340965271,-13.095482230186462,,,,,,,,,,,,,,,,,,,21.30437695980072,1.8382529020309448,-2.3142629861831665,1.9333396762609483,0.38092330992221834,1.0,2.2348942136847164e-09,0.0010970299376310687,4.4428338300072866e-09,0.8721507879095658,0.7043266696485627,0.001097027702736855,0.0,0.0,0.0
qwen3-0.6b,toolshed,toolshed-0035-s1-readonly_target-3,-52.81019115447998,-12.576305389404297,,,-26.79289436340332,-18.687559127807617,-7.483201503753662,-13.093102931976318,,,,,,,,,,,,,,,,,-10.816740110516548,-15.889316082000732,,,-38.064913749694824,-23.087820053100586,-61.682705879211426,-19.628223419189453,-10.077280424535275,-14.693137168884277,False,False,,,False,False,False,False,,,,,,,,,,,,,,,,,False,False,,,False,False,False,False,False,False,17.0,18.0,,,9.0,18.0,17.0,18.0,,,,,,,,,,,,,,,,,17.0,18.0,,,9.0,18.0,17.0,18.0,17.0,18.0,615.0,,634.0,,,,,,,,,621.0,,588.0,626.0,-54.199504375457764,-54.199504375457764,50.86596576869488,3.333538606762886,,,2.5940789207816124,-8.872514724731445,-45.32698965072632,6.535120487213135,7.051918029785156,42.05448246002197,-5.609901428222656,40.233885765075684,-47.66438388824463,,,,,,,,,,,,,,,,,,,51.60542545467615,2.5940789207816124,-3.1882061397328094,2.9921156334526398,0.19609050628016977,1.0,5.278679888682962e-19,0.9963384074295434,3.3623694161130735e-18,0.9937727638344612,0.9902032230054557,0.9963384074295434,0.0,0.0,0.0
qwen3-0.6b,toolshed,toolshed-0036-s2-name_for_email-3,-10.297343969345093,-1.5361477136611938,,,-14.83175677061081,-12.160765826702118,-5.6681830286979675,-0.7142951376736164,,,,,,,,,,,,,,,,,-16.38761956989765,-18.262993097305298,,,-26.496773719787598,-23.30553913116455,-21.223533630371094,-7.829490251839161,-9.306466907262802,-11.80462121963501,False,False,,,False,False,False,True,,,,,,,,,,,,,,,,,False,False,,,False,False,False,False,False,False,29.0,33.0,,,17.0,33.0,29.0,33.0,,,,,,,,,,,,,,,,,29.0,33.0,,,17.0,33.0,29.0,33.0,29.0,33.0,664.0,,700.0,,,,,,,,,682.0,,637.0,684.0,-15.555350601673126,-15.555350601673126,4.835914060473442,10.719436541199684,,,3.6382838785648346,-10.926189661026001,-4.629160940647125,7.1151951141655445,6.293342538177967,13.394043378531933,4.953887891024351,8.761196255683899,-8.440155487507582,,,,,,,,,,,,,,,,,,,11.917066723108292,3.6382838785648346,-0.536391400057694,0.1667556572577049,0.3696357427999891,1.0,1.5241935604768028e-06,0.007006406152936464,0.0001566724965726335,0.8670788159129591,0.9240123290834408,0.007004881959375987,0.0,0.0,0.0
qwen3-0.6b,toolshed,toolshed-0037-s0-date_format-2,-23.771279335021973,-5.79938268661499,,,-9.19920539855957,-13.65528392791748,-9.12934398651123,-1.2849731668829918,,,,,,,,,,,,,,,,,-12.78622841835022,-10.717907726764679,,,-28.092453956604004,-27.429816246032715,-32.11604595184326,-11.904547929763794,-8.746821656823158,-10.549626469612122,False,False,,,False,False,False,False,,,,,,,,,,,,,,,,,False,False,,,False,False,False,False,False,False,15.0,15.0,,,15.0,15.0,15.0,15.0,,,,,,,,,,,,,,,,,15.0,15.0,,,15.0,15.0,15.0,15.0,15.0,15.0,580.0,,608.0,,,,,,,,,584.0,,553.0,637.0,-22.98670196533203,-22.98670196533203,19.329817533493042,3.6568844318389893,,,-0.3825223296880722,-8.344766616821289,-14.641935348510742,10.619574762880802,6.105165243148804,20.211498022079468,7.844370819628239,17.971896648406982,-12.367127202451229,,,,,,,,,,,,,,,,,,,23.369224295020103,-0.3825223296880722,-1.532446797688802,1.2886545022328695,0.24379229545593262,1.0,1.6682372650126225e-09,0.00039165381673647847,1.5664064020264887e-08,0.11221422603104902,0.8584900202524096,0.00039165214849921345,0.0,0.0,0.0
qwen3-0.6b,toolshed,toolshed-0042-s2-name_for_email-3,-27.889910221099854,-8.78501844406128,,,-15.194228082895279,-10.657609850168228,-4.960446745157242,-0.40669720619916916,,,,,,,,,,,,,,,,,-13.214369773864746,-14.16642689704895,,,-26.06667137145996,-30.333894729614258,-40.9483528137207,-17.06424379348755,-7.498342335224152,-9.422037124633789,False,False,,,False,False,False,True,,,,,,,,,,,,,,,,,False,False,,,False,False,False,False,False,False,23.0,27.0,,,18.0,27.0,23.0,27.0,,,,,,,,,,,,,,,,,23.0,27.0,,,18.0,27.0,23.0,27.0,23.0,27.0,657.0,,687.0,,,,,,,,,669.0,,630.0,671.0,-35.98790606856346,-35.98790606856346,27.733983039855957,8.253923028707504,,,2.53789559006691,-13.05844259262085,-22.92946347594261,16.65754658728838,8.27922534942627,23.884109020233154,4.553749538958073,19.104891777038574,-19.33035948127508,,,,,,,,,,,,,,,,,,,33.45001047849655,2.53789559006691,-1.5646915681984113,1.2058253495589546,0.3588662186394567,1.0,4.238469231619713e-11,0.01041761144896052,5.044880944739296e-09,0.7215286938746217,0.872549884479411,0.010417611406575827,0.0,0.0,0.0
qwen3-0.6b,toolshed,toolshed-0043-s0-date_format-3,-30.32766056060791,-6.181451320648193,,,-7.817403554916382,-13.300993204116821,-9.729395151138306,-1.2891391515731812,,,,,,,,,,,,,,,,,-11.07511043548584,-8.771436378359795,,,-29.871821403503418,-28.82368755340576,-39.07648754119873,-13.145729899406433,-8.389929354190826,-8.649614453315735,False,False,,,False,False,False,False,,,,,,,,,,,,,,,,,False,False,,,False,False,False,False,False,False,7.0,15.0,,,15.0,15.0,7.0,15.0,,,,,,,,,,,,,,,,,7.0,15.0,,,15.0,15.0,7.0,15.0,7.0,15.0,580.0,,592.0,,,,,,,,,576.0,,553.0,621.0,-29.347092390060425,-29.347092390060425,28.00137710571289,1.3457152843475342,,,-1.3394657969474792,-8.74882698059082,-20.598265409469604,11.856590747833252,6.96427857875824,25.930757641792297,8.440255999565125,24.146209239959717,-17.490501642227173,,,,,,,,,,,,,,,,,,,30.686558187007904,-1.3394657969474792,-4.1924417700086325,4.0001967293875555,0.1922450406210763,1.0,5.4753886768843205e-12,0.00021563180940262227,3.261629062352946e-11,0.09081913395678033,0.5645588806179564,0.0002156318039272336,0.0,0.0,0.0
qwen3-0.6b,toolshed,toolshed-0047-s0-type_swap-3,-13.63655149936676,-4.255942463874817,,,-23.462464094161987,-21.131550550460815,-2.8737960644066334,-9.323044538497925,,,,,,,,,,,,,,,,,-6.919093483127654,-14.113037586212158,,,-24.42597809433937,-16.948801428079605,-16.517481237649918,-4.472594648599625,-6.492290586233139,-13.846362590789795,False,False,,,False,False,False,False,,,,,,,,,,,,,,,,,False,False,,,False,False,False,False,False,False,17.0,17.0,,,12.0,17.0,17.0,17.0,,,,,,,,,,,,,,,,,17.0,17.0,,,12.0,17.0,17.0,17.0,17.0,17.0,579.0,,598.0,,,,,,,,,584.0,,551.0,589.0,-13.643685173243284,-13.643685173243284,9.598387754522264,4.04529741872102,,,3.6184945218265057,-2.8809297382831573,-10.762755434960127,-4.8504498898983,0.21665218472480774,12.044886589050293,-6.449248474091291,9.380609035491943,-18.494135063141584,,,,,,,,,,,,,,,,,,,10.025190651416779,3.6184945218265057,-0.8025697160731343,0.5646110443836626,0.23795867168947177,1.0,5.87446079296996e-06,0.9984207745656011,8.433670522882116e-05,0.9992494429861144,0.9993604282721852,0.9984149001048082,0.0,0.0,0.0
qwen3-0.6b,toolshed,toolshed-0047-s1-readonly_target-3,-50.96005439758301,-12.67613935470581,,,-27.508328437805176,-19.75104522705078,-8.109086513519287,-14.19823932647705,,,,,,,,,,,,,,,,,-10.160399533808231,-15.687853813171387,,,-37.44554615020752,-24.150279998779297,-59.55314350128174,-19.159353256225586,-10.267035618424416,-14.649779796600342,False,False,,,False,False,False,False,,,,,,,,,,,,,,,,,False,False,,,False,False,False,False,False,False,18.0,19.0,,,9.0,19.0,18.0,19.0,,,,,,,,,,,,,,,,,18.0,19.0,,,9.0,19.0,18.0,19.0,18.0,19.0,616.0,,636.0,,,,,,,,,623.0,,589.0,628.0,-51.44405698776245,-51.44405698776245,49.39274396747351,2.0513130202889442,,,2.1579491049051285,-8.59308910369873,-42.85096788406372,4.961113929748535,6.483213901519775,40.39379024505615,-6.089152812957764,38.2839150428772,-46.482943058013916,,,,,,,,,,,,,,,,,,,49.28610788285732,2.1579491049051285,-2.858003165986803,2.744041331526306,0.1139618344604969,1.0,2.846143922707007e-18,0.9977290468078606,2.363235224294016e-17,0.9960396484952405,0.9876630671236845,0.9977290468078606,0.0,0.0,0.0
qwen3-0.6b,toolshed,toolshed-0048-s2-name_for_email-3,-21.506911516189575,-4.271138429641724,,,-16.25092387199402,-11.637827634811401,-7.739001035690308,-0.7998619005084038,,,,,,,,,,,,,,,,,-15.156902194023132,-17.459014892578125,,,-27.083399772644043,-23.80961036682129,-33.171143531799316,-9.889320731163025,-9.354405909776688,-11.381391525268555,False,False,,,False,False,False,True,,,,,,,,,,,,,,,,,False,False,,,False,False,False,False,False,False,22.0,26.0,,,17.0,26.0,22.0,26.0,,,,,,,,,,,,,,,,,22.0,26.0,,,17.0,26.0,22.0,26.0,22.0,26.0,657.0,,686.0,,,,,,,,,668.0,,630.0,671.0,-25.43214249610901,-25.43214249610901,18.014241337776184,7.417901158332825,,,1.61540487408638,-11.664232015609741,-13.767910480499268,9.089458830654621,5.618182301521301,23.28182280063629,6.939139135181904,17.23577308654785,-16.342683665454388,,,,,,,,,,,,,,,,,,,23.81673762202263,1.61540487408638,-1.156006477095864,0.8188291517170992,0.33717732537876477,1.0,7.741630215655067e-11,0.0009681460689518847,3.2703847047460686e-08,0.90905186068271,0.8836014069170113,0.0009681459915355825,0.0,0.0,0.0
qwen3-0.6b,toolshed,toolshed-0050-s1-date_format-4,-24.18502753227949,-0.12917621061205864,,,-10.834996938705444,-13.871744066476822,-15.415070295333862,-2.203755388734862,,,,,,,,,,,,,,,,,-22.27365207672119,-14.879554226994514,,,-17.463919388130307,-12.084282122552395,-25.334748016670346,-0.028419964015483856,-17.608227729797363,-10.42784297466278,False,True,,,False,False,False,False,,,,,,,,,,,,,,,,,False,False,,,False,False,False,True,False,False,40.0,40.0,,,29.0,40.0,40.0,40.0,,,,,,,,,,,,,,,,,40.0,40.0,,,29.0,40.0,40.0,40.0,40.0,40.0,648.0,,701.0,,,,,,,,,677.0,,621.0,678.0,-9.919677721336484,-9.919677721336484,3.061095939949155,6.858581781387329,,,2.193157434463501,-1.1497204843908548,-8.76995723694563,-2.1753354247193784,-0.10075624659657478,25.306328052654862,13.211314906599,24.055851321667433,-12.095013146055862,,,,,,,,,,,,,,,,,,,7.726520286872983,2.193157434463501,-0.2479919430334121,0.07652739849872887,0.17146454453468324,1.0,1.0223481947384734e-11,1.8294343721886535e-06,3.5700682070717224e-11,0.0006144933001755579,0.0007607955922832696,1.829424148706706e-06,0.0,0.0,0.0
qwen3-0.6b,toolshed,toolshed-0051-s1-readonly_target-3,-53.10846519470215,-7.921968221664429,,,-29.89134645462036,-20.069771766662598,-7.4952152371406555,-14.215211868286133,,,,,,,,,,,,,,,,,-12.088813483715057,-16.974942207336426,,,-33.34755897521973,-19.618868827819824,-57.66318893432617,-13.677056312561035,-10.518375247716904,-15.71191692352295,False,False,,,False,False,False,False,,,,,,,,,,,,,,,,,False,False,,,False,False,False,False,False,False,27.0,29.0,,,10.0,29.0,27.0,29.0,,,,,,,,,,,,,,,,,27.0,29.0,,,10.0,29.0,27.0,29.0,27.0,29.0,708.0,,737.0,,,,,,,,,724.0,,681.0,730.0,-50.167973697185516,-50.167973697185516,45.574375450611115,4.593598246574402,,,3.023160010576248,-4.554723739624023,-45.61324995756149,-0.5381555557250977,5.7550880908966064,43.98613262176514,-6.719996631145477,45.18649697303772,-50.706129252910614,,,,,,,,,,,,,,,,,,,47.14481368660927,3.023160010576248,-1.85807309989576,1.6879398315041154,0.17013326839164453,1.0,7.869113531213116e-20,0.9987914609557927,2.3754927433297762e-20,0.9925059878473759,0.9944783504181486,0.9987914609557927,0.0,0.0,0.0
qwen3-0.6b,toolshed,toolshed-0052-s1-date_format-3,-28.557920813560486,-2.2174962759017944,,,-15.580204606056213,-26.36117649078369,-14.469704270362854,-1.084107756614685,,,,,,,,,,,,,,,,,-11.25368070602417,-5.039981838315725,,,-24.179452896118164,-28.265847206115723,-35.09614944458008,-6.437412738800049,-9.815606355667114,-3.9873966611921787,False,False,,,False,False,False,False,,,,,,,,,,,,,,,,,False,False,,,False,False,False,False,False,False,24.0,24.0,,,11.0,24.0,24.0,24.0,,,,,,,,,,,,,,,,,24.0,24.0,,,11.0,24.0,24.0,24.0,24.0,24.0,614.0,,651.0,,,,,,,,,626.0,,586.0,636.0,-20.626445174217224,-20.626445174217224,23.842468738555908,-3.216023564338684,,,-4.65409791469574,-6.538228631019592,-14.088216543197632,5.353304982185364,4.219916462898254,28.65873670578003,13.385596513748169,26.34042453765869,-15.27314019203186,,,,,,,,,,,,,,,,,,,25.280543088912964,-4.65409791469574,-0.8594352155923843,0.9934361974398295,-0.13400098184744516,1.0,3.578234359563906e-13,1.5371222520099189e-06,3.6349544438509588e-12,0.0019978200137403816,0.0029347039105036684,1.5371218941864829e-06,0.0,0.0,0.0
qwen3-0.6b,toolshed,toolshed-0054-s2-name_for_email-3,-14.471165180206299,-4.659737825393677,,,-16.498209059238434,-11.996261656284332,-5.544740736484528,-0.7049520425498486,,,,,,,,,,,,,,,,,-16.06941831111908,-20.08831214904785,,,-28.50455093383789,-25.74566078186035,-24.86484718322754,-11.309991121292114,-8.564300321042538,-12.046950340270996,False,False,,,False,False,False,True,,,,,,,,,,,,,,,,,False,False,,,False,False,False,False,False,False,22.0,26.0,,,17.0,26.0,22.0,26.0,,,,,,,,,,,,,,,,,22.0,26.0,,,17.0,26.0,22.0,26.0,22.0,26.0,657.0,,686.0,,,,,,,,,668.0,,630.0,671.0,-19.32010644674301,-19.32010644674301,8.79542887210846,10.524677574634552,,,3.01955958455801,-10.39368200302124,-8.926424443721771,10.605039078742266,6.6502532958984375,13.554856061935425,4.839788693934679,9.811427354812622,-8.715067368000746,,,,,,,,,,,,,,,,,,,16.300546862185,3.01955958455801,-0.8781866566701368,0.3997922214594754,0.47839443521066144,1.0,1.2977767736211039e-06,0.00784656965650873,5.4818535900067245e-05,0.982344484841524,0.9701900577939008,0.007845271879735109,0.0,0.0,0.0
qwen3-0.6b,toolshed,toolshed-0059-s0-type_swap-3,-13.429944694042206,-3.9374694228172302,,,-26.665259838104248,-20.82372236251831,-2.2712604701519012,-9.9725923538208,,,,,,,,,,,,,,,,,-7.423899883404374,-15.309615135192871,,,-25.701182521879673,-17.431054271757603,-16.8609973564744,-4.528733409941196,-6.5111110508441925,-15.94110631942749,False,False,,,False,False,False,False,,,,,,,,,,,,,,,,,False,False,,,False,False,False,False,False,False,17.0,17.0,,,12.0,17.0,17.0,17.0,,,,,,,,,,,,,,,,,17.0,17.0,,,12.0,17.0,17.0,17.0,17.0,17.0,579.0,,598.0,,,,,,,,,584.0,,551.0,589.0,-14.589736886322498,-14.589736886322498,9.437097473070025,5.152639413252473,,,4.239850580692291,-3.4310526624321938,-11.158684223890305,-5.443858943879604,0.5912639871239662,12.332263946533203,-7.7013318836688995,9.492475271224976,-20.033595830202103,,,,,,,,,,,,,,,,,,,10.349886305630207,4.239850580692291,-0.8582198168424999,0.5551233807688251,0.30309643607367487,1.0,4.407200635297457e-06,0.9995479711604737,7.541150672000615e-05,0.999624063855936,0.9999197268645219,0.9995435639598383,0.0,0.0,0.0
qwen3-0.6b,toolshed,toolshed-0059-s1-readonly_target-3,-51.015971183776855,-12.559951305389404,,,-25.93014621734619,-18.99267864227295,-6.950507879257202,-12.326111316680908,,,,,,,,,,,,,,,,,-9.597458735108376,-15.075364112854004,,,-39.11788558959961,-22.840563774108887,-60.517539978027344,-20.229522705078125,-9.464097008109093,-13.106029748916626,False,False,,,False,False,False,False,,,,,,,,,,,,,,,,,False,False,,,False,False,False,False,False,False,18.0,19.0,,,9.0,19.0,18.0,19.0,,,,,,,,,,,,,,,,,18.0,19.0,,,9.0,19.0,18.0,19.0,18.0,19.0,616.0,,636.0,,,,,,,,,623.0,,589.0,628.0,-53.56703209877014,-53.56703209877014,50.92008124291897,2.6469508558511734,,,2.5135891288518906,-9.501568794250488,-44.06546330451965,7.903411388397217,7.669571399688721,40.28801727294922,-5.375603437423706,38.45601987838745,-45.663620710372925,,,,,,,,,,,,,,,,,,,51.05344296991825,2.5135891288518906,-2.975946227709452,2.828893402384387,0.1470528253250652,1.0,2.9672308816781652e-18,0.9953873537824346,1.9895862499304042e-17,0.9958393116342393,0.9744673438320813,0.9953873537824346,0.0,0.0,0.0
smollm2-1.7b,toolshed,toolshed-0000-s0-arg_typo-1,-10.384833812713623,-4.65033495426178,,,-8.638048350811005,-18.686276614665985,-3.32281893491745,-0.5254895985126495,,,,,,,,,,,,,,,,,-6.367534011602402,-11.596166610717773,,,-17.21279001235962,-26.673587799072266,-15.965400218963623,-10.397344529628754,-5.707325220108032,-6.625478148460388,False,False,,,False,False,False,True,,,,,,,,,,,,,,,,,False,False,,,False,False,False,False,False,False,13.0,11.0,,,12.0,11.0,13.0,11.0,,,,,,,,,,,,,,,,,13.0,11.0,,,12.0,11.0,13.0,11.0,13.0,11.0,642.0,,662.0,,,,,,,,,643.0,,613.0,670.0,-12.642581284046173,-12.642581284046173,9.597866207361221,3.044715076684952,,,2.3845062851905823,-5.58056640625,-7.062014877796173,9.871854931116104,5.747009575366974,5.568055689334869,2.7973293364048004,5.734498858451843,-2.770726352930069,,,,,,,,,,,,,,,,,,,10.25807499885559,2.3845062851905823,-0.9725062526189364,0.7382974005662478,0.2342088520526886,1.0,0.0037992244013757225,0.05745243182985838,0.003222086502757815,0.9946677347528688,0.7146656026820613,0.05365320742848266,0.0,0.0,0.0
smollm2-1.7b,toolshed,toolshed-0000-s0-hallucinated_entity-2,-20.385979175567627,-4.668515682220459,,,-17.060917377471924,-19.06417989730835,-5.420234441757202,-8.79883337020874,,,,,,,,,,,,,,,,,-5.852980464696884,-9.085190057754517,,,-17.21279001235962,-15.965400218963623,-26.673587799072266,-10.397344529628754,-5.481719881296158,-8.739864110946655,False,False,,,False,False,False,False,,,,,,,,,,,,,,,,,False,False,,,False,False,False,False,False,False,11.0,11.0,,,12.0,13.0,11.0,11.0,,,,,,,,,,,,,,,,,11.0,11.0,,,12.0,13.0,11.0,11.0,11.0,11.0,639.0,,662.0,,,,,,,,,641.0,,613.0,669.0,-21.253353357315063,-21.253353357315063,20.82060733437538,0.432746022939682,,,0.06148543953895569,-6.287608623504639,-14.965744733810425,1.5985111594200134,5.728828847408295,16.276243269443512,-3.378598928451538,15.717463493347168,-19.65484219789505,,,,,,,,,,,,,,,,,,,21.191867917776108,0.06148543953895569,-1.9321230324831875,1.8927824849432164,0.03934054753997109,1.0,8.495484829742633e-08,0.9670196227495674,1.492767841289508e-07,0.9620285509729805,0.9629646638614219,0.9670195377947192,0.0,0.0,0.0
smollm2-1.7b,toolshed,toolshed-0000-s2-name_for_email-3,-11.001639306545258,-7.82286924123764,,,-10.33435845375061,-17.62031388282776,-1.271608829498291,-4.966727018356323,,,,,,,,,,,,,,,,,-5.002779960632324,-11.68337631225586,,,-13.32582139968872,-19.994511127471924,-14.011402606964111,-10.93193006515503,-3.523373782634735,-6.807048320770264,False,False,,,False,False,True,False,,,,,,,,,,,,,,,,,False,False,,,False,False,False,False,False,False,26.0,32.0,,,22.0,32.0,26.0,32.0,,,,,,,,,,,,,,,,,26.0,32.0,,,22.0,32.0,26.0,32.0,26.0,32.0,730.0,,764.0,,,,,,,,,745.0,,702.0,747.0,-12.73979377746582,-12.73979377746582,9.008622646331787,3.731171131134033,,,2.251764953136444,-3.0097633004188538,-9.730030477046967,5.965203046798706,3.109060823917389,3.079472541809082,-3.6951181888580322,3.178770065307617,-6.774590730667114,,,,,,,,,,,,,,,,,,,10.488028824329376,2.251764953136444,-0.48999206836407,0.3464854863973764,0.14350658196669358,1.0,0.04042956427289767,0.9756473538392858,0.03997250563723893,0.9987465438136688,0.9638644852046715,0.9352177895663881,0.0,1.0,0.0
smollm2-1.7b,toolshed,toolshed-0000-s2-tool_typo-1,-9.259934782981873,-7.107781767845154,,,-9.61520080268383,-6.300536438822746,-4.345689579844475,-0.21318599581718445,,,,,,,,,,,,,,,,,-7.670730113983154,-9.253641605377197,,,-13.325818061828613,-17.324641227722168,-19.994507789611816,-10.931926727294922,-4.705597400665283,-5.4875404834747314,False,False,,,False,False,False,True,,,,,,,,,,,,,,,,,False,False,,,False,False,False,False,False,False,32.0,32.0,,,22.0,33.0,32.0,32.0,,,,,,,,,,,,,,,,,32.0,32.0,,,22.0,33.0,32.0,32.0,32.0,32.0,728.0,,766.0,,,,,,,,,751.0,,702.0,749.0,-15.648818209767342,-15.648818209767342,12.323777675628662,3.3250405341386795,,,0.3599078208208084,-10.734573006629944,-4.914245203137398,10.718740731477737,3.824144959449768,9.062581062316895,4.13250358402729,2.1521530151367188,-4.930077478289604,,,,,,,,,,,,,,,,,,,15.288910388946533,0.3599078208208084,-0.4890255690552294,0.3851180523633957,0.10390751669183373,1.0,0.00010605366518990245,0.015752864549660264,0.10413020331759623,0.8296164610281656,0.6860987416019729,0.015646810884470362,0.0,0.0,0.0
smollm2-1.7b,toolshed,toolshed-0001-s0-date_format-2,-16.85935616493225,-4.941106081008911,,,-11.765827238559723,-17.152075827121735,-2.390586197376251,-1.3335699141025543,,,,,,,,,,,,,,,,,-3.1462334394454956,-5.034302473068237,,,-15.127885818481445,-15.571113109588623,-20.079240322113037,-7.886019706726074,-6.9986498057842255,-10.627643585205078,False,False,,,False,False,False,True,,,,,,,,,,,,,,,,,False,False,,,False,False,False,False,False,False,17.0,17.0,,,17.0,17.0,17.0,17.0,,,,,,,,,,,,,,,,,17.0,17.0,,,17.0,17.0,17.0,17.0,17.0,17.0,640.0,,675.0,,,,,,,,,646.0,,612.0,704.0,-17.688654124736786,-17.688654124736786,16.93300688266754,0.7556472420692444,,,4.608063608407974,-3.219884157180786,-14.468769967556,6.55244979262352,2.944913625717163,12.193220615386963,1.057016283273697,11.91825008392334,-11.136204332113266,,,,,,,,,,,,,,,,,,,13.080590516328812,4.608063608407974,-1.0405090661609875,0.9960592283922083,0.04444983776877908,1.0,5.05870221958534e-06,0.2578743946715095,6.667558870189738e-06,0.8685352061990068,0.9741434288706171,0.25786933596928996,0.0,0.0,0.0
smollm2-1.7b,toolshed,toolshed-0001-s0-tool_typo-0,-5.5160804986953735,-5.479851007461548,,,-11.823276042938232,-15.101813793182373,-3.31416916847229,-0.4579288363456726,,,,,,,,,,,,,,,,,-3.8543392419815063,-4.023985862731934,,,-15.571120262145996,-20.07925510406494,-15.127883911132812,-7.886027097702026,-4.956098020076752,-5.609149932861328,False,False,,,False,False,False,True,,,,,,,,,,,,,,,,,False,False,,,False,False,False,False,False,False,17.0,17.0,,,17.0,17.0,17.0,17.0,,,,,,,,,,,,,,,,,17.0,17.0,,,17.0,17.0,17.0,17.0,17.0,17.0,638.0,,661.0,,,,,,,,,646.0,,612.0,644.0,-11.813714742660522,-11.813714742660522,11.273544669151306,0.5401700735092163,,,1.6419288516044617,-9.611803412437439,-2.2019113302230835,7.428098261356354,2.4061760902404785,7.241856813430786,2.8562403321266174,0.036229491233825684,-4.385616481304169,,,,,,,,,,,,,,,,,,,10.17178589105606,1.6419288516044617,-0.6949243966270896,0.6631496864206651,0.031774710206424486,1.0,0.0007151367386631402,0.05435902324178504,0.4909436177690637,0.5423102298781107,0.6576978743156903,0.0536438865031219,0.0,0.0,0.0
smollm2-1.7b,toolshed,toolshed-0002-s0-hallucinated_entity-2,-17.90593433380127,-3.422084927558899,,,-18.2433123588562,-20.956570148468018,-8.404164791107178,-10.29078197479248,,,,,,,,,,,,,,,,,-6.739959537982941,-10.80813455581665,,,-17.735766410827637,-15.70353651046753,-26.82705593109131,-9.691214919090271,-5.445175893604755,-10.008841514587402,False,False,,,False,False,False,False,,,,,,,,,,,,,,,,,False,False,,,False,False,False,False,False,False,11.0,11.0,,,12.0,13.0,11.0,11.0,,,,,,,,,,,,,,,,,11.0,11.0,,,12.0,13.0,11.0,11.0,11.0,11.0,654.0,,676.0,,,,,,,,,656.0,,628.0,684.0,-18.42289113998413,-18.42289113998413,20.087096393108368,-1.664205253124237,,,-2.9589888975024223,-8.921121597290039,-9.501769542694092,-0.5995670557022095,6.269129991531372,17.135841012001038,-1.8866171836853027,14.48384940624237,-19.02245819568634,,,,,,,,,,,,,,,,,,,21.381880037486553,-2.9589888975024223,-1.6748082854531028,1.8260996721007607,-0.15129138664765793,1.0,3.604107908102473e-08,0.868326469257762,5.125590470565589e-07,0.9831791972060275,0.9896837550564807,0.8683264332166829,0.0,0.0,0.0
smollm2-1.7b,toolshed,toolshed-0002-s1-arg_typo-2,-12.539894998073578,-1.6359413266181946,,,-2.084247589111328,-11.964161396026611,-4.417061805725098,-1.115242838859558,,,,,,,,,,,,,,,,,-5.236531496047974,-8.3475923538208,,,-8.716951131820679,-10.521672248840332,-13.134584188461304,-2.366501808166504,-5.9057230949401855,-7.170166254043579,False,True,,,False,False,False,True,,,,,,,,,,,,,,,,,False,False,,,False,False,False,False,False,False,44.0,44.0,,,31.0,44.0,44.0,44.0,,,,,,,,,,,,,,,,,44.0,44.0,,,31.0,44.0,44.0,44.0,44.0,44.0,712.0,,761.0,,,,,,,,,744.0,,683.0,746.0,-8.717522382736206,-8.717522382736206,7.89805269241333,0.819469690322876,,,1.488661289215088,-0.5946891903877258,-8.12283319234848,1.2512589693069458,0.7305604815483093,10.7680823802948,3.3018189668655396,10.903953671455383,-7.46626341342926,,,,,,,,,,,,,,,,,,,7.228861093521118,1.488661289215088,-0.19812550869855014,0.17950119755484842,0.018624311143701725,1.0,2.1017932773252554e-05,0.025994662998074448,1.838506226135628e-05,0.9573466958714149,0.7797900245480879,0.025973645065301195,0.0,0.0,0.0
smollm2-1.7b,toolshed,toolshed-0002-s1-drop_arg-0,-3.558064639568329,-1.401944637298584,,,-11.988790512084961,-15.36575984954834,-5.0278191566467285,-3.279598355293274,,,,,,,,,,,,,,,,,-4.344539195299149,-7.6337668895721436,,,-10.521669864654541,-13.134575963020325,-8.716932892799377,-2.3664987683296204,-5.891284495592117,-7.729405641555786,False,True,,,False,False,False,False,,,,,,,,,,,,,,,,,False,False,,,False,False,False,False,False,False,31.0,44.0,,,44.0,44.0,31.0,44.0,,,,,,,,,,,,,,,,,31.0,44.0,,,44.0,44.0,31.0,44.0,31.0,44.0,711.0,,742.0,,,,,,,,,731.0,,683.0,733.0,-3.689113736152649,-3.689113736152649,4.372393697500229,-0.68327996134758,,,0.8634653389453888,-5.158868253231049,1.4697545170783997,-0.9130995869636536,0.9645541310310364,6.350434124469757,1.7482208013534546,2.156120002269745,-4.6022133231163025,,,,,,,,,,,,,,,,,,,2.82564839720726,0.8634653389453888,-0.11900366890814996,0.14104495798387834,-0.022041289075728384,1.0,0.0017424095695458249,0.1482501936190852,0.10376071530841562,0.9640574027512323,0.8627263471041408,0.14650778404953937,0.0,0.0,0.0
smollm2-1.7b,toolshed,toolshed-0002-s1-type_swap-3,-5.670221388339996,-1.4890493154525757,,,-8.885420083999634,-14.905210494995117,-4.703937292098999,-4.3058388233184814,,,,,,,,,,,,,,,,,-5.196764767169952,-10.191768169403076,,,-8.716935873031616,-10.521670818328857,-7.906230211257935,-2.366501748561859,-5.89737468957901,-10.29447078704834,False,True,,,False,False,False,False,,,,,,,,,,,,,,,,,False,False,,,False,False,False,False,False,False,44.0,44.0,,,31.0,44.0,44.0,44.0,,,,,,,,,,,,,,,,,44.0,44.0,,,31.0,44.0,44.0,44.0,44.0,44.0,712.0,,763.0,,,,,,,,,744.0,,683.0,746.0,-3.2022929191589355,-3.2022929191589355,2.709465444087982,0.49282747507095337,,,1.193437397480011,-2.2360088229179382,-0.9662840962409973,-1.9393370747566223,0.8774524331092834,5.539728462696075,0.3980984687805176,4.181172072887421,-5.141629993915558,,,,,,,,,,,,,,,,,,,2.0088555216789246,1.193437397480011,-0.07277938452633945,0.061578760092908684,0.011200624433430758,1.0,0.0039043201969454467,0.39931260655929807,0.015050605023835885,0.99327384940093,0.9878367230464216,0.39540828636235265,0.0,0.0,0.0
smollm2-1.7b,toolshed,toolshed-0003-s0-arg_typo-1,-11.538213968276978,-3.328843116760254,,,-9.203461334109306,-12.25160662829876,-3.2785507887601852,-0.5957109183073044,,,,,,,,,,,,,,,,,-3.3532151579856873,-10.49355435371399,,,-7.396150708198547,-12.11871588230133,-9.455404877662659,-0.649706244468689,-1.986741065979004,-7.4949198961257935,False,False,,,False,False,False,True,,,,,,,,,,,,,,,,,False,False,,,False,False,False,True,False,False,11.0,9.0,,,8.0,10.0,11.0,9.0,,,,,,,,,,,,,,,,,11.0,9.0,,,8.0,10.0,11.0,9.0,11.0,9.0,641.0,,659.0,,,,,,,,,639.0,,611.0,668.0,-6.1768540889024734,-6.1768540889024734,6.102189719676971,0.07466436922550201,,,-1.2918097227811813,2.082809090614319,-8.259663179516792,0.05399532616138458,-2.679136872291565,8.80569863319397,2.682839870452881,8.209370851516724,-6.122858762741089,,,,,,,,,,,,,,,,,,,7.468663811683655,-1.2918097227811813,-0.5615321899002249,0.5547445199706338,0.006787669929591092,1.0,0.00014967667085454472,0.06398210234331733,0.0002720178397888384,0.9992081442884418,0.9959628816437333,0.06383242567246279,0.0,0.0,0.0
smollm2-1.7b,toolshed,toolshed-0003-s1-readonly_target-3,-32.56908845901489,-6.84715461730957,,,-14.07007086277008,-16.83059072494507,-2.129979729652405,-9.90568220615387,,,,,,,,,,,,,,,,,-8.553790092468262,-8.52830696105957,,,-13.206593036651611,-21.332545280456543,-37.156031131744385,-10.393250942230225,-2.666882276535034,-7.8623151779174805,False,False,,,False,False,False,False,,,,,,,,,,,,,,,,,False,False,,,False,False,False,False,False,False,27.0,28.0,,,13.0,28.0,27.0,28.0,,,,,,,,,,,,,,,,,27.0,28.0,,,13.0,28.0,27.0,28.0,27.0,28.0,729.0,,760.0,,,,,,,,,744.0,,700.0,752.0,-35.02605140209198,-35.02605140209198,28.602241039276123,6.423810362815857,,,0.5369025468826294,-4.586942672729492,-30.439108729362488,0.487568736076355,3.5460963249206543,26.76278018951416,-7.775702476501465,25.721933841705322,-34.538482666015625,,,,,,,,,,,,,,,,,,,34.48914885520935,0.5369025468826294,-1.2972611630404438,1.0593422607139305,0.23791890232651322,1.0,2.247798722202314e-12,0.9995734333519831,6.746927892303148e-12,0.4936295618856561,0.994488725736435,0.9995734333497354,0.0,0.0,0.0
smollm2-1.7b,toolshed,toolshed-0004-s0-tool_typo-0,-5.816807389259338,-1.1970726251602173,,,-16.76668357849121,-27.302634239196777,-3.5160866379737854,-7.716915808618069,,,,,,,,,,,,,,,,,-3.1768685560673475,-4.903116066008806,,,-9.700420532375574,-24.217680130153894,-12.124884605407715,-2.968789730221033,-3.5186775848269463,-3.796858597546816,False,True,,,False,False,False,False,,,,,,,,,,,,,,,,,False,False,,,False,False,False,False,False,False,13.0,13.0,,,15.0,15.0,13.0,13.0,,,,,,,,,,,,,,,,,13.0,13.0,,,15.0,15.0,13.0,13.0,13.0,13.0,651.0,,670.0,,,,,,,,,655.0,,625.0,653.0,-8.60879796743393,-8.60879796743393,8.948016049340367,-0.3392180819064379,,,0.002590946853160858,-6.3080772161483765,-2.300720751285553,-4.748126078397036,1.7717171050608158,9.156094875186682,-4.200829170644283,4.619734764099121,-13.356924045830965,,,,,,,,,,,,,,,,,,,8.606207020580769,0.002590946853160858,-0.6622152282641485,0.6883089268723359,-0.02609369860818753,1.0,0.00010543750030463977,0.9852363248805031,0.00975922852731253,0.8489318060448838,0.5691002186752788,0.9851308873801984,0.0,0.0,0.0
smollm2-1.7b,toolshed,toolshed-0004-s1-arg_typo-2,-13.170024544000626,-1.4149650037288666,,,-4.58510909974575,-15.535018920898438,-3.3653403371572495,-0.6319839507341385,,,,,,,,,,,,,,,,,-2.794177383184433,-7.85568904876709,,,-13.974811792373657,-10.834057331085205,-15.209278345108032,-3.7067670971155167,-4.334028989076614,-6.628355026245117,False,True,,,False,False,False,True,,,,,,,,,,,,,,,,,False,False,,,False,False,False,False,False,False,29.0,29.0,,,16.0,29.0,29.0,29.0,,,,,,,,,,,,,,,,,29.0,29.0,,,16.0,29.0,29.0,29.0,29.0,29.0,689.0,,723.0,,,,,,,,,705.0,,659.0,716.0,-11.843938007950783,-11.843938007950783,12.4151009619236,-0.5711629539728165,,,0.9686886519193649,-2.0392538011074066,-9.804684206843376,3.074783146381378,2.29180209338665,11.502511247992516,2.733356386423111,11.755059540271759,-8.769154861569405,,,,,,,,,,,,,,,,,,,10.875249356031418,0.9686886519193649,-0.4084116554465787,0.42810692972150344,-0.019695274274924707,1.0,1.0096127627374917e-05,0.05995297215536374,7.849447665327195e-06,0.9937039174224418,0.9084060323907244,0.05994287602773637,0.0,0.0,0.0
smollm2-1.7b,toolshed,toolshed-0004-s1-date_format-4,-14.705157727003098,-1.0708679854869843,,,-6.404476225376129,-18.544620513916016,-3.3427091240882874,-1.0403664112091064,,,,,,,,,,,,,,,,,-4.005338415503502,-7.562137126922607,,,-13.974801063537598,-10.834043502807617,-19.20050048828125,-3.7067570835351944,-4.562046408653259,-4.429744839668274,False,True,,,False,False,False,True,,,,,,,,,,,,,,,,,False,False,,,False,False,False,False,False,False,21.0,29.0,,,16.0,29.0,21.0,29.0,,,,,,,,,,,,,,,,,21.0,29.0,,,16.0,29.0,21.0,29.0,21.0,29.0,688.0,,719.0,,,,,,,,,697.0,,659.0,699.0,-15.857791364192963,-15.857791364192963,15.195162072777748,0.6626292914152145,,,1.219337284564972,-4.4953427612781525,-11.36244860291481,2.666390672326088,2.63588909804821,15.493743404746056,2.302342712879181,13.634289741516113,-13.191400691866875,,,,,,,,,,,,,,,,,,,14.63845407962799,1.219337284564972,-0.7551329221044268,0.7235791463227499,0.03155377578167688,1.0,1.8654732791552065e-07,0.0905437743082029,1.198678401464336e-06,0.9722613718994182,0.46697276861564013,0.09054358776087498,0.0,0.0,0.0
smollm2-1.7b,toolshed,toolshed-0005-s0-tool_typo-1,-4.706909418106079,-6.712063789367676,,,-10.621781826019287,-12.568253993988037,-2.753887176513672,-0.7508696913719177,,,,,,,,,,,,,,,,,-2.9281591325998306,-6.617170333862305,,,-21.73280329629779,-12.48364157602191,-16.261989545077085,-4.138285588473082,-4.4042947590351105,-7.16481876373291,False,False,,,False,False,False,True,,,,,,,,,,,,,,,,,False,False,,,False,False,False,False,False,False,21.0,21.0,,,15.0,21.0,21.0,21.0,,,,,,,,,,,,,,,,,21.0,21.0,,,15.0,21.0,21.0,21.0,21.0,21.0,636.0,,663.0,,,,,,,,,648.0,,610.0,646.0,-13.508102368563414,-13.508102368563414,13.333830412477255,0.17427195608615875,,,1.6504075825214386,-11.555080126971006,-1.9530222415924072,3.387415897101164,-2.573778200894594,12.123703956604004,2.003017485141754,-2.0051543712615967,-10.12068647146225,,,,,,,,,,,,,,,,,,,11.857694786041975,1.6504075825214386,-0.6432429699315911,0.6349443053560597,0.00829866457553137,1.0,5.427961677745875e-06,0.11888028599577843,0.8813371925808682,0.9756128908719466,0.9405049616737586,0.1188748580341007,0.0,0.0,0.0
smollm2-1.7b,toolshed,toolshed-0005-s0-type_swap-3,-13.97265100479126,-4.8735363483428955,,,-9.707234025001526,-16.342376351356506,-1.4298937320709229,-2.226071357727051,,,,,,,,,,,,,,,,,-2.9970638006925583,-6.952578067779541,,,-21.73279869928956,-16.261977318674326,-14.339789513498545,-4.1382838524878025,-7.710104048252106,-12.935407221317291,False,False,,,False,False,True,False,,,,,,,,,,,,,,,,,False,False,,,False,False,False,False,False,False,21.0,21.0,,,15.0,21.0,21.0,21.0,,,,,,,,,,,,,,,,,21.0,21.0,,,15.0,21.0,21.0,21.0,21.0,21.0,639.0,,663.0,,,,,,,,,648.0,,610.0,653.0,-12.909895781427622,-12.909895781427622,11.342725712805986,1.5671700686216354,,,6.280210316181183,-0.3671385087072849,-12.542757272720337,1.9122124947607517,-0.735252495855093,10.201505661010742,-0.7961776256561279,9.099114656448364,-10.99768328666687,,,,,,,,,,,,,,,,,,,6.629685465246439,6.280210316181183,-0.6147569419727439,0.5401297958479041,0.07462714612483978,1.0,3.711281513069766e-05,0.6890353729349016,0.00011175222491464834,0.9812109693264709,0.9946500469209888,0.6889982601197708,0.0,1.0,0.0
smollm2-1.7b,toolshed,toolshed-0005-s1-drop_arg-0,-8.852002322673798,-3.9900473952293396,,,-13.743218898773193,-9.23915296792984,-3.2557600140571594,-1.4998782277107239,,,,,,,,,,,,,,,,,-3.767958164215088,-9.58081841468811,,,-17.694547653198242,-12.99787712097168,-15.902450561523438,-7.012091398239136,-2.1078699231147766,-6.958330988883972,False,False,,,False,False,False,True,,,,,,,,,,,,,,,,,False,False,,,False,False,False,False,False,False,12.0,22.0,,,22.0,24.0,12.0,22.0,,,,,,,,,,,,,,,,,12.0,22.0,,,22.0,24.0,12.0,22.0,12.0,22.0,681.0,,691.0,,,,,,,,,682.0,,653.0,689.0,-12.646690547466278,-12.646690547466278,12.13449239730835,0.5121981501579285,,,-1.1478900909423828,-7.05044823884964,-5.596242308616638,5.512213170528412,3.022044003009796,8.890359163284302,1.7558817863464355,4.861954927444458,-7.134477376937866,,,,,,,,,,,,,,,,,,,13.794580638408661,-1.1478900909423828,-1.0538908789555232,1.0112076997756958,0.04268317917982737,1.0,0.00013734281152351697,0.14725159533683152,0.007675970760159238,0.9970200377955194,0.992235982657826,0.147114252525308,0.0,0.0,0.0
smollm2-1.7b,toolshed,toolshed-0005-s1-readonly_target-3,-20.956827044487,-3.599446177482605,,,-17.400031089782715,-18.079689025878906,-1.7517510652542114,-10.091026306152344,,,,,,,,,,,,,,,,,-10.419908285140991,-9.262600660324097,,,-15.902454614639282,-17.69454574584961,-29.001457452774048,-7.012093782424927,-2.7037575244903564,-6.449316501617432,False,True,,,False,False,True,False,,,,,,,,,,,,,,,,,False,False,,,False,False,False,False,False,False,22.0,22.0,,,12.0,22.0,22.0,22.0,,,,,,,,,,,,,,,,,22.0,22.0,,,12.0,22.0,22.0,22.0,22.0,22.0,682.0,,708.0,,,,,,,,,692.0,,653.0,699.0,-27.249706387519836,-27.249706387519836,18.581549167633057,8.66815721988678,,,0.952006459236145,-8.044630408287048,-19.205075979232788,-3.078932523727417,3.4126476049423218,21.98936367034912,-8.339275240898132,17.357380867004395,-30.328638911247253,,,,,,,,,,,,,,,,,,,26.29769992828369,0.952006459236145,-1.238623017614538,0.844615871256048,0.39400714635849,1.0,2.8188432850767293e-10,0.999760870697279,2.89591130691395e-08,0.23915684792436023,0.9769227202533586,0.9997608704153947,0.0,1.0,0.0
smollm2-1.7b,toolshed,toolshed-0006-s0-tool_typo-0,-6.821747779846191,-3.5056859850883484,,,-11.290471747517586,-19.260612204670906,-3.4940888434648514,-0.5388254970312119,,,,,,,,,,,,,,,,,-6.368847012519836,-5.1161231100559235,,,-16.074331283569336,-29.375523567199707,-17.728893280029297,-9.952584564685822,-7.457777500152588,-5.5141641497612,False,False,,,False,False,False,True,,,,,,,,,,,,,,,,,False,False,,,False,False,False,False,False,False,12.0,11.0,,,13.0,11.0,12.0,11.0,,,,,,,,,,,,,,,,,12.0,11.0,,,13.0,11.0,12.0,11.0,12.0,11.0,640.0,,658.0,,,,,,,,,642.0,,613.0,640.0,-14.234804436564445,-14.234804436564445,11.36004626750946,2.874758169054985,,,3.9636886566877365,-10.907145500183105,-3.32765893638134,9.41375906765461,6.446898579597473,7.776308715343475,2.9552633464336395,3.316061794757843,-4.821045368909836,,,,,,,,,,,,,,,,,,,10.271115779876709,3.9636886566877365,-1.1862337030470371,0.9466705222924551,0.23956318075458208,1.0,0.000418464087038671,0.04948733238547791,0.035024266831662654,0.2222289744490792,0.12525142879883544,0.04906886829843924,0.0,0.0,0.0
smollm2-1.7b,toolshed,toolshed-0006-s1-hallucinated_entity-2,-15.405037939548492,-2.635827958583832,,,-25.757871866226196,-22.05076813697815,-9.00841736793518,-11.390066385269165,,,,,,,,,,,,,,,,,-6.323988437652588,-7.35762095451355,,,-26.82659912109375,-15.48364543914795,-23.11684799194336,-9.599830865859985,-8.758994340896606,-12.232532501220703,False,False,,,False,False,False,False,,,,,,,,,,,,,,,,,False,False,,,False,False,False,False,False,False,15.0,13.0,,,13.0,15.0,15.0,13.0,,,,,,,,,,,,,,,,,15.0,13.0,,,13.0,15.0,15.0,13.0,15.0,13.0,694.0,,725.0,,,,,,,,,700.0,,668.0,705.0,-14.108430624008179,-14.108430624008179,16.79285955429077,-2.6844289302825928,,,-0.24942302703857422,-7.711810052394867,-6.396620571613312,-1.7902355194091797,6.964002907276154,13.517017126083374,-2.3816490173339844,12.76920998096466,-15.898666143417358,,,,,,,,,,,,,,,,,,,14.357853651046753,-0.24942302703857422,-0.9405620416005452,1.1195239702860513,-0.17896192868550617,1.0,1.3440827078305006e-06,0.9154153426291469,2.8470908822707367e-06,0.7376195286742194,0.9699253988533181,0.9154139985464391,0.0,0.0,0.0
smollm2-1.7b,toolshed,toolshed-0006-s1-tool_typo-0,-13.714263498783112,-3.186838924884796,,,-10.285455584526062,-13.341363787651062,-5.2083152532577515,-1.2537603378295898,,,,,,,,,,,,,,,,,-5.771337866783142,-4.933983564376831,,,-15.483652114868164,-23.116848945617676,-26.826601028442383,-9.599834442138672,-5.229795217514038,-3.6347559094429016,False,False,,,False,False,False,False,,,,,,,,,,,,,,,,,False,False,,,False,False,False,False,False,False,13.0,13.0,,,15.0,15.0,13.0,13.0,,,,,,,,,,,,,,,,,13.0,13.0,,,15.0,15.0,13.0,13.0,13.0,13.0,694.0,,713.0,,,,,,,,,698.0,,668.0,696.0,-21.61828577518463,-21.61828577518463,21.05526316165924,0.5630226135253906,,,0.02147996425628662,-13.112337529659271,-8.50594824552536,8.346074104309082,6.412995517253876,17.22676658630371,3.9545549154281616,10.527424573898315,-13.27221167087555,,,,,,,,,,,,,,,,,,,21.596805810928345,0.02147996425628662,-1.662945059629587,1.6196356278199415,0.04330943180964543,1.0,3.290805978825465e-08,0.018804415627313338,2.6790817357504974e-05,0.30209229089969963,0.16867608237292128,0.01880438271925355,0.0,0.0,0.0
smollm2-1.7b,toolshed,toolshed-0006-s2-name_for_email-3,-12.892431676387787,-9.838941037654877,,,-9.3939169049263,-17.89336758852005,-1.123258113861084,-4.53504353761673,,,,,,,,,,,,,,,,,-4.529281854629517,-13.750899076461792,,,-13.7878737449646,-19.823777675628662,-16.540276050567627,-10.864795684814453,-3.3131359219551086,-6.447727203369141,False,False,,,False,False,True,False,,,,,,,,,,,,,,,,,False,False,,,False,False,False,False,False,False,26.0,32.0,,,22.0,32.0,26.0,32.0,,,,,,,,,,,,,,,,,26.0,32.0,,,22.0,32.0,26.0,32.0,26.0,32.0,729.0,,763.0,,,,,,,,,744.0,,701.0,746.0,-15.417017936706543,-15.417017936706543,12.01099419593811,3.4060237407684326,,,2.1898778080940247,-3.64784437417984,-11.769173562526703,6.329752147197723,1.0258546471595764,5.675480365753174,-3.4117854237556458,3.05349063873291,-9.08726578950882,,,,,,,,,,,,,,,,,,,13.227140128612518,2.1898778080940247,-0.592962228334867,0.46196131522838885,0.13100091310647818,1.0,0.0032431084838768958,0.9678310110252821,0.0450670116565307,0.9999011311264727,0.9582972637317413,0.9645879025414053,0.0,1.0,0.0
smollm2-1.7b,toolshed,toolshed-0007-s1-arg_typo-1,-10.84643816947937,-4.27235347032547,,,-10.054579019546509,-11.727507567033172,-3.940000033006072,-0.14466317556798458,,,,,,,,,,,,,,,,,-7.621832728385925,-10.579090118408203,,,-6.393492698669434,-16.155421517789364,-11.758411668241024,-1.2252828106284142,-7.067819818854332,-9.248281240463257,False,False,,,False,False,False,True,,,,,,,,,,,,,,,,,False,False,,,False,False,False,False,False,False,11.0,13.0,,,13.0,13.0,11.0,13.0,,,,,,,,,,,,,,,,,11.0,13.0,,,13.0,13.0,11.0,13.0,11.0,13.0,732.0,,750.0,,,,,,,,,731.0,,703.0,733.0,-7.818411635234952,-7.818411635234952,4.136578939855099,3.6818326953798532,,,3.12781978584826,-0.9119734987616539,-6.906438136473298,1.0806196350604296,-3.047070659697056,10.53312885761261,3.7953368574380875,6.5740846991539,-6.737792000174522,,,,,,,,,,,,,,,,,,,4.690591849386692,3.12781978584826,-0.7107646941122684,0.37605263089591806,0.3347120632163503,1.0,2.6487589064437635e-05,0.021980028176840836,0.0013941368388815018,0.9506053742553374,0.8984811673797081,0.021953540587776398,0.0,0.0,0.0
smollm2-1.7b,toolshed,toolshed-0008-s0-arg_typo-1,-11.15619421005249,-3.2927523851394653,,,-9.31493130326271,-19.252437978982925,-3.7956892549991608,-0.3179999440908432,,,,,,,,,,,,,,,,,-6.776214651763439,-13.345938205718994,,,-17.770904541015625,-28.71639919281006,-15.018796920776367,-9.967147290706635,-5.681405663490295,-6.886299729347229,False,False,,,False,False,False,True,,,,,,,,,,,,,,,,,False,False,,,False,False,False,False,False,False,14.0,12.0,,,13.0,11.0,14.0,12.0,,,,,,,,,,,,,,,,,14.0,12.0,,,13.0,11.0,14.0,12.0,14.0,12.0,658.0,,679.0,,,,,,,,,660.0,,629.0,688.0,-11.223107665777206,-11.223107665777206,8.242582269012928,2.9805253967642784,,,1.8857164084911346,-3.862602710723877,-7.3605049550533295,9.649147346615791,6.674394905567169,5.051649630069733,3.4776893109083176,7.863441824913025,-1.573960319161415,,,,,,,,,,,,,,,,,,,9.337391257286072,1.8857164084911346,-0.8016505475555148,0.5887558763580663,0.21289467119744845,1.0,0.006355507355157014,0.02995015089246781,0.0003844002236558058,0.9985997783826748,0.7693942662166106,0.023594643537310795,0.0,0.0,0.0
smollm2-1.7b,toolshed,toolshed-0008-s0-tool_typo-0,-6.068363189697266,-3.13593327999115,,,-10.843473121523857,-16.7785517424345,-4.260207816958427,-0.2933947592973709,,,,,,,,,,,,,,,,,-7.670337915420532,-6.223463475704193,,,-15.018788814544678,-28.716394424438477,-17.770907402038574,-9.96714049577713,-6.768190503120422,-5.617627024650574,False,False,,,False,False,False,True,,,,,,,,,,,,,,,,,False,False,,,False,False,False,False,False,False,13.0,12.0,,,14.0,11.0,13.0,12.0,,,,,,,,,,,,,,,,,13.0,12.0,,,14.0,11.0,13.0,12.0,13.0,12.0,656.0,,675.0,,,,,,,,,659.0,,629.0,657.0,-13.510699585080147,-13.510699585080147,10.100569486618042,3.410130098462105,,,2.507982686161995,-11.702544212341309,-1.8081553727388382,9.67374573647976,6.83120721578598,7.803766906261444,3.9668130576610565,2.9324299097061157,-3.8369538486003876,,,,,,,,,,,,,,,,,,,11.002716898918152,2.507982686161995,-1.0392845834677036,0.7769668835860032,0.2623176998817004,1.0,0.0004054346637475751,0.01858137588430171,0.050573523273066204,0.19048305891319658,0.2403861764577658,0.018175941220554135,0.0,0.0,0.0
smollm2-1.7b,toolshed,toolshed-0008-s1-arg_typo-2,-12.952325761318207,-2.0952072739601135,,,-2.139713227748871,-11.710999727249146,-4.519778311252594,-1.1384110152721405,,,,,,,,,,,,,,,,,-5.029834568500519,-8.070626020431519,,,-8.541333436965942,-10.454444408416748,-13.261589765548706,-2.415783405303955,-6.059444904327393,-7.112855315208435,False,True,,,False,False,False,True,,,,,,,,,,,,,,,,,False,False,,,False,False,False,False,False,False,44.0,44.0,,,31.0,44.0,44.0,44.0,,,,,,,,,,,,,,,,,44.0,44.0,,,31.0,44.0,44.0,44.0,44.0,44.0,715.0,,764.0,,,,,,,,,747.0,,686.0,749.0,-8.741811454296112,-8.741811454296112,8.231755197048187,0.5100562572479248,,,1.5396665930747986,-0.30926400423049927,-8.432547450065613,1.2773723900318146,0.32057613134384155,10.845806360244751,3.3813672959804535,10.857118487358093,-7.4644390642642975,,,,,,,,,,,,,,,,,,,7.2021448612213135,1.5396665930747986,-0.19867753305218436,0.1870853453874588,0.011592187664725563,1.0,1.9437007923992538e-05,0.024261647469874175,1.9266595704092965e-05,0.954383298117085,0.7414292537282183,0.024242210461950183,0.0,0.0,0.0
smollm2-1.7b,toolshed,toolshed-0008-s1-drop_arg-0,-3.4073010087013245,-1.937951147556305,,,-12.575296878814697,-15.785038471221924,-5.665067434310913,-3.9959694147109985,,,,,,,,,,,,,,,,,-4.365642413496971,-7.423600435256958,,,-10.454445362091064,-13.261592268943787,-8.541345000267029,-2.4157803058624268,-6.259005457162857,-7.760314702987671,False,True,,,False,False,False,False,,,,,,,,,,,,,,,,,False,False,,,False,False,False,False,False,False,31.0,44.0,,,44.0,44.0,31.0,44.0,,,,,,,,,,,,,,,,,31.0,44.0,,,44.0,44.0,31.0,44.0,31.0,44.0,714.0,,745.0,,,,,,,,,734.0,,686.0,736.0,-2.8762775659561157,-2.8762775659561157,4.175702586770058,-1.299425020813942,,,0.593938022851944,-5.134043991565704,2.2577664256095886,-1.5801891088485718,0.4778291583061218,6.125564694404602,1.6690980195999146,1.4693498611450195,-4.4564666748046875,,,,,,,,,,,,,,,,,,,2.2823395431041718,0.593938022851944,-0.09278314728890696,0.1347000834441954,-0.04191693615528845,1.0,0.002180742235950586,0.1585183911835181,0.1870414519838984,0.9551248562689473,0.8177696643794806,0.15633764894756752,0.0,0.0,0.0
smollm2-1.7b,toolshed,toolshed-0008-s1-hallucinated_entity-5,-17.75872278213501,-2.858884334564209,,,-11.695909023284912,-25.097490787506104,-10.223417282104492,-16.08669900894165,,,,,,,,,,,,,,,,,-4.939405232667923,-16.31517744064331,,,-8.541345953941345,-10.454447746276855,-23.13728415966034,-2.4157772064208984,-5.722821682691574,-17.622305393218994,False,False,,,False,False,False,False,,,,,,,,,,,,,,,,,False,False,,,False,False,False,False,False,False,45.0,44.0,,,31.0,44.0,45.0,44.0,,,,,,,,,,,,,,,,,45.0,44.0,,,31.0,44.0,45.0,44.0,45.0,44.0,713.0,,782.0,,,,,,,,,748.0,,686.0,750.0,-12.913866877555847,-12.913866877555847,18.197878926992416,-5.284012049436569,,,-4.500595599412918,-5.37856137752533,-7.535305500030518,-13.670921802520752,-0.44310712814331055,20.72150695323944,-5.863281726837158,14.8998384475708,-26.5847886800766,,,,,,,,,,,,,,,,,,,17.414462476968765,-4.500595599412918,-0.28697481950124104,0.4043973094887204,-0.11742248998747931,1.0,9.99253318787475e-10,0.8115595078781642,3.3812885520351534e-07,0.9999885300923461,0.9999932061346298,0.8115595068789109,0.0,0.0,0.0
smollm2-1.7b,toolshed,toolshed-0008-s1-tool_typo-1,-5.065168559551239,-1.4281774759292603,,,-3.699388150125742,-13.41566265001893,-5.778836332261562,-0.5770557560026646,,,,,,,,,,,,,,,,,-7.533881187438965,-4.983147859573364,,,-8.541345953941345,-13.261578440666199,-10.454447746276855,-2.4157772064208984,-7.155371189117432,-4.705726385116577,False,True,,,False,False,False,True,,,,,,,,,,,,,,,,,False,False,,,False,False,False,False,False,False,44.0,44.0,,,31.0,44.0,44.0,44.0,,,,,,,,,,,,,,,,,44.0,44.0,,,31.0,44.0,44.0,44.0,44.0,44.0,712.0,,762.0,,,,,,,,,747.0,,686.0,745.0,-4.675611414015293,-4.675611414015293,2.9205665588378906,1.7550448551774025,,,1.3765348568558693,-5.3892791867256165,0.7136677727103233,1.8387214504182339,0.9875997304916382,8.038670539855957,5.201780576258898,3.6369910836219788,-2.8368899635970592,,,,,,,,,,,,,,,,,,,3.299076557159424,1.3765348568558693,-0.10626389577307484,0.06637651270086115,0.03988738307221369,1.0,0.0003219237569938485,0.005246704397249149,0.02565589696006725,0.07237723518782962,0.07946452786094486,0.0049247806402553,0.0,0.0,0.0
smollm2-1.7b,toolshed,toolshed-0008-s1-type_swap-3,-7.079103231430054,-1.992279052734375,,,-9.550168991088867,-14.850128173828125,-5.386489391326904,-4.331427574157715,,,,,,,,,,,,,,,,,-4.983400762081146,-9.998645305633545,,,-8.541345953941345,-10.454447746276855,-9.667349696159363,-2.4157772064208984,-6.003018319606781,-10.635523319244385,False,True,,,False,False,False,False,,,,,,,,,,,,,,,,,False,False,,,False,False,False,False,False,False,44.0,44.0,,,31.0,44.0,44.0,44.0,,,,,,,,,,,,,,,,,44.0,44.0,,,31.0,44.0,44.0,44.0,44.0,44.0,715.0,,766.0,,,,,,,,,747.0,,686.0,749.0,-4.2808603048324585,-4.2808603048324585,4.6839489340782166,-0.40308862924575806,,,0.6165289282798767,-2.588246464729309,-1.6926138401031494,-1.9156503677368164,0.42349815368652344,7.251572489738464,1.0550618171691895,5.086824178695679,-6.196510672569275,,,,,,,,,,,,,,,,,,,3.664331376552582,0.6165289282798767,-0.09729227965528314,0.10645338486541402,-0.009161105210130865,1.0,0.0007067840625483319,0.2572161638347824,0.006139679215350189,0.9934077372695619,0.9903634133848002,0.2565093797722341,0.0,0.0,0.0
smollm2-1.7b,toolshed,toolshed-0009-s0-hallucinated_entity-2,-7.277105927467346,-3.9067896604537964,,,-21.721451073884964,-25.27465656399727,-5.325343877077103,-12.48342826962471,,,,,,,,,,,,,,,,,-2.552238702774048,-6.418833255767822,,,-7.396150708198547,-9.455404877662659,-12.11871588230133,-0.649706244468689,-2.925140470266342,-12.669012069702148,False,False,,,False,False,False,False,,,,,,,,,,,,,,,,,False,False,,,False,False,False,True,False,False,10.0,9.0,,,8.0,11.0,10.0,9.0,,,,,,,,,,,,,,,,,10.0,9.0,,,8.0,11.0,10.0,9.0,10.0,9.0,638.0,,653.0,,,,,,,,,638.0,,611.0,668.0,-6.793372005224228,-6.793372005224228,9.566477179527283,-2.773105174303055,,,-2.4002034068107605,-4.841609954833984,-1.9517620503902435,-11.833722025156021,-3.2570834159851074,11.469009637832642,-7.158084392547607,3.37031626701355,-18.62709403038025,,,,,,,,,,,,,,,,,,,9.193575412034988,-2.4002034068107605,-0.6793372005224227,0.9566477179527283,-0.2773105174303055,1.0,1.0435009337226946e-05,0.9992219833727091,0.03323614520441707,0.9794995422119064,0.9999413504262589,0.9992115483633719,0.0,0.0,0.0
smollm2-1.7b,toolshed,toolshed-0009-s1-drop_arg-0,-9.801601469516754,-9.308817923069,,,-15.826674938201904,-10.695813953876495,-3.3185091614723206,-2.8013208508491516,,,,,,,,,,,,,,,,,-5.59302031993866,-10.27672529220581,,,-21.899083137512207,-18.12810653448105,-13.640328824520111,-11.150759160518646,-3.2836790084838867,-5.871626615524292,False,False,,,False,False,False,True,,,,,,,,,,,,,,,,,False,False,,,False,False,False,False,False,False,13.0,26.0,,,26.0,28.0,13.0,26.0,,,,,,,,,,,,,,,,,13.0,26.0,,,26.0,28.0,13.0,26.0,13.0,26.0,725.0,,736.0,,,,,,,,,727.0,,697.0,735.0,-10.32181966304779,-10.32181966304779,8.047308504581451,2.274511158466339,,,-0.03483015298843384,-3.838727355003357,-6.483092308044434,8.349438309669495,1.841941237449646,2.489569664001465,0.517188310623169,0.4927835464477539,-1.972381353378296,,,,,,,,,,,,,,,,,,,10.356649816036224,-0.03483015298843384,-0.7939861279267532,0.6190237311216501,0.174962396805103,1.0,0.07652519638348214,0.3734222071807437,0.3792380548231017,0.9908399825987133,0.9300818686114898,0.29689701079726155,0.0,0.0,0.0
smollm2-1.7b,toolshed,toolshed-0009-s1-readonly_target-3,-29.095834255218506,-8.764297008514404,,,-14.6880521774292,-17.924949645996094,-2.2703039050102234,-11.107978820800781,,,,,,,,,,,,,,,,,-8.55679965019226,-8.829956769943237,,,-13.640336692333221,-21.899072647094727,-37.57290714979172,-11.15077656507492,-2.632199287414551,-7.766566872596741,False,False,,,False,False,False,False,,,,,,,,,,,,,,,,,False,False,,,False,False,False,False,False,False,25.0,26.0,,,13.0,26.0,25.0,26.0,,,,,,,,,,,,,,,,,25.0,26.0,,,13.0,26.0,25.0,26.0,25.0,26.0,726.0,,755.0,,,,,,,,,739.0,,697.0,747.0,-35.302603244781494,-35.302603244781494,29.016107499599457,6.286495745182037,,,0.3618953824043274,-8.477072894573212,-26.825530350208282,0.042797744274139404,2.3864795565605164,26.422130584716797,-8.837674915790558,20.3315372467041,-35.259805500507355,,,,,,,,,,,,,,,,,,,34.94070786237717,0.3618953824043274,-1.4121041297912598,1.1606442999839783,0.2514598298072815,1.0,3.093135121975413e-12,0.9998506573524666,1.4795360941811974e-09,0.5678678084775948,0.9941437222774191,0.9998506573493735,0.0,0.0,0.0
smollm2-1.7b,toolshed,toolshed-0010-s1-date_format-3,-13.47544014453888,-0.9402216076850891,,,-5.691394627094269,-17.369505405426025,-4.6978719830513,-0.8268303275108337,,,,,,,,,,,,,,,,,-3.109639212489128,-6.907536745071411,,,-12.42903733253479,-10.577513217926025,-16.63476300239563,-2.884165734052658,-4.738354951143265,-6.246744155883789,False,True,,,False,False,False,True,,,,,,,,,,,,,,,,,False,False,,,False,False,False,False,False,False,29.0,29.0,,,16.0,29.0,29.0,29.0,,,,,,,,,,,,,,,,,29.0,29.0,,,16.0,29.0,29.0,29.0,29.0,29.0,688.0,,735.0,,,,,,,,,705.0,,659.0,715.0,-11.93689101934433,-11.93689101934433,13.525123789906502,-1.588232770562172,,,0.04048296809196472,-3.1593228578567505,-8.77756816148758,2.0573354065418243,1.943944126367569,13.750597268342972,3.8710416555404663,12.53521853685379,-9.879555612802505,,,,,,,,,,,,,,,,,,,11.896408051252365,0.04048296809196472,-0.41161693170152863,0.46638357896229315,-0.05476664726076455,1.0,1.0665028648457324e-06,0.020258242040873852,3.5976772303369773e-06,0.9780736857828581,0.8188223643773271,0.020257175538009008,0.0,0.0,0.0
smollm2-1.7b,toolshed,toolshed-0010-s1-tool_typo-1,-2.650295615196228,-2.108492434024811,,,-9.501911155879498,-14.55131434649229,-4.095140531659126,-0.09648841246962547,,,,,,,,,,,,,,,,,-3.368263006210327,-3.6149672865867615,,,-12.429043292999268,-14.573379039764404,-10.577516555786133,-2.884166330099106,-6.126946926116943,-2.525422751903534,False,False,,,False,False,False,True,,,,,,,,,,,,,,,,,False,False,,,False,False,False,False,False,False,29.0,29.0,,,16.0,29.0,29.0,29.0,,,,,,,,,,,,,,,,,29.0,29.0,,,16.0,29.0,29.0,29.0,29.0,29.0,686.0,,722.0,,,,,,,,,705.0,,659.0,703.0,-6.4823760241270065,-6.4823760241270065,7.209253549575806,-0.7268775254487991,,,2.031806394457817,-7.927220940589905,1.4448449164628983,2.7876779176294804,0.775673896074295,7.693350225687027,3.998652119189501,0.5418031811714172,-3.694698106497526,,,,,,,,,,,,,,,,,,,4.4505696296691895,2.031806394457817,-0.22353020772851748,0.2485949499853726,-0.025064742256855142,1.0,0.0004556043031808768,0.018008568327479792,0.3677682161558609,0.5613651464339229,0.026557561785632584,0.017552964024298914,0.0,0.0,0.0
smollm2-1.7b,toolshed,toolshed-0011-s0-hallucinated_entity-4,-20.743422269821167,-5.894433498382568,,,-7.3135881423950195,-13.986845016479492,-1.563771367073059,-1.7339882850646973,,,,,,,,,,,,,,,,,-3.233295977115631,-6.996706962585449,,,-20.780941031873226,-16.12972643226385,-19.582319281995296,-3.897788070142269,-8.608537673950195,-8.996924877166748,False,False,,,False,False,True,False,,,,,,,,,,,,,,,,,False,False,,,False,False,False,False,False,False,21.0,21.0,,,15.0,21.0,21.0,21.0,,,,,,,,,,,,,,,,,21.0,21.0,,,15.0,21.0,21.0,21.0,21.0,21.0,638.0,,661.0,,,,,,,,,648.0,,610.0,653.0,-18.018547914922237,-18.018547914922237,16.349023304879665,1.669524610042572,,,7.044766306877136,1.1611029878258705,-19.179650902748108,2.163799785077572,-1.9966454282402992,15.684531211853027,-0.17021691799163818,14.848988771438599,-15.854748129844666,,,,,,,,,,,,,,,,,,,10.973781608045101,7.044766306877136,-0.8580260911867732,0.778524919279984,0.07950117190678914,1.0,1.5427389350726562e-07,0.5415154970350331,3.5576724460606417e-07,0.9773217805544988,0.5958943910907383,0.5415153427611396,0.0,1.0,0.0
smollm2-1.7b,toolshed,toolshed-0011-s0-type_swap-3,-14.144018173217773,-5.000144720077515,,,-9.866909503936768,-16.348187923431396,-1.4341726303100586,-2.116706371307373,,,,,,,,,,,,,,,,,-2.923575770109892,-7.293514728546143,,,-20.780941143631935,-16.129730358719826,-13.78329385817051,-3.89779032766819,-8.592126369476318,-12.181246280670166,False,False,,,False,False,True,False,,,,,,,,,,,,,,,,,False,False,,,False,False,False,False,False,False,21.0,21.0,,,15.0,21.0,21.0,21.0,,,,,,,,,,,,,,,,,21.0,21.0,,,15.0,21.0,21.0,21.0,21.0,21.0,639.0,,663.0,,,,,,,,,648.0,,610.0,653.0,-12.34912122786045,-12.34912122786045,10.859718088060617,1.4894031397998333,,,7.15795373916626,0.3607243150472641,-12.709845542907715,1.781083956360817,-1.1023543924093246,9.88550353050232,-0.6825337409973145,9.143873453140259,-10.568037271499634,,,,,,,,,,,,,,,,,,,5.191167488694191,7.15795373916626,-0.5880533918028786,0.5171294327647913,0.0709239590380873,1.0,5.090449361348749e-05,0.6642077962469797,0.00010686114035658778,0.9875060606381832,0.9731198697972411,0.6641568917533662,0.0,1.0,0.0
smollm2-1.7b,toolshed,toolshed-0011-s1-arg_typo-2,-10.033715307712555,-3.670624792575836,,,-5.922875344753265,-15.64689588546753,-4.639129102230072,-0.7653467655181885,,,,,,,,,,,,,,,,,-8.74248743057251,-12.664833545684814,,,-16.38365125656128,-18.41207790374756,-14.265703678131104,-7.796609878540039,-1.5250176191329956,-7.002974152565002,False,False,,,False,False,False,True,,,,,,,,,,,,,,,,,False,False,,,False,False,False,False,True,False,24.0,22.0,,,12.0,22.0,24.0,22.0,,,,,,,,,,,,,,,,,24.0,22.0,,,12.0,22.0,24.0,22.0,24.0,22.0,682.0,,713.0,,,,,,,,,694.0,,653.0,701.0,-9.626574575901031,-9.626574575901031,5.523216247558594,4.103358328342438,,,-3.1141114830970764,-4.231988370418549,-5.394586205482483,7.031263113021851,4.125985085964203,6.4690937995910645,3.8737823367118835,6.363090515136719,-2.595311462879181,,,,,,,,,,,,,,,,,,,12.740686058998108,-3.1141114830970764,-0.4011072739958763,0.2301340103149414,0.1709732636809349,1.0,0.0015479033818364028,0.020242473283871975,0.0017210631631019908,0.9805896208723818,0.9958395235861593,0.018694569902035572,0.0,0.0,0.0
smollm2-1.7b,toolshed,toolshed-0011-s1-readonly_target-3,-22.50094598531723,-3.8364664912223816,,,-17.533414900302887,-18.32542133331299,-2.0098933577537537,-10.336582243442535,,,,,,,,,,,,,,,,,-11.313515901565552,-10.84152626991272,,,-16.383655071258545,-18.412073135375977,-28.988020420074463,-7.796608209609985,-2.9447277188301086,-6.469825088977814,False,True,,,False,False,True,False,,,,,,,,,,,,,,,,,False,False,,,False,False,False,False,False,False,22.0,22.0,,,12.0,22.0,22.0,22.0,,,,,,,,,,,,,,,,,22.0,22.0,,,12.0,22.0,22.0,22.0,22.0,22.0,682.0,,708.0,,,,,,,,,692.0,,653.0,699.0,-26.97812706232071,-26.97812706232071,17.67450451850891,9.303622543811798,,,0.934834361076355,-6.487074434757233,-20.491052627563477,-2.53997403383255,3.9601417183876038,21.191412210464478,-8.326688885688782,18.66447949409485,-29.51810109615326,,,,,,,,,,,,,,,,,,,26.043292701244354,0.934834361076355,-1.2262785028327594,0.8033865690231323,0.4228919338096272,1.0,6.260297459108904e-10,0.9997578234376394,7.836453207639028e-09,0.3841454327199404,0.9713934915624626,0.9997578228116096,0.0,1.0,0.0
smollm2-1.7b,toolshed,toolshed-0012-s0-hallucinated_entity-2,-19.843098640441895,-5.401010751724243,,,-11.435334920883179,-14.08933138847351,-8.982839822769165,-2.6631427258253098,,,,,,,,,,,,,,,,,-5.935958206653595,-7.518401622772217,,,-19.01154327392578,-16.88978862762451,-26.44164752960205,-10.811142444610596,-5.157667100429535,-6.5039132833480835,False,False,,,False,False,False,False,,,,,,,,,,,,,,,,,False,False,,,False,False,False,False,False,False,11.0,12.0,,,13.0,14.0,11.0,12.0,,,,,,,,,,,,,,,,,11.0,12.0,,,13.0,14.0,11.0,12.0,11.0,12.0,640.0,,663.0,,,,,,,,,642.0,,614.0,670.0,-17.458807706832886,-17.458807706832886,20.505689322948456,-3.04688161611557,,,-3.82517272233963,-6.598548889160156,-10.86025881767273,8.147999718785286,5.4101316928863525,15.630505084991455,6.319697096943855,14.442087888717651,-9.3108079880476,,,,,,,,,,,,,,,,,,,21.283980429172516,-3.82517272233963,-1.5871643369848079,1.864153574813496,-0.2769892378286882,1.0,1.6242202746074753e-07,0.001796955303201447,5.344175241122984e-07,0.8295502869806104,0.7935152474243514,0.0017967928811739864,0.0,0.0,0.0
smollm2-1.7b,toolshed,toolshed-0012-s1-arg_typo-1,-8.790010690689087,-2.1954610347747803,,,-15.891987025737762,-19.996425807476044,-3.749253213405609,-0.6959519386291504,,,,,,,,,,,,,,,,,-4.911692291498184,-8.404363632202148,,,-27.043526649475098,-21.94004535675049,-14.97055721282959,-8.996366500854492,-8.724627017974854,-12.002059936523438,False,False,,,False,False,False,True,,,,,,,,,,,,,,,,,False,False,,,False,False,False,False,False,False,15.0,13.0,,,13.0,15.0,15.0,13.0,,,,,,,,,,,,,,,,,15.0,13.0,,,13.0,15.0,15.0,13.0,15.0,13.0,700.0,,722.0,,,,,,,,,703.0,,671.0,708.0,-11.22130399942398,-11.22130399942398,10.058864921331406,1.162439078092575,,,4.975373804569244,-6.180546522140503,-5.040757477283478,8.300414562225342,6.800905466079712,5.974190711975098,3.0533012747764587,6.594549655914307,-2.920889437198639,,,,,,,,,,,,,,,,,,,6.245930194854736,4.975373804569244,-0.748086933294932,0.670590994755427,0.07749593853950501,1.0,0.0025371003563886534,0.04507515081964673,0.0013659344250438663,0.9704785258800573,0.9636464606901614,0.04253805046325807,0.0,0.0,0.0
smollm2-1.7b,toolshed,toolshed-0012-s2-drop_arg-0,-4.322877407073975,-9.896440505981445,,,-18.965326845645905,-15.034612238407135,-5.634249746799469,-7.734878122806549,,,,,,,,,,,,,,,,,-4.737914443016052,-14.710705399513245,,,-17.758819103240967,-17.515358448028564,-15.313144207000732,-12.34044599533081,-3.6403924226760864,-10.757185578346252,False,False,,,False,False,False,False,,,,,,,,,,,,,,,,,False,False,,,False,False,False,False,False,False,22.0,31.0,,,31.0,32.0,22.0,31.0,,,,,,,,,,,,,,,,,22.0,31.0,,,31.0,32.0,22.0,31.0,22.0,31.0,731.0,,751.0,,,,,,,,,742.0,,703.0,751.0,-9.678894460201263,-9.678894460201263,10.57522976398468,-0.8963353037834167,,,-1.9938573241233826,-10.990266799926758,1.3113723397254944,4.6055678725242615,2.4440054893493652,2.972698211669922,-2.10062837600708,-5.573563098907471,-5.073326587677002,,,,,,,,,,,,,,,,,,,11.672751784324646,-1.9938573241233826,-0.4399497481909665,0.48069226199930365,-0.04074251380833713,1.0,0.04821180104390846,0.890897311091865,0.9962174346527561,0.9999533499989232,0.9991892932753976,0.8426855100479566,0.0,0.0,0.0
smollm2-1.7b,toolshed,toolshed-0012-s2-name_for_email-3,-11.370163917541504,-9.357222557067871,,,-8.34812119603157,-17.48026803135872,-1.479644924402237,-3.7718346416950226,,,,,,,,,,,,,,,,,-10.805681347846985,-22.408466458320618,,,-15.31314206123352,-17.758815050125122,-13.206566095352173,-12.34045147895813,-4.820911765098572,-8.274805068969727,False,False,,,False,False,True,False,,,,,,,,,,,,,,,,,False,False,,,False,False,False,False,False,False,26.0,31.0,,,22.0,31.0,26.0,31.0,,,,,,,,,,,,,,,,,26.0,31.0,,,22.0,31.0,26.0,31.0,26.0,31.0,731.0,,766.0,,,,,,,,,746.0,,703.0,749.0,-11.726921170949936,-11.726921170949936,2.400884747505188,9.326036423444748,,,3.341266840696335,-1.836402177810669,-9.890518993139267,8.568616837263107,2.983228921890259,0.866114616394043,-2.2921897172927856,2.012941360473633,-3.1583043336868286,,,,,,,,,,,,,,,,,,,8.385654330253601,3.341266840696335,-0.4510354296519206,0.09234172105789185,0.35869370859402877,1.0,0.2849122942894267,0.9073709193563259,0.1178508441397189,0.9999908594888635,0.9693470354130765,0.6224586250668991,0.0,1.0,0.0
smollm2-1.7b,toolshed,toolshed-0012-s2-tool_typo-1,-10.863223433494568,-8.409950137138367,,,-7.015477292239666,-6.2375336810946465,-4.4442363902926445,-0.33664243668317795,,,,,,,,,,,,,,,,,-12.595684885978699,-14.708308100700378,,,-15.31314206123352,-17.515366792678833,-17.758815050125122,-12.34045147895813,-5.13451886177063,-6.19017767906189,False,False,,,False,False,False,True,,,,,,,,,,,,,,,,,False,False,,,False,False,False,False,False,False,31.0,31.0,,,22.0,32.0,31.0,31.0,,,,,,,,,,,,,,,,,31.0,31.0,,,22.0,32.0,31.0,31.0,31.0,31.0,729.0,,766.0,,,,,,,,,751.0,,703.0,749.0,-13.314578659832478,-13.314578659832478,5.163130164146423,8.151448495686054,,,0.6902824714779854,-6.895591616630554,-6.418987043201923,12.003809042274952,3.930501341819763,5.418363571166992,4.1075939536094666,2.453273296356201,-1.3107696175575256,,,,,,,,,,,,,,,,,,,12.624296188354492,0.6902824714779854,-0.4295025374139509,0.1665525859402072,0.26294995147374367,1.0,0.004178440430232337,0.016117826624612634,0.07919950863369436,0.8921240478979553,0.7418600659880417,0.011939386194380296,0.0,0.0,0.0
smollm2-1.7b,toolshed,toolshed-0014-s1-arg_typo-2,-12.411089062690735,-1.6900081038475037,,,-2.212690770626068,-12.185895919799805,-4.415636956691742,-1.1586014926433563,,,,,,,,,,,,,,,,,-5.190632790327072,-8.15638017654419,,,-8.966317415237427,-10.787147998809814,-13.443347692489624,-2.6251689791679382,-6.468635559082031,-7.486145615577698,False,True,,,False,False,False,True,,,,,,,,,,,,,,,,,False,False,,,False,False,False,False,False,False,44.0,44.0,,,31.0,44.0,44.0,44.0,,,,,,,,,,,,,,,,,44.0,44.0,,,31.0,44.0,44.0,44.0,44.0,44.0,710.0,,759.0,,,,,,,,,742.0,,681.0,744.0,-9.027710735797882,-9.027710735797882,8.252714902162552,0.7749958336353302,,,2.0529986023902893,-1.0322586297988892,-7.995452105998993,1.466567486524582,0.9351608753204346,10.818178713321686,3.2570354640483856,10.721080958843231,-7.5611432492733,,,,,,,,,,,,,,,,,,,6.974712133407593,2.0529986023902893,-0.2051752439954064,0.1875617023218762,0.01761354167353023,1.0,1.9990684154089873e-05,0.02775889333521982,2.207415627057629e-05,0.951002498661009,0.7344873049764248,0.027738902651065732,0.0,0.0,0.0
smollm2-1.7b,toolshed,toolshed-0014-s1-date_format-4,-14.49414849281311,-1.1183302402496338,,,-5.1065473556518555,-15.5215482711792,-5.4027886390686035,-4.344540059566498,,,,,,,,,,,,,,,,,-5.372138738632202,-7.728648662567139,,,-8.96631932258606,-10.787158012390137,-17.67868733406067,-2.625168800354004,-6.097071170806885,-8.093594074249268,False,True,,,False,False,False,False,,,,,,,,,,,,,,,,,False,False,,,False,False,False,False,False,False,44.0,44.0,,,31.0,44.0,44.0,44.0,,,,,,,,,,,,,,,,,44.0,44.0,,,31.0,44.0,44.0,44.0,44.0,44.0,709.0,,771.0,,,,,,,,,742.0,,681.0,744.0,-12.275898694992065,-12.275898694992065,12.306548595428467,-0.030649900436401367,,,0.6942825317382812,-3.1845388412475586,-9.091359853744507,-1.719371259212494,1.5068385601043701,15.053518533706665,1.0582485795021057,13.375818252563477,-13.99526995420456,,,,,,,,,,,,,,,,,,,11.581616163253784,0.6942825317382812,-0.27899769761345605,0.27969428625973786,-0.0006965886462818493,1.0,2.8936866697770015e-07,0.19134525969876565,1.5522271229677661e-06,0.9134502819065042,0.8804315214900842,0.19134497033009867,0.0,0.0,0.0
smollm2-1.7b,toolshed,toolshed-0014-s1-hallucinated_entity-5,-19.783690929412842,-2.4718942046165466,,,-11.780196189880371,-22.33805799484253,-11.127588272094727,-12.974774837493896,,,,,,,,,,,,,,,,,-5.2701884508132935,-12.671687126159668,,,-8.96631932258606,-10.787158012390137,-23.958000421524048,-2.625168800354004,-5.973478302359581,-13.697266101837158,False,False,,,False,False,False,False,,,,,,,,,,,,,,,,,False,False,,,False,False,False,False,False,False,45.0,44.0,,,31.0,44.0,45.0,44.0,,,,,,,,,,,,,,,,,45.0,44.0,,,31.0,44.0,45.0,44.0,45.0,44.0,708.0,,777.0,,,,,,,,,743.0,,681.0,745.0,-12.830412149429321,-12.830412149429321,18.687811970710754,-5.857399821281433,,,-5.154109969735146,-4.174309492111206,-8.656102657318115,-10.349606037139893,0.15327459573745728,21.332831621170044,-1.84718656539917,17.311796724796295,-23.180018186569214,,,,,,,,,,,,,,,,,,,17.984522119164467,-5.154109969735146,-0.28512026998731826,0.41528471046023896,-0.13016444047292072,1.0,5.424760949154469e-10,0.5958127014443728,3.030973905538211e-08,0.999390034906707,0.9995580129099181,0.5958127009018968,0.0,0.0,0.0
smollm2-1.7b,toolshed,toolshed-0015-s1-drop_arg-0,-9.426256835460663,-9.708833396434784,,,-16.220200538635254,-11.473761022090912,-3.2631823420524597,-3.736935079097748,,,,,,,,,,,,,,,,,-5.316169500350952,-11.910141706466675,,,-23.775185585021973,-20.235001742839813,-13.215536296367645,-13.435426890850067,-3.4047255516052246,-7.212888479232788,False,False,,,False,False,False,True,,,,,,,,,,,,,,,,,False,False,,,False,False,False,False,False,False,13.0,27.0,,,27.0,29.0,13.0,27.0,,,,,,,,,,,,,,,,,13.0,27.0,,,27.0,29.0,13.0,27.0,13.0,27.0,728.0,,739.0,,,,,,,,,730.0,,700.0,738.0,-9.952353954315186,-9.952353954315186,7.899366796016693,2.0529871582984924,,,0.1415432095527649,-3.7892794609069824,-6.163074493408203,9.69849181175232,3.726593494415283,-0.21989059448242188,-0.4737527370452881,-0.2825765609741211,-0.2538621425628662,,,,,,,,,,,,,,,,,,,9.81081074476242,0.1415432095527649,-0.7655656887934759,0.6076435996935918,0.15792208909988403,1.0,0.5544691508444008,0.6161675016614779,0.5701777886693417,0.9986332776669447,0.9782927558003232,0.061698350817077086,0.0,0.0,0.0
smollm2-1.7b,toolshed,toolshed-0016-s0-tool_typo-0,-5.658448964357376,-1.1781278848648071,,,-16.74095344543457,-25.32071018218994,-3.42009636759758,-7.735764496028423,,,,,,,,,,,,,,,,,-3.515099799260497,-5.3967933133244514,,,-9.610433111898601,-30.29954958986491,-11.594910264015198,-2.851254473440349,-3.2697899900376797,-3.3069072365760803,False,True,,,False,False,False,False,,,,,,,,,,,,,,,,,False,False,,,False,False,False,False,False,False,12.0,12.0,,,14.0,15.0,12.0,12.0,,,,,,,,,,,,,,,,,12.0,12.0,,,14.0,15.0,12.0,12.0,12.0,12.0,649.0,,667.0,,,,,,,,,652.0,,623.0,650.0,-8.174813896417618,-8.174813896417618,8.0798104647547,0.09500343166291714,,,-0.15030637755990028,-5.936461299657822,-2.238352596759796,-4.884510022588074,1.673126588575542,8.743655790574849,-4.315668128430843,4.480321079492569,-13.059323919005692,,,,,,,,,,,,,,,,,,,8.325120273977518,-0.15030637755990028,-0.6812344913681349,0.6733175387295584,0.007916952638576428,1.0,0.00015925966539346334,0.9868168549553353,0.011202849055201356,0.8678055259007275,0.5092782464467865,0.9866575952899419,0.0,0.0,0.0
smollm2-1.7b,toolshed,toolshed-0016-s1-arg_typo-2,-12.337627649307251,-1.3323081731796265,,,-3.55473979562521,-15.615318775177002,-4.202052913606167,-0.3675278052687645,,,,,,,,,,,,,,,,,-3.2561590000987053,-10.5305495262146,,,-12.849485397338867,-11.06640625,-14.472217559814453,-3.515662431716919,-4.613596990704536,-9.186376571655273,False,True,,,False,False,False,True,,,,,,,,,,,,,,,,,False,False,,,False,False,False,False,False,False,28.0,28.0,,,15.0,28.0,28.0,28.0,,,,,,,,,,,,,,,,,28.0,28.0,,,15.0,28.0,28.0,28.0,28.0,28.0,685.0,,718.0,,,,,,,,,700.0,,655.0,711.0,-10.270164646208286,-10.270164646208286,11.216058559715748,-0.9458939135074615,,,0.4115440770983696,-2.134589910507202,-8.135574735701084,3.1481346264481544,2.1833542585372925,10.956555128097534,3.8345251083374023,11.005319476127625,-7.122030019760132,,,,,,,,,,,,,,,,,,,9.858620569109917,0.4115440770983696,-0.3667915945074388,0.40057351998984814,-0.03378192548240934,1.0,1.743228737976861e-05,0.020332699704583315,1.6612816385465523e-05,0.999307417607371,0.9897763928676364,0.020315267417203547,0.0,0.0,0.0
smollm2-1.7b,toolshed,toolshed-0017-s0-drop_arg-0,-14.432318210601807,-3.1838098764419556,,,-15.509019136428833,-14.351003885269165,-0.7943524718284607,-2.8189010620117188,,,,,,,,,,,,,,,,,-3.3461635261774063,-7.550775051116943,,,-14.754866652190685,-11.347946219146252,-17.83011632412672,-2.411390356719494,-6.210502028465271,-7.483478426933289,False,False,,,False,False,True,False,,,,,,,,,,,,,,,,,False,False,,,False,False,False,False,False,False,15.0,21.0,,,21.0,21.0,15.0,21.0,,,,,,,,,,,,,,,,,15.0,21.0,,,21.0,21.0,15.0,21.0,15.0,21.0,638.0,,653.0,,,,,,,,,642.0,,610.0,647.0,-17.03576385229826,-17.03576385229826,14.483952797949314,2.5518110543489456,,,5.41614955663681,-3.397798113524914,-13.637965738773346,-0.4075107052922249,-0.7724195197224617,15.418725967407227,-2.024548590183258,11.248508334159851,-17.443274557590485,,,,,,,,,,,,,,,,,,,11.61961429566145,5.41614955663681,-1.1357175901532173,0.9655968531966209,0.17012073695659638,1.0,2.0122100397921361e-07,0.8833491961810346,1.3026544980818449e-05,0.98529294257308,0.7812518324794812,0.8833489949600306,0.0,1.0,0.0
smollm2-1.7b,toolshed,toolshed-0017-s0-type_swap-3,-13.554022789001465,-4.252433776855469,,,-9.644472807645798,-15.668716162443161,-1.556831806898117,-2.045333832502365,,,,,,,,,,,,,,,,,-2.8691211938858032,-7.293230056762695,,,-17.830108143389225,-14.754864193499088,-12.5501065030694,-2.411393143236637,-6.32751202583313,-10.502412557601929,False,False,,,False,False,True,False,,,,,,,,,,,,,,,,,False,False,,,False,False,False,False,False,False,21.0,21.0,,,15.0,21.0,21.0,21.0,,,,,,,,,,,,,,,,,21.0,21.0,,,15.0,21.0,21.0,21.0,21.0,21.0,639.0,,663.0,,,,,,,,,648.0,,610.0,653.0,-10.993274696171284,-10.993274696171284,9.680985309183598,1.3122893869876862,,,4.770680218935013,1.003916285932064,-11.997190982103348,0.366059310734272,-1.8410406336188316,10.138713359832764,-0.48850202560424805,9.301589012145996,-10.627215385437012,,,,,,,,,,,,,,,,,,,6.222594477236271,4.770680218935013,-0.5234892712462516,0.4609993004373142,0.06248997080893744,1.0,3.951787574803958e-05,0.6196351839039164,9.127074151540742e-05,0.9881570496968857,0.9848561418091846,0.6195956660281683,0.0,1.0,0.0
smollm2-1.7b,toolshed,toolshed-0018-s2-arg_typo-2,-17.133596777915955,-11.162983298301697,,,-4.958764314651489,-16.12241291999817,-5.41387152671814,-3.700981378555298,,,,,,,,,,,,,,,,,-12.213555872440338,-16.433814585208893,,,-16.71162724494934,-19.673553705215454,-20.90212082862854,-13.586517572402954,-3.330789566040039,-4.136045217514038,False,False,,,False,False,False,False,,,,,,,,,,,,,,,,,False,False,,,False,False,False,False,False,False,34.0,33.0,,,22.0,33.0,34.0,33.0,,,,,,,,,,,,,,,,,34.0,33.0,,,22.0,33.0,34.0,33.0,34.0,33.0,737.0,,777.0,,,,,,,,,759.0,,708.0,768.0,-15.4882493019104,-15.4882493019104,8.688564956188202,6.7996843457221985,,,-2.0830819606781006,-3.7685240507125854,-11.719725251197815,9.885536193847656,2.4235342741012573,7.315603256225586,1.7128901481628418,5.970613479614258,-5.602713108062744,,,,,,,,,,,,,,,,,,,17.5713312625885,-2.0830819606781006,-0.45553674417383533,0.2555460281231824,0.19999071605065288,1.0,0.0006353037197319435,0.12313255869481689,0.002546175366496444,0.9855179688931088,0.6910975919957958,0.12249725497508494,0.0,0.0,0.0
smollm2-1.7b,toolshed,toolshed-0018-s2-name_for_email-3,-12.37227874994278,-10.563541948795319,,,-8.588164001703262,-16.114267021417618,-1.6259022057056427,-3.314908653497696,,,,,,,,,,,,,,,,,-9.59054896235466,-17.43752619624138,,,-16.711638689041138,-19.67356038093567,-13.87250828742981,-13.58651852607727,-3.2388336658477783,-5.066799640655518,False,False,,,False,False,True,False,,,,,,,,,,,,,,,,,False,False,,,False,False,False,False,False,False,28.0,33.0,,,22.0,33.0,28.0,33.0,,,,,,,,,,,,,,,,,28.0,33.0,,,22.0,33.0,28.0,33.0,28.0,33.0,736.0,,773.0,,,,,,,,,753.0,,708.0,757.0,-12.246606081724167,-12.246606081724167,4.2819593250751495,7.964646756649017,,,1.6129314601421356,-1.50022953748703,-10.746376544237137,10.271609872579575,3.022976577281952,0.28598976135253906,-1.6890064477920532,1.808736801147461,-1.9749962091445923,,,,,,,,,,,,,,,,,,,10.633674621582031,1.6129314601421356,-0.43737878863300594,0.15292711875268392,0.28445166988032206,1.0,0.4179589097927519,0.8434189316713984,0.14079086405354405,0.999609220888318,0.8615192382055857,0.42546002187864645,0.0,1.0,0.0
smollm2-1.7b,toolshed,toolshed-0018-s2-tool_typo-1,-11.527498126029968,-8.48041045665741,,,-6.759718134999275,-6.947536185383797,-4.029986575245857,-0.2718414068222046,,,,,,,,,,,,,,,,,-12.81580400466919,-12.518102169036865,,,-16.711638689041138,-20.902116060256958,-19.67356038093567,-13.58651852607727,-11.47131884098053,-11.161143898963928,False,False,,,False,False,False,True,,,,,,,,,,,,,,,,,False,False,,,False,False,False,False,False,False,33.0,33.0,,,22.0,34.0,33.0,33.0,,,,,,,,,,,,,,,,,33.0,33.0,,,22.0,34.0,33.0,33.0,33.0,33.0,734.0,,773.0,,,,,,,,,758.0,,708.0,756.0,-15.643573805689812,-15.643573805689812,6.8577563762664795,8.785817429423332,,,7.4413322657346725,-8.1460622549057,-7.497511550784111,13.314677119255066,5.106108069419861,6.087041854858398,3.7581451684236526,3.0470876693725586,-2.328896686434746,,,,,,,,,,,,,,,,,,,8.20224153995514,7.4413322657346725,-0.47404769108150946,0.2078107992808024,0.26623689180070703,1.0,0.002170396250358793,0.02273340014134432,0.045343373770085516,0.42611938445305,0.42307203808058913,0.020563003890985525,0.0,0.0,0.0
smollm2-1.7b,toolshed,toolshed-0019-s0-tool_typo-0,-5.563066363334656,-5.199466109275818,,,-11.878715336322784,-15.703297436237335,-3.4663949608802795,-0.46534429490566254,,,,,,,,,,,,,,,,,-3.8186227083206177,-4.008974552154541,,,-15.374337196350098,-20.886943817138672,-15.065906524658203,-7.6205591559410095,-4.711488962173462,-5.323930501937866,False,False,,,False,False,False,True,,,,,,,,,,,,,,,,,False,False,,,False,False,False,False,False,False,17.0,17.0,,,17.0,17.0,17.0,17.0,,,,,,,,,,,,,,,,,17.0,17.0,,,17.0,17.0,17.0,17.0,17.0,17.0,638.0,,661.0,,,,,,,,,646.0,,612.0,644.0,-11.599511563777924,-11.599511563777924,11.247283816337585,0.35222774744033813,,,1.2450940012931824,-9.502840161323547,-2.096671402454376,7.155214861035347,2.4210930466651917,7.445347368717194,3.001050665974617,0.3636002540588379,-4.444296702742577,,,,,,,,,,,,,,,,,,,10.354417562484741,1.2450940012931824,-0.6823242096339955,0.6616049303727991,0.02071927926119636,1.0,0.0005835608325512915,0.04737792070222045,0.4100883261897016,0.547444788552549,0.6484975489328835,0.046794359869669164,0.0,0.0,0.0
smollm2-1.7b,toolshed,toolshed-0019-s1-arg_typo-1,-11.375319004058838,-4.37883847951889,,,-10.209993481636047,-11.41665855050087,-3.821521431207657,-0.18016619980335236,,,,,,,,,,,,,,,,,-7.885742463171482,-10.896339416503906,,,-6.6498894691467285,-15.634426511824131,-11.702926076948643,-1.1006158366799355,-6.906697407364845,-8.858196020126343,False,False,,,False,False,False,True,,,,,,,,,,,,,,,,,False,False,,,False,False,False,False,False,False,11.0,13.0,,,13.0,13.0,11.0,13.0,,,,,,,,,,,,,,,,,11.0,13.0,,,13.0,13.0,11.0,13.0,11.0,13.0,733.0,,751.0,,,,,,,,,732.0,,704.0,734.0,-7.881404645740986,-7.881404645740986,3.8171836137771606,4.064221031963825,,,3.0851759761571884,-0.32760707288980484,-7.553797572851181,0.9204496368765831,-3.278222642838955,10.602310240268707,3.6413552314043045,6.9964805245399475,-6.960955008864403,,,,,,,,,,,,,,,,,,,4.7962286695837975,3.0851759761571884,-0.7164913314309987,0.34701669216156006,0.36947463926943863,1.0,2.4761557153643594e-05,0.025545603844317456,0.0009142603291403947,0.9530505723304707,0.8756099583565992,0.025520842287163812,0.0,0.0,0.0
smollm2-1.7b,toolshed,toolshed-0019-s1-hallucinated_entity-2,-13.367392778396606,-3.6102848649024963,,,-5.090323269367218,-11.549293518066406,-6.386576175689697,-2.2678651213645935,,,,,,,,,,,,,,,,,-7.728571772575378,-9.468260765075684,,,-6.649878025054932,-11.70291367918253,-15.634422697126865,-1.1006123796105385,-5.917627744376659,-9.103776693344116,False,False,,,False,False,False,False,,,,,,,,,,,,,,,,,False,False,,,False,False,False,False,False,False,13.0,13.0,,,13.0,11.0,13.0,13.0,,,,,,,,,,,,,,,,,13.0,13.0,,,13.0,11.0,13.0,13.0,13.0,13.0,730.0,,754.0,,,,,,,,,734.0,,704.0,736.0,-9.247846521437168,-9.247846521437168,7.905850924551487,1.3419955968856812,,,-0.4689484313130379,-2.267029918730259,-6.980816602706909,-1.167252741754055,-2.509672485291958,14.533810317516327,4.118711054325104,9.75710791349411,-10.415099263191223,,,,,,,,,,,,,,,,,,,9.716794952750206,-0.4689484313130379,-0.7113728093413206,0.6081423788116529,0.10323043052966778,1.0,4.856788030274087e-07,0.01511915873710597,5.787842930874799e-05,0.850647557428841,0.9603096976258118,0.015118673058302943,0.0,0.0,0.0
smollm2-1.7b,toolshed,toolshed-0020-s1-hallucinated_entity-5,-17.535200238227844,-2.4816179275512695,,,-10.879772424697876,-20.525354385375977,-10.112619638442993,-10.984715223312378,,,,,,,,,,,,,,,,,-5.147308558225632,-11.708340167999268,,,-8.244042873382568,-10.275800228118896,-21.195301055908203,-2.0547502636909485,-6.140957325696945,-12.838346004486084,False,False,,,False,False,False,False,,,,,,,,,,,,,,,,,False,False,,,False,False,False,False,False,False,45.0,45.0,,,31.0,45.0,45.0,45.0,,,,,,,,,,,,,,,,,45.0,45.0,,,31.0,45.0,45.0,45.0,45.0,45.0,716.0,,786.0,,,,,,,,,751.0,,689.0,753.0,-11.08268141746521,-11.08268141746521,16.04799249768257,-4.9653110802173615,,,-3.971662312746048,-3.660100817680359,-7.422580599784851,-8.92996495962143,-0.42686766386032104,19.140550792217255,-0.8720955848693848,15.053582310676575,-20.01264637708664,,,,,,,,,,,,,,,,,,,15.054343730211258,-3.971662312746048,-0.24628180927700466,0.3566220555040571,-0.11034024622705248,1.0,4.856886125076469e-09,0.5312260484544721,2.8994267653674194e-07,0.9985875719527451,0.9987673907910255,0.531226043597586,0.0,0.0,0.0
smollm2-1.7b,toolshed,toolshed-0020-s1-type_swap-3,-5.733741879463196,-1.634677767753601,,,-9.802792310714722,-15.21457576751709,-5.466656923294067,-4.4869105219841,,,,,,,,,,,,,,,,,-5.119462847709656,-10.15662670135498,,,-8.244047999382019,-10.275808811187744,-7.851878523826599,-2.0547513365745544,-6.339294642210007,-10.8762845993042,False,True,,,False,False,False,False,,,,,,,,,,,,,,,,,False,False,,,False,False,False,False,False,False,45.0,45.0,,,31.0,45.0,45.0,45.0,,,,,,,,,,,,,,,,,45.0,45.0,,,31.0,45.0,45.0,45.0,45.0,45.0,718.0,,770.0,,,,,,,,,751.0,,689.0,753.0,-2.3852216005325317,-2.3852216005325317,2.7324156761169434,-0.3471940755844116,,,0.8726377189159393,-2.1181366443634033,-0.2670849561691284,-2.432159185409546,0.42007356882095337,5.797127187252045,0.979746401309967,4.099064111709595,-4.817380785942078,,,,,,,,,,,,,,,,,,,1.5125838816165924,0.8726377189159393,-0.05300492445627848,0.0607203483581543,-0.0077154239018758135,1.0,0.0030200878555517205,0.27196630744541583,0.016317514753455227,0.9935497410737967,0.9894078131624329,0.2689462195898641,0.0,0.0,0.0
smollm2-1.7b,toolshed,toolshed-0021-s1-drop_arg-0,-8.428798884153366,-10.073217123746872,,,-16.820048809051514,-12.446526527404785,-3.3802266120910645,-4.816377639770508,,,,,,,,,,,,,,,,,-4.593461513519287,-11.378921747207642,,,-24.049377918243408,-20.26670414209366,-12.861063539981842,-13.120700418949127,-3.4938207864761353,-7.283565998077393,False,False,,,False,False,False,False,,,,,,,,,,,,,,,,,False,False,,,False,False,False,False,False,False,13.0,26.0,,,26.0,28.0,13.0,26.0,,,,,,,,,,,,,,,,,13.0,26.0,,,26.0,28.0,13.0,26.0,13.0,26.0,730.0,,741.0,,,,,,,,,732.0,,702.0,740.0,-9.480836927890778,-9.480836927890778,8.267602026462555,1.2132349014282227,,,0.1135941743850708,-4.432264655828476,-5.048572272062302,8.30432277917862,3.0474832952022552,-0.25963687896728516,-1.4361510276794434,-1.6444182395935059,-1.1765141487121582,,,,,,,,,,,,,,,,,,,9.367242753505707,0.1135941743850708,-0.7292951482992905,0.6359693866509658,0.09332576164832482,1.0,0.5643489680145576,0.8077815905110328,0.8381352318126272,0.9988711881765189,0.9778981716894531,0.24343262249647524,0.0,0.0,0.0
smollm2-1.7b,toolshed,toolshed-0021-s1-readonly_target-3,-31.56643009185791,-9.039331436157227,,,-13.53979504108429,-17.58700180053711,-2.114549696445465,-10.32686722278595,,,,,,,,,,,,,,,,,-9.192988872528076,-8.152727603912354,,,-12.86103892326355,-24.04938793182373,-39.316418409347534,-13.120681524276733,-2.6897828578948975,-8.67639434337616,False,False,,,False,False,True,False,,,,,,,,,,,,,,,,,False,False,,,False,False,False,False,False,False,25.0,26.0,,,13.0,26.0,25.0,26.0,,,,,,,,,,,,,,,,,25.0,26.0,,,13.0,26.0,25.0,26.0,25.0,26.0,731.0,,760.0,,,,,,,,,744.0,,702.0,752.0,-37.20186871290207,-37.20186871290207,30.123429536819458,7.078439176082611,,,0.5752331614494324,-7.749988317489624,-29.451880395412445,2.7938143014907837,4.081350088119507,26.1957368850708,-8.212317526340485,22.527098655700684,-34.408054411411285,,,,,,,,,,,,,,,,,,,36.62663555145264,0.5752331614494324,-1.4880747485160828,1.2049371814727783,0.28313756704330445,1.0,1.8292475710986926e-12,0.9997176813486717,1.6466654012752608e-10,0.2610995851060958,0.997494133002196,0.9997176813468425,0.0,1.0,0.0
smollm2-1.7b,toolshed,toolshed-0022-s0-hallucinated_entity-2,-19.001521736383438,-1.0695184171199799,,,-8.943754315376282,-14.51682734489441,-5.559226036071777,-3.2406841218471527,,,,,,,,,,,,,,,,,-4.394938766956329,-4.766547679901123,,,-11.73045790195465,-9.51672620465979,-23.330282875802368,-2.516139456536621,-4.949885964393616,-3.5788421630859375,False,True,,,False,False,False,False,,,,,,,,,,,,,,,,,False,False,,,False,False,False,False,False,False,15.0,12.0,,,12.0,14.0,15.0,12.0,,,,,,,,,,,,,,,,,15.0,12.0,,,12.0,14.0,15.0,12.0,15.0,12.0,649.0,,680.0,,,,,,,,,655.0,,623.0,661.0,-17.77105683973059,-17.77105683973059,18.93534410884604,-1.164287269115448,,,-0.6093400716781616,-4.32876113941893,-13.44229570031166,-0.7245446653105319,1.446621039416641,20.814143419265747,2.3185419142246246,17.93200331926346,-18.495601505041122,,,,,,,,,,,,,,,,,,,18.380396911408752,-0.6093400716781616,-1.184737122648706,1.2623562739230691,-0.0776191512743632,1.0,9.122072904031786e-10,0.08932662513591932,1.6301587592478368e-08,0.5918476912401325,0.2024512569731045,0.08932662422371203,0.0,0.0,0.0
smollm2-1.7b,toolshed,toolshed-0022-s1-date_format-3,-14.154560834169388,-1.0751667320728302,,,-5.998649716377258,-18.006301879882812,-5.811442494392395,-0.984000951051712,,,,,,,,,,,,,,,,,-3.5353745445609093,-6.994441747665405,,,-14.12515115737915,-11.198539733886719,-18.802788257598877,-4.221392706036568,-4.7319643795490265,-6.078412652015686,False,True,,,False,False,False,True,,,,,,,,,,,,,,,,,False,False,,,False,False,False,False,False,False,28.0,28.0,,,15.0,28.0,28.0,28.0,,,,,,,,,,,,,,,,,28.0,28.0,,,15.0,28.0,28.0,28.0,28.0,28.0,684.0,,730.0,,,,,,,,,700.0,,655.0,710.0,-12.991345763206482,-12.991345763206482,15.267413713037968,-2.2760679498314857,,,-1.0794781148433685,-4.648227423429489,-8.343118339776993,3.2373917549848557,3.1462259739637375,14.58139555156231,4.827441543340683,13.079394102096558,-9.753954008221626,,,,,,,,,,,,,,,,,,,14.07082387804985,-1.0794781148433685,-0.4639766344002315,0.5452647754656417,-0.0812881410654102,1.0,4.64465534385761e-07,0.007891395445574953,2.0878072823973e-06,0.9695003965880293,0.7935483575901195,0.007890930980040567,0.0,0.0,0.0
smollm2-1.7b,toolshed,toolshed-0023-s1-readonly_target-3,-21.087668359279633,-3.4926125407218933,,,-16.807004630565643,-17.08100414276123,-1.5978536009788513,-8.972803771495819,,,,,,,,,,,,,,,,,-7.807085752487183,-6.593229055404663,,,-14.844889163970947,-17.427098274230957,-27.434203624725342,-6.251105785369873,-2.3299597203731537,-5.400200814008713,False,True,,,False,False,True,False,,,,,,,,,,,,,,,,,False,False,,,False,False,False,False,True,False,21.0,21.0,,,12.0,21.0,21.0,21.0,,,,,,,,,,,,,,,,,21.0,21.0,,,12.0,21.0,21.0,21.0,21.0,21.0,681.0,,706.0,,,,,,,,,690.0,,652.0,697.0,-25.83635002374649,-25.83635002374649,19.62711787223816,6.209232151508331,,,0.7321061193943024,-6.346535265445709,-19.48981475830078,-2.721697986125946,2.7584932446479797,21.18309783935547,-7.374950170516968,17.59505581855774,-28.558048009872437,,,,,,,,,,,,,,,,,,,25.104243904352188,0.7321061193943024,-1.2303023820831662,0.9346246605827695,0.29567772150039673,1.0,6.31263922293705e-10,0.9993731983359868,2.2833071640984245e-08,0.22901936431775682,0.9556483921769681,0.9993731977047229,0.0,1.0,0.0
smollm2-1.7b,toolshed,toolshed-0024-s1-hallucinated_entity-2,-16.523351192474365,-3.1275904178619385,,,-32.31441402435303,-28.05945110321045,-6.482052803039551,-18.386357307434082,,,,,,,,,,,,,,,,,-6.277474403381348,-13.79834270477295,,,-26.00122308731079,-14.438205242156982,-25.207069873809814,-8.506370306015015,-9.161693811416626,-19.502418994903564,False,False,,,False,False,False,False,,,,,,,,,,,,,,,,,False,False,,,False,False,False,False,False,False,15.0,14.0,,,14.0,16.0,15.0,14.0,,,,,,,,,,,,,,,,,15.0,14.0,,,14.0,16.0,15.0,14.0,15.0,14.0,698.0,,730.0,,,,,,,,,704.0,,672.0,709.0,-18.725017070770264,-18.725017070770264,18.929595470428467,-0.20457839965820312,,,2.679641008377075,-8.68371868133545,-10.041298389434814,-9.879987001419067,5.378779888153076,16.7006995677948,-11.904304504394531,13.395760774612427,-28.60500407218933,,,,,,,,,,,,,,,,,,,16.04537606239319,2.679641008377075,-1.2483344713846842,1.2619730313618978,-0.013638559977213542,1.0,5.569643239750546e-08,0.9999932383757273,1.5215784679348062e-06,0.9994586312032296,0.9999677101453264,0.9999931826792949,0.0,0.0,0.0
smollm2-1.7b,toolshed,toolshed-0024-s2-drop_arg-0,-7.232920169830322,-16.37526273727417,,,-25.101793348789215,-20.086269438266754,-5.102152407169342,-12.688040792942047,,,,,,,,,,,,,,,,,-5.6553332805633545,-15.880622386932373,,,-29.51684409379959,-28.27041846513748,-19.071987450122833,-23.03857070207596,-2.6661146879196167,-15.329818606376648,False,False,,,False,False,False,False,,,,,,,,,,,,,,,,,False,False,,,False,False,False,False,False,False,24.0,35.0,,,35.0,36.0,24.0,35.0,,,,,,,,,,,,,,,,,24.0,35.0,,,35.0,36.0,24.0,35.0,24.0,35.0,736.0,,758.0,,,,,,,,,749.0,,708.0,759.0,-13.969835042953491,-13.969835042953491,13.416654169559479,0.5531808733940125,,,-2.4360377192497253,-11.839067280292511,-2.1307677626609802,10.350529909133911,6.663307964801788,-3.966583251953125,-7.585888385772705,-9.142342567443848,-3.61930513381958,,,,,,,,,,,,,,,,,,,16.405872762203217,-2.4360377192497253,-0.5820764601230621,0.5590272570649782,0.02304920305808385,1.0,0.9812884726842372,0.9994923812704095,0.9998929751596897,0.9999637592125332,0.9999968361062272,0.018203908586172268,0.0,0.0,0.0
smollm2-1.7b,toolshed,toolshed-0024-s2-name_for_email-3,-14.40454477071762,-15.90570729970932,,,-11.304517835378647,-18.947000592947006,-1.6412497460842133,-5.932264417409897,,,,,,,,,,,,,,,,,-11.723002195358276,-21.089298009872437,,,-19.071989119052887,-29.516843855381012,-22.996093809604645,-23.03857809305191,-3.7837389707565308,-9.14866590499878,False,False,,,False,False,True,False,,,,,,,,,,,,,,,,,False,False,,,False,False,False,False,False,False,28.0,35.0,,,24.0,35.0,28.0,35.0,,,,,,,,,,,,,,,,,28.0,35.0,,,24.0,35.0,28.0,35.0,28.0,35.0,736.0,,773.0,,,,,,,,,753.0,,708.0,755.0,-21.35484406352043,-21.35484406352043,11.273091614246368,10.081752449274063,,,2.1424892246723175,-8.591549038887024,-12.763295024633408,17.106313675642014,7.13287079334259,-0.042484283447265625,-4.291014671325684,-1.5011625289916992,-4.248530387878418,,,,,,,,,,,,,,,,,,,19.212354838848114,2.1424892246723175,-0.7626730022685868,0.40261041479451315,0.36006258747407366,1.0,0.019023115004652782,0.9864319897475753,0.8177477992596022,0.9999144475885647,0.9953439779341813,0.9674088747429225,0.0,1.0,0.0
smollm2-1.7b,toolshed,toolshed-0025-s0-date_format-3,-16.9849636554718,-4.90093457698822,,,-10.787148356437683,-13.876924395561218,-5.948696970939636,-1.3851138949394226,,,,,,,,,,,,,,,,,-3.370448887348175,-5.156184673309326,,,-15.52371597290039,-15.8024263381958,-21.751331329345703,-8.080387473106384,-7.997723042964935,-8.489002466201782,False,False,,,False,False,False,True,,,,,,,,,,,,,,,,,False,False,,,False,False,False,False,False,False,9.0,17.0,,,17.0,17.0,9.0,17.0,,,,,,,,,,,,,,,,,9.0,17.0,,,17.0,17.0,9.0,17.0,9.0,17.0,641.0,,660.0,,,,,,,,,639.0,,613.0,689.0,-15.802634358406067,-15.802634358406067,18.380882441997528,-2.578248083591461,,,2.049026072025299,-4.766367673873901,-11.036266684532166,6.695273578166962,3.179452896118164,13.670943856239319,4.563583076000214,12.084029078483582,-9.107360780239105,,,,,,,,,,,,,,,,,,,13.753608286380768,2.049026072025299,-1.7558482620451186,2.042320271333059,-0.28647200928794014,1.0,1.154350427667637e-06,0.010316206508432704,5.6489847033021076e-06,0.8564036752951943,0.6204077854127972,0.010315052158005036,0.0,0.0,0.0
smollm2-1.7b,toolshed,toolshed-0025-s1-hallucinated_entity-2,-13.56122636795044,-3.7410407066345215,,,-10.765799045562744,-18.528700351715088,-7.428295135498047,-9.068641185760498,,,,,,,,,,,,,,,,,-8.025999382138252,-10.294692039489746,,,-6.650726795196533,-11.454353742301464,-15.636651448905468,-1.176137737929821,-6.1448735147714615,-10.297444820404053,False,False,,,False,False,False,False,,,,,,,,,,,,,,,,,False,False,,,False,False,False,False,False,False,13.0,13.0,,,13.0,11.0,13.0,13.0,,,,,,,,,,,,,,,,,13.0,13.0,,,13.0,11.0,13.0,13.0,13.0,13.0,731.0,,755.0,,,,,,,,,735.0,,705.0,737.0,-8.208356313407421,-8.208356313407421,7.610652066767216,0.5977042466402054,,,-1.2834216207265854,-2.0754250809550285,-6.132931232452393,-7.892503447830677,-2.5649029687047005,14.460513710975647,-1.6403460502624512,9.820185661315918,-16.100859761238098,,,,,,,,,,,,,,,,,,,9.491777934134007,-1.2834216207265854,-0.6314120241082631,0.5854347743667089,0.04597724974155426,1.0,5.224525596035124e-07,0.8133694808455822,5.4340540720083866e-05,0.9062507745038527,0.9845194812251233,0.8133689583930227,0.0,0.0,0.0
smollm2-1.7b,toolshed,toolshed-0026-s1-date_format-4,-15.005051672458649,-1.151983916759491,,,-5.447543501853943,-15.456125259399414,-5.4225568771362305,-4.284798443317413,,,,,,,,,,,,,,,,,-5.448415219783783,-7.580510377883911,,,-9.087713241577148,-10.705303192138672,-17.34856128692627,-2.299092710018158,-5.651845157146454,-7.4448206424713135,False,True,,,False,False,False,False,,,,,,,,,,,,,,,,,False,False,,,False,False,False,False,False,False,44.0,44.0,,,31.0,44.0,44.0,44.0,,,,,,,,,,,,,,,,,44.0,44.0,,,31.0,44.0,44.0,44.0,44.0,44.0,712.0,,774.0,,,,,,,,,745.0,,684.0,747.0,-11.926004409790039,-11.926004409790039,11.900146067142487,0.02585834264755249,,,0.2292882800102234,-2.343509614467621,-9.582494795322418,-1.9857057332992554,1.147108793258667,15.049468576908112,1.1377584338188171,13.853067755699158,-13.911710143089294,,,,,,,,,,,,,,,,,,,11.696716129779816,0.2292882800102234,-0.27104555476795544,0.2704578651623292,0.0005876896056261929,1.0,2.9074537464020527e-07,0.19626568365513178,9.631383991209605e-07,0.8939837446995995,0.857291692416849,0.19626539290975714,0.0,0.0,0.0
smollm2-1.7b,toolshed,toolshed-0026-s1-type_swap-3,-6.174119472503662,-1.5200998783111572,,,-9.655776023864746,-14.93688154220581,-5.208852052688599,-4.353098452091217,,,,,,,,,,,,,,,,,-5.216508448123932,-9.731336116790771,,,-9.087710618972778,-10.705297946929932,-8.889775037765503,-2.299090087413788,-5.926598370075226,-9.91417932510376,False,True,,,False,False,False,False,,,,,,,,,,,,,,,,,False,False,,,False,False,False,False,False,False,44.0,44.0,,,31.0,44.0,44.0,44.0,,,,,,,,,,,,,,,,,44.0,44.0,,,31.0,44.0,44.0,44.0,44.0,44.0,713.0,,764.0,,,,,,,,,745.0,,684.0,747.0,-3.6809229850769043,-3.6809229850769043,3.673266589641571,0.007656395435333252,,,0.7177463173866272,-2.715655565261841,-0.9652674198150635,-2.054008364677429,0.7789902091026306,6.590684950351715,0.8557536005973816,4.654019594192505,-5.7349313497543335,,,,,,,,,,,,,,,,,,,2.963176667690277,0.7177463173866272,-0.08365734056992964,0.08348333158276298,0.0001740089871666648,1.0,0.001369370209426684,0.29718378119215527,0.009433408646948574,0.9891730154488894,0.9817931179549619,0.2958144109827286,0.0,0.0,0.0
smollm2-1.7b,toolshed,toolshed-0029-s0-type_swap-3,-14.531010866165161,-5.570357799530029,,,-9.693858742713928,-16.426957726478577,-1.3463040590286255,-2.1762821674346924,,,,,,,,,,,,,,,,,-2.9112921990454197,-7.2724175453186035,,,-21.703058041632175,-16.26036051660776,-14.528635777533054,-4.605551041662693,-8.06376165151596,-11.59228128194809,False,False,,,False,False,True,False,,,,,,,,,,,,,,,,,False,False,,,False,False,False,False,False,False,21.0,21.0,,,15.0,21.0,21.0,21.0,,,,,,,,,,,,,,,,,21.0,21.0,,,15.0,21.0,21.0,21.0,21.0,21.0,639.0,,663.0,,,,,,,,,648.0,,610.0,653.0,-13.182331718504429,-13.182331718504429,11.617343578487635,1.5649881400167942,,,6.717457592487335,0.002375088632106781,-13.184706807136536,2.4292688742280006,-0.9648067578673363,9.923084735870361,-0.8299781084060669,8.960653066635132,-10.753062844276428,,,,,,,,,,,,,,,,,,,6.464874126017094,6.717457592487335,-0.6277300818335443,0.5532068370708397,0.07452324476270449,1.0,4.902684863164718e-05,0.6962352729016756,0.00012834592236635298,0.9873968511618334,0.971488436672867,0.696186246053044,0.0,1.0,0.0
smollm2-1.7b,toolshed,toolshed-0029-s1-drop_arg-0,-8.35090684890747,-3.500086545944214,,,-13.577095985412598,-9.163914203643799,-3.091001033782959,-1.3184711337089539,,,,,,,,,,,,,,,,,-3.5874208211898804,-9.320703268051147,,,-18.510887145996094,-14.757343769073486,-16.975874423980713,-8.094584465026855,-1.7548726201057434,-6.1624367237091064,False,True,,,False,False,False,True,,,,,,,,,,,,,,,,,False,False,,,False,False,False,False,False,False,12.0,22.0,,,22.0,24.0,12.0,22.0,,,,,,,,,,,,,,,,,12.0,22.0,,,22.0,24.0,12.0,22.0,12.0,22.0,681.0,,691.0,,,,,,,,,682.0,,653.0,689.0,-13.884873390197754,-13.884873390197754,13.388453602790833,0.4964197874069214,,,-1.3361284136772156,-8.624967575073242,-5.259905815124512,6.776113331317902,4.594497919082642,8.881289958953857,1.7725299000740051,4.850820302963257,-7.108760058879852,,,,,,,,,,,,,,,,,,,15.22100180387497,-1.3361284136772156,-1.1570727825164795,1.115704466899236,0.04136831561724345,1.0,0.00013876406583539892,0.1451788174170132,0.00776125036248821,0.9967740043807227,0.9879618594378821,0.14504005335117778,0.0,0.0,0.0
smollm2-1.7b,toolshed,toolshed-0029-s1-readonly_target-3,-22.081727266311646,-3.561440944671631,,,-18.04357200860977,-18.484740257263184,-1.7797253727912903,-10.786017954349518,,,,,,,,,,,,,,,,,-10.521295309066772,-9.961891889572144,,,-16.975863456726074,-18.51087760925293,-28.28744411468506,-8.094589233398438,-4.418240398168564,-7.381715148687363,False,True,,,False,False,True,False,,,,,,,,,,,,,,,,,False,False,,,False,False,False,False,False,False,22.0,22.0,,,12.0,22.0,22.0,22.0,,,,,,,,,,,,,,,,,22.0,22.0,,,12.0,22.0,22.0,22.0,22.0,22.0,682.0,,708.0,,,,,,,,,692.0,,653.0,699.0,-26.50771874189377,-26.50771874189377,17.766148805618286,8.741569936275482,,,2.6385150253772736,-6.205716848373413,-20.302001893520355,-2.6914287209510803,4.533148288726807,20.19285488128662,-9.006292581558228,18.520286321640015,-29.19914746284485,,,,,,,,,,,,,,,,,,,23.869203716516495,2.6385150253772736,-1.2048963064497167,0.8075522184371948,0.3973440880125219,1.0,1.6993436027037099e-09,0.9998772373554425,9.05194368300477e-09,0.3636855081696382,0.9508964926253812,0.999877235656099,0.0,1.0,0.0
smollm2-1.7b,toolshed,toolshed-0030-s2-drop_arg-0,-3.327386200428009,-13.943064987659454,,,-24.163119792938232,-17.75607442855835,-5.368613243103027,-11.227864742279053,,,,,,,,,,,,,,,,,-6.052979826927185,-13.069648742675781,,,-18.42964005470276,-14.703551530838013,-7.163882493972778,-9.380656957626343,-1.51551553606987,-12.287268280982971,False,False,,,False,False,False,False,,,,,,,,,,,,,,,,,False,False,,,False,False,False,False,True,False,23.0,31.0,,,31.0,32.0,23.0,31.0,,,,,,,,,,,,,,,,,23.0,31.0,,,31.0,32.0,23.0,31.0,23.0,31.0,729.0,,750.0,,,,,,,,,741.0,,701.0,752.0,-1.795269250869751,-1.795269250869751,1.1109026670455933,0.6843665838241577,,,-3.8530977070331573,-3.8364962935447693,2.0412270426750183,-1.84720778465271,-4.562408030033112,-2.2167744636535645,-5.859251499176025,-10.615678787231445,-3.642477035522461,,,,,,,,,,,,,,,,,,,5.648366957902908,-3.8530977070331573,-0.07805518482042395,0.04830011595850405,0.0297550688619199,1.0,0.9013033413565789,0.9971505862826304,0.9999754721981733,0.9991039956783421,0.9999790164912978,0.09584724492605157,0.0,0.0,0.0
smollm2-1.7b,toolshed,toolshed-0030-s2-name_for_email-3,-15.602599322795868,-13.020391643047333,,,-9.969330847263336,-17.454208433628082,-1.250300645828247,-3.712541401386261,,,,,,,,,,,,,,,,,-11.744926691055298,-16.149858713150024,,,-7.1638875007629395,-18.429643154144287,-12.136075496673584,-9.380653858184814,-2.042536437511444,-5.518635869026184,False,False,,,False,False,True,False,,,,,,,,,,,,,,,,,False,False,,,False,False,False,False,False,False,24.0,31.0,,,23.0,31.0,24.0,31.0,,,,,,,,,,,,,,,,,24.0,31.0,,,23.0,31.0,24.0,31.0,24.0,31.0,729.0,,762.0,,,,,,,,,742.0,,701.0,744.0,-10.885774850845337,-10.885774850845337,0.39114880561828613,10.49462604522705,,,0.792235791683197,3.466523826122284,-14.35229867696762,5.6681124567985535,-3.6397377848625183,2.7554216384887695,-2.462240755558014,2.582207679748535,-5.2176623940467834,,,,,,,,,,,,,,,,,,,10.09353905916214,0.792235791683197,-0.4535739521185557,0.01629786690076192,0.43727608521779376,1.0,0.00620840825634837,0.921313163552132,0.07029231919276677,0.9879305152646518,0.9700000215828649,0.9151047552957836,0.0,1.0,0.0
smollm2-1.7b,toolshed,toolshed-0033-s1-drop_arg-0,-9.78229433298111,-10.539564192295074,,,-17.516785621643066,-11.999603688716888,-3.381053388118744,-4.582583367824554,,,,,,,,,,,,,,,,,-4.887078523635864,-12.842170476913452,,,-24.63699722290039,-19.248471677303314,-13.81489223241806,-13.306478917598724,-3.276742458343506,-7.780307412147522,False,False,,,False,False,False,True,,,,,,,,,,,,,,,,,False,False,,,False,False,False,False,False,False,13.0,28.0,,,28.0,30.0,13.0,28.0,,,,,,,,,,,,,,,,,13.0,28.0,,,28.0,30.0,13.0,28.0,13.0,28.0,756.0,,767.0,,,,,,,,,758.0,,728.0,766.0,-10.433838844299316,-10.433838844299316,8.927813708782196,1.5060251355171204,,,-0.10431092977523804,-4.032597899436951,-6.401240944862366,8.72389554977417,2.76691472530365,0.5084133148193359,-1.2015299797058105,-0.7572698593139648,-1.7099432945251465,,,,,,,,,,,,,,,,,,,10.538149774074554,-0.10431092977523804,-0.8026029880230243,0.6867549006755536,0.11584808734747079,1.0,0.3749477343191383,0.7686896169026356,0.6807606974406025,0.9996492520777474,0.9890517275214133,0.3937418825834973,0.0,0.0,0.0
smollm2-1.7b,toolshed,toolshed-0033-s1-readonly_target-3,-32.95750713348389,-8.577102184295654,,,-13.367379903793335,-17.3037109375,-2.313366651535034,-10.198554754257202,,,,,,,,,,,,,,,,,-10.458630561828613,-8.719265937805176,,,-13.81490296125412,-24.637006759643555,-38.681592643260956,-13.306479156017303,-2.5641255378723145,-6.931509256362915,False,False,,,False,False,False,False,,,,,,,,,,,,,,,,,False,False,,,False,False,False,False,False,False,27.0,28.0,,,13.0,28.0,27.0,28.0,,,,,,,,,,,,,,,,,27.0,28.0,,,13.0,28.0,27.0,28.0,27.0,28.0,757.0,,788.0,,,,,,,,,772.0,,728.0,780.0,-36.36822599172592,-36.36822599172592,28.222962081432343,8.145263910293579,,,0.2507588863372803,-5.724085509777069,-30.644140481948853,3.1079244017601013,4.729376971721649,25.375113487243652,-7.885188102722168,24.380404949188232,-33.26030158996582,,,,,,,,,,,,,,,,,,,36.11746710538864,0.2507588863372803,-1.346971333026886,1.0452948919049017,0.3016764411219844,1.0,5.959551029027671e-12,0.9996077457092334,2.580623596301016e-11,0.1493936570702253,0.9874744951906792,0.9996077457032738,0.0,0.0,0.0
smollm2-1.7b,toolshed,toolshed-0034-s1-date_format-3,-13.663889020681381,-1.0892055928707123,,,-5.721201956272125,-17.932438373565674,-5.4988232254981995,-1.083045095205307,,,,,,,,,,,,,,,,,-3.541048362851143,-7.346499443054199,,,-13.94960355758667,-11.04993486404419,-18.00339651107788,-4.247250989079475,-4.706735521554947,-6.264289855957031,False,True,,,False,False,False,True,,,,,,,,,,,,,,,,,False,False,,,False,False,False,False,False,False,27.0,28.0,,,15.0,28.0,27.0,28.0,,,,,,,,,,,,,,,,,27.0,28.0,,,15.0,28.0,27.0,28.0,27.0,28.0,684.0,,728.0,,,,,,,,,699.0,,655.0,708.0,-12.504573285579681,-12.504573285579681,14.462348148226738,-1.9577748626470566,,,-0.7920877039432526,-4.3395074903965,-8.165065795183182,3.1642058938741684,3.158045396208763,13.756145521998405,4.4157781302928925,12.574683427810669,-9.340367391705513,,,,,,,,,,,,,,,,,,,13.296660989522934,-0.7920877039432526,-0.46313234391035857,0.5356425240083977,-0.07251018009803913,1.0,1.0599192572382908e-06,0.011827766067714362,3.458460928260314e-06,0.9782350921429128,0.8260021357420386,0.011826706148457124,0.0,0.0,0.0
smollm2-1.7b,toolshed,toolshed-0034-s1-drop_arg-0,-4.9353276789188385,-1.1947113573551178,,,-14.365444660186768,-13.204962223768234,-2.6524514853954315,-0.8944722414016724,,,,,,,,,,,,,,,,,-3.2540545016527176,-7.189640760421753,,,-11.049943923950195,-15.372109413146973,-13.949605941772461,-4.247254058718681,-4.53515750169754,-5.075883150100708,False,True,,,False,False,False,True,,,,,,,,,,,,,,,,,False,False,,,False,False,False,False,False,False,15.0,28.0,,,28.0,28.0,15.0,28.0,,,,,,,,,,,,,,,,,15.0,28.0,,,28.0,28.0,15.0,28.0,15.0,28.0,684.0,,697.0,,,,,,,,,687.0,,655.0,694.0,-11.29715445637703,-11.29715445637703,10.695551440119743,0.6016030162572861,,,1.8827060163021088,-9.014278262853622,-2.282876193523407,3.352781817317009,3.0525427013635635,9.70235188305378,1.7579792439937592,3.7406163215637207,-7.9443726390600204,,,,,,,,,,,,,,,,,,,9.41444844007492,1.8827060163021088,-0.7531436304251353,0.7130367626746495,0.04010686775048574,1.0,6.106706669954815e-05,0.14704286395967472,0.02318897359154036,0.9808400316458395,0.631981205897034,0.14698179689297516,0.0,0.0,0.0
smollm2-1.7b,toolshed,toolshed-0035-s1-readonly_target-3,-22.274462521076202,-3.6133578419685364,,,-17.294274985790253,-17.99872398376465,-1.72624009847641,-9.870937049388885,,,,,,,,,,,,,,,,,-8.885003089904785,-8.00887393951416,,,-15.498914241790771,-17.75312900543213,-27.22773027420044,-6.778064489364624,-2.7044336795806885,-5.642479181289673,False,True,,,False,False,True,False,,,,,,,,,,,,,,,,,False,False,,,False,False,False,False,True,False,21.0,21.0,,,12.0,21.0,21.0,21.0,,,,,,,,,,,,,,,,,21.0,21.0,,,12.0,21.0,21.0,21.0,21.0,21.0,681.0,,706.0,,,,,,,,,690.0,,652.0,697.0,-25.50149017572403,-25.50149017572403,18.342727184295654,7.158762991428375,,,0.9781935811042786,-4.953267753124237,-20.548222422599792,-3.0928725600242615,3.1647066473960876,20.449665784835815,-8.144696950912476,18.661104679107666,-28.59436273574829,,,,,,,,,,,,,,,,,,,24.52329659461975,0.9781935811042786,-1.2143566750344776,0.873463199252174,0.34089347578230356,1.0,1.314451929558254e-09,0.999709554748637,7.862944463563102e-09,0.29398055573073373,0.9496954346038378,0.9997095534341851,0.0,1.0,0.0
smollm2-1.7b,toolshed,toolshed-0036-s2-name_for_email-3,-8.415724396705627,-8.618383526802063,,,-8.809834778308868,-16.29881888628006,-1.3224400281906128,-3.8689666390419006,,,,,,,,,,,,,,,,,-8.297340393066406,-16.165231704711914,,,-10.030479192733765,-15.756555795669556,-9.44063115119934,-7.200541257858276,-2.6870093941688538,-6.332744598388672,False,False,,,False,False,True,False,,,,,,,,,,,,,,,,,False,False,,,False,False,False,False,False,False,32.0,38.0,,,22.0,38.0,32.0,38.0,,,,,,,,,,,,,,,,,32.0,38.0,,,22.0,38.0,32.0,38.0,32.0,38.0,736.0,,777.0,,,,,,,,,757.0,,708.0,759.0,-8.118191123008728,-8.118191123008728,1.1432907581329346,6.9749003648757935,,,1.364569365978241,-1.0249067544937134,-7.093284368515015,3.3315746188163757,-1.4178422689437866,2.2400898933410645,-2.546526610851288,-0.20265913009643555,-4.786616504192352,,,,,,,,,,,,,,,,,,,6.753621757030487,1.364569365978241,-0.25369347259402275,0.035727836191654205,0.21796563640236855,1.0,0.09132091049930932,0.9268581400698758,0.5504920884855581,0.9996173057074118,0.9745617814413203,0.8355372295705664,0.0,1.0,0.0
smollm2-1.7b,toolshed,toolshed-0037-s0-date_format-2,-17.495476722717285,-4.732708096504211,,,-10.602279663085938,-17.847158432006836,-2.7621169090270996,-1.317593514919281,,,,,,,,,,,,,,,,,-3.0971667766571045,-4.793819189071655,,,-15.168756484985352,-15.464470863342285,-20.962987899780273,-7.708559930324554,-6.281687393784523,-9.779116153717041,False,False,,,False,False,False,True,,,,,,,,,,,,,,,,,False,False,,,False,False,False,False,False,False,17.0,17.0,,,17.0,17.0,17.0,17.0,,,,,,,,,,,,,,,,,17.0,17.0,,,17.0,17.0,17.0,17.0,17.0,17.0,640.0,,675.0,,,,,,,,,646.0,,612.0,704.0,-18.200870990753174,-18.200870990753174,17.86582112312317,0.3350498676300049,,,3.5195704847574234,-3.4675111770629883,-14.733359813690186,6.390966415405273,2.975851833820343,13.254427969455719,1.4445233941078186,12.762768626213074,-11.8099045753479,,,,,,,,,,,,,,,,,,,14.68130050599575,3.5195704847574234,-1.0706394700443043,1.0509306543013628,0.019708815742941463,1.0,1.750808347459965e-06,0.19083150715697328,2.8654891433525597e-06,0.845097014833874,0.9706145210852771,0.1908297563486258,0.0,0.0,0.0
smollm2-1.7b,toolshed,toolshed-0038-s1-date_format-4,-15.000161290168762,-1.2433202862739563,,,-5.305742621421814,-14.690159320831299,-5.806535482406616,-4.053125619888306,,,,,,,,,,,,,,,,,-5.782167315483093,-7.778000831604004,,,-8.44762933254242,-10.46385383605957,-17.015209555625916,-2.557525098323822,-5.779766947031021,-7.617591619491577,False,True,,,False,False,False,False,,,,,,,,,,,,,,,,,False,False,,,False,False,False,False,False,False,47.0,47.0,,,31.0,47.0,47.0,47.0,,,,,,,,,,,,,,,,,47.0,47.0,,,31.0,47.0,47.0,47.0,47.0,47.0,721.0,,786.0,,,,,,,,,757.0,,693.0,759.0,-11.2086740732193,-11.2086740732193,11.233042240142822,-0.02436816692352295,,,-0.026768535375595093,-2.0150482654571533,-9.193625807762146,-1.4956005215644836,1.3142048120498657,14.457684457302094,1.7534098625183105,13.756841003894806,-12.704274594783783,,,,,,,,,,,,,,,,,,,11.235442608594894,-0.026768535375595093,-0.23848242708977233,0.23900089872644303,-0.000518471636670701,1.0,5.245027476279196e-07,0.11870244632994717,1.0604236452881868e-06,0.8803589293707726,0.862691232090644,0.11870192182719955,0.0,0.0,0.0
smollm2-1.7b,toolshed,toolshed-0038-s1-type_swap-3,-5.744859397411346,-1.5394225716590881,,,-8.972577571868896,-14.325818061828613,-5.2137696743011475,-4.354022264480591,,,,,,,,,,,,,,,,,-5.540299832820892,-10.46849250793457,,,-8.447633266448975,-10.463853359222412,-8.797029972076416,-2.557527005672455,-6.060697585344315,-10.286363124847412,False,True,,,False,False,False,False,,,,,,,,,,,,,,,,,False,False,,,False,False,False,False,False,False,47.0,47.0,,,31.0,47.0,47.0,47.0,,,,,,,,,,,,,,,,,47.0,47.0,,,31.0,47.0,47.0,47.0,47.0,47.0,722.0,,776.0,,,,,,,,,757.0,,693.0,759.0,-3.5832602977752686,-3.5832602977752686,3.2567301392555237,0.3265301585197449,,,0.8469279110431671,-3.0521705746650696,-0.531089723110199,-1.796495258808136,1.0181044340133667,6.239502966403961,0.8597474098205566,4.205436825752258,-5.3797555565834045,,,,,,,,,,,,,,,,,,,2.7363323867321014,0.8469279110431671,-0.07623958080372911,0.06929213062245795,0.006947450181271167,1.0,0.001940953387200455,0.2953349743986214,0.014695102979592865,0.9928124590171381,0.9855949345256182,0.2933940210114209,0.0,0.0,0.0
smollm2-1.7b,toolshed,toolshed-0042-s2-name_for_email-3,-10.573643207550049,-9.101274967193604,,,-9.171235918998718,-18.053845286369324,-1.520456075668335,-4.410068869590759,,,,,,,,,,,,,,,,,-9.607958316802979,-21.03067636489868,,,-15.747239589691162,-18.70663595199585,-12.615519046783447,-12.566397190093994,-4.824895858764648,-8.511303663253784,False,False,,,False,False,True,False,,,,,,,,,,,,,,,,,False,False,,,False,False,False,False,False,False,26.0,32.0,,,23.0,32.0,26.0,32.0,,,,,,,,,,,,,,,,,26.0,32.0,,,23.0,32.0,26.0,32.0,26.0,32.0,732.0,,767.0,,,,,,,,,747.0,,704.0,750.0,-11.095062971115112,-11.095062971115112,3.0075607299804688,8.087502241134644,,,3.3044397830963135,-2.0418758392333984,-9.053187131881714,8.156328320503235,3.4651222229003906,0.049121856689453125,-2.8896127939224243,1.4723682403564453,-2.9387346506118774,,,,,,,,,,,,,,,,,,,7.790623188018799,3.3044397830963135,-0.4267331911967351,0.11567541269155648,0.3110577785051786,1.0,0.4770414594164134,0.9469038124837516,0.18658291994557888,0.9999890561071955,0.9755508731158167,0.46986235306733815,0.0,1.0,0.0
smollm2-1.7b,toolshed,toolshed-0043-s0-date_format-3,-17.54378318786621,-5.328668236732483,,,-10.210891366004944,-14.05054247379303,-6.3175355195999146,-1.3151629269123077,,,,,,,,,,,,,,,,,-3.2890886664390564,-5.046508312225342,,,-15.683557987213135,-16.13641119003296,-21.626217365264893,-8.105994284152985,-6.413483738899231,-6.903545260429382,False,False,,,False,False,False,True,,,,,,,,,,,,,,,,,False,False,,,False,False,False,False,False,False,9.0,17.0,,,17.0,17.0,9.0,17.0,,,,,,,,,,,,,,,,,9.0,17.0,,,17.0,17.0,9.0,17.0,9.0,17.0,641.0,,660.0,,,,,,,,,639.0,,613.0,689.0,-15.308681845664978,-15.308681845664978,18.337128698825836,-3.028446853160858,,,0.0959482192993164,-4.082434177398682,-11.226247668266296,6.790831357240677,2.7773260474205017,13.520223081111908,5.002372592687607,12.215114951133728,-8.517850488424301,,,,,,,,,,,,,,,,,,,15.212733626365662,0.0959482192993164,-1.7009646495183308,2.037458744313982,-0.3364940947956509,1.0,1.3423868564565163e-06,0.00667616836275567,4.954967713665128e-06,0.8528861944319446,0.6201209251363118,0.0066748259758992136,0.0,0.0,0.0
smollm2-1.7b,toolshed,toolshed-0047-s0-type_swap-3,-13.357711791992188,-3.932004690170288,,,-9.21369954943657,-15.450277537107468,-1.5990639626979828,-2.2381227910518646,,,,,,,,,,,,,,,,,-2.8865340128540993,-6.497790336608887,,,-18.240617237985134,-14.980456791818142,-13.56879659742117,-2.8823318108916283,-6.867216527462006,-11.534341275691986,False,False,,,False,False,True,False,,,,,,,,,,,,,,,,,False,False,,,False,False,False,False,False,False,21.0,21.0,,,15.0,21.0,21.0,21.0,,,,,,,,,,,,,,,,,21.0,21.0,,,15.0,21.0,21.0,21.0,21.0,21.0,639.0,,663.0,,,,,,,,,648.0,,610.0,653.0,-11.969732634723186,-11.969732634723186,10.68226258456707,1.2874700501561165,,,5.268152564764023,-0.21108480542898178,-11.758647829294205,0.6442090198397636,-1.0496728792786598,10.686464786529541,-0.6390588283538818,9.4257071018219,-11.325523614883423,,,,,,,,,,,,,,,,,,,6.701580069959164,5.268152564764023,-0.5699872683201518,0.50867917069367,0.06130809762648174,1.0,2.2851508574973498e-05,0.6543290414876982,8.06180713614659e-05,0.973692880335279,0.9906882674184465,0.6543061899791233,0.0,1.0,0.0
smollm2-1.7b,toolshed,toolshed-0047-s1-readonly_target-3,-23.546945095062256,-3.4374701976776123,,,-17.8683580160141,-18.354896545410156,-1.6967379450798035,-10.374597907066345,,,,,,,,,,,,,,,,,-10.193277835845947,-8.536099910736084,,,-15.659226417541504,-18.229902267456055,-26.38767719268799,-6.977389097213745,-2.6845850944519043,-6.193382024765015,False,True,,,False,False,True,False,,,,,,,,,,,,,,,,,False,False,,,False,False,False,False,False,False,22.0,22.0,,,12.0,22.0,22.0,22.0,,,,,,,,,,,,,,,,,22.0,22.0,,,12.0,22.0,22.0,22.0,22.0,22.0,682.0,,708.0,,,,,,,,,692.0,,653.0,699.0,-24.690939247608185,-24.690939247608185,16.19439935684204,8.496539890766144,,,0.9878471493721008,-2.8407320976257324,-21.850207149982452,-3.3972088098526,3.539918899536133,19.410288095474243,-8.677859961986542,20.109474897384644,-28.088148057460785,,,,,,,,,,,,,,,,,,,23.703092098236084,0.9878471493721008,-1.1223154203458265,0.7361090616746382,0.38620635867118835,1.0,3.7165474804319424e-09,0.9998295608362346,1.8474216009209367e-09,0.16014119076014727,0.9709370347986342,0.9998295571196871,0.0,1.0,0.0
smollm2-1.7b,toolshed,toolshed-0048-s2-name_for_email-3,-14.995297372341156,-12.247216165065765,,,-11.003490000963211,-19.476886302232742,-1.1640762388706207,-5.190908461809158,,,,,,,,,,,,,,,,,-12.774555206298828,-16.915968894958496,,,-10.244745016098022,-17.841869592666626,-12.222209215164185,-10.600588083267212,-1.3537364900112152,-5.580202102661133,False,False,,,False,False,True,False,,,,,,,,,,,,,,,,,False,False,,,False,False,False,False,True,False,23.0,30.0,,,22.0,30.0,23.0,30.0,,,,,,,,,,,,,,,,,23.0,30.0,,,22.0,30.0,23.0,30.0,23.0,30.0,727.0,,758.0,,,,,,,,,739.0,,699.0,742.0,-11.058132976293564,-11.058132976293564,-0.5523459911346436,11.610478967428207,,,0.18966025114059448,2.7730881571769714,-13.831221133470535,5.409679621458054,-1.6466280817985535,1.6216211318969727,-4.026832222938538,2.7480812072753906,-5.64845335483551,,,,,,,,,,,,,,,,,,,10.86847272515297,0.18966025114059448,-0.48078839027363324,-0.02401504309281059,0.5048034333664438,1.0,0.0752484252121746,0.9824301754793053,0.06019510789750851,0.9843485068818105,0.9856062891997484,0.9071817502671308,0.0,1.0,0.0
smollm2-1.7b,toolshed,toolshed-0050-s1-date_format-4,-14.439865976572037,-1.1760046184062958,,,-5.413379549980164,-15.267954349517822,-5.820531606674194,-4.502237498760223,,,,,,,,,,,,,,,,,-5.9082558155059814,-8.018893957138062,,,-8.321508288383484,-10.032353162765503,-16.353811144828796,-1.8955946564674377,-5.528466552495956,-7.298732042312622,False,True,,,False,False,False,False,,,,,,,,,,,,,,,,,False,False,,,False,False,False,True,False,False,44.0,44.0,,,31.0,44.0,44.0,44.0,,,,,,,,,,,,,,,,,44.0,44.0,,,31.0,44.0,44.0,44.0,44.0,44.0,712.0,,774.0,,,,,,,,,745.0,,684.0,747.0,-10.533279538154602,-10.533279538154602,10.445555329322815,0.08772420883178711,,,-0.2920650541782379,-1.9139451682567596,-8.619334369897842,-2.6066428422927856,0.719590038061142,14.458216488361359,1.318294107913971,13.263861358165741,-13.139922380447388,,,,,,,,,,,,,,,,,,,10.82534459233284,-0.2920650541782379,-0.23939271677624097,0.2373989847573367,0.0019937320189042525,1.0,5.248639106184663e-07,0.16026533788010106,1.7361108427082457e-06,0.8919328582244671,0.8544906842058724,0.16026481301619044,0.0,0.0,0.0
smollm2-1.7b,toolshed,toolshed-0051-s1-readonly_target-3,-38.10492444038391,-9.282204866409302,,,-13.948369026184082,-17.788485527038574,-1.9899754524230957,-9.680238723754883,,,,,,,,,,,,,,,,,-12.838613510131836,-10.148244380950928,,,-13.026847809553146,-24.28092861175537,-40.20377251505852,-13.630889862775803,-2.0248125791549683,-7.5091975927352905,False,False,,,False,False,False,False,,,,,,,,,,,,,,,,,False,False,,,False,False,False,False,False,False,32.0,33.0,,,13.0,33.0,32.0,33.0,,,,,,,,,,,,,,,,,32.0,33.0,,,13.0,33.0,32.0,33.0,32.0,33.0,787.0,,823.0,,,,,,,,,807.0,,758.0,815.0,-38.21379706263542,-38.21379706263542,27.36515900492668,10.84863805770874,,,0.03483712673187256,-2.0988480746746063,-36.114948987960815,3.95065113902092,4.348684996366501,26.572882652282715,-7.690263271331787,28.82271957397461,-34.2631459236145,,,,,,,,,,,,,,,,,,,38.17895993590355,0.03483712673187256,-1.194181158207357,0.8551612189039588,0.33901993930339813,1.0,1.0181940224849228e-12,0.9995364143388927,3.0370499556717743e-13,0.0635440493198917,0.9958660731340354,0.9995364143378745,0.0,0.0,0.0
smollm2-1.7b,toolshed,toolshed-0052-s1-date_format-3,-13.595100909471512,-0.930286318063736,,,-5.548603415489197,-17.337096214294434,-5.0597323179244995,-0.8068004846572876,,,,,,,,,,,,,,,,,-3.1537158489227295,-6.83463191986084,,,-12.356688499450684,-10.574216365814209,-16.491326332092285,-2.843327820301056,-4.794179230928421,-6.253110885620117,False,True,,,False,False,False,True,,,,,,,,,,,,,,,,,False,False,,,False,False,False,False,False,False,29.0,29.0,,,16.0,29.0,29.0,29.0,,,,,,,,,,,,,,,,,29.0,29.0,,,16.0,29.0,29.0,29.0,29.0,29.0,688.0,,735.0,,,,,,,,,705.0,,659.0,715.0,-11.431594014167786,-11.431594014167786,13.337610483169556,-1.90601646900177,,,-0.2655530869960785,-2.8962254226207733,-8.535368591547012,2.0365273356437683,1.91304150223732,13.64799851179123,4.252931833267212,12.664814591407776,-9.395066678524017,,,,,,,,,,,,,,,,,,,11.697147101163864,-0.2655530869960785,-0.3941928970402685,0.4599176028679157,-0.06572470582764724,1.0,1.1817520006919927e-06,0.013903453846237148,3.16038168333348e-06,0.9754195451170248,0.8113692197706601,0.013902272094236456,0.0,0.0,0.0
smollm2-1.7b,toolshed,toolshed-0053-s1-readonly_target-3,-22.11091697216034,-3.674662947654724,,,-17.556510508060455,-18.11148738861084,-1.6789700984954834,-10.278955042362213,,,,,,,,,,,,,,,,,-9.952688932418823,-9.165777444839478,,,-15.813439130783081,-17.810941696166992,-27.555725812911987,-7.238109827041626,-2.4940326809883118,-5.975743234157562,False,True,,,False,False,True,False,,,,,,,,,,,,,,,,,False,False,,,False,False,False,False,True,False,22.0,22.0,,,12.0,22.0,22.0,22.0,,,,,,,,,,,,,,,,,22.0,22.0,,,12.0,22.0,22.0,22.0,22.0,22.0,682.0,,708.0,,,,,,,,,692.0,,653.0,699.0,-25.876755714416504,-25.876755714416504,17.603036880493164,8.27371883392334,,,0.8150625824928284,-5.444808840751648,-20.431946873664856,-3.040845215320587,3.563446879386902,20.31761598587036,-8.59998494386673,18.436254024505615,-28.91760092973709,,,,,,,,,,,,,,,,,,,25.061693131923676,0.8150625824928284,-1.1762161688371138,0.8001380400224165,0.37607812881469727,1.0,1.499955687527346e-09,0.9998157251812302,9.845473462398611e-09,0.31283221733355243,0.9701628751998862,0.9998157236812745,0.0,1.0,0.0
smollm2-1.7b,toolshed,toolshed-0054-s2-name_for_email-3,-15.057958960533142,-12.294927954673767,,,-10.663626700639725,-19.104435950517654,-1.2689846456050873,-4.88090518116951,,,,,,,,,,,,,,,,,-11.371283531188965,-15.470539093017578,,,-8.086924076080322,-18.527509212493896,-13.041728496551514,-10.052430629730225,-1.8560102581977844,-5.80054497718811,False,False,,,False,False,True,False,,,,,,,,,,,,,,,,,False,False,,,False,False,False,False,True,False,23.0,30.0,,,22.0,30.0,23.0,30.0,,,,,,,,,,,,,,,,,23.0,30.0,,,22.0,30.0,23.0,30.0,23.0,30.0,727.0,,758.0,,,,,,,,,739.0,,699.0,742.0,-11.772743850946426,-11.772743850946426,1.6704449653625488,10.102298885583878,,,0.5870256125926971,2.0162304639816284,-13.788974314928055,5.171525448560715,-2.2424973249435425,2.989297866821289,-3.6119205355644226,2.763031005859375,-6.601218402385712,,,,,,,,,,,,,,,,,,,11.18571823835373,0.5870256125926971,-0.5118584283020186,0.07262804197228473,0.4392303863297338,1.0,0.006145120836867754,0.9736310252187105,0.059354912947098236,0.9836855579763837,0.9810074772429286,0.9674859043818427,0.0,1.0,0.0
smollm2-1.7b,toolshed,toolshed-0056-s1-type_swap-3,-6.35120153427124,-1.6578773260116577,,,-9.251779079437256,-14.748209953308105,-5.477915525436401,-4.500307738780975,,,,,,,,,,,,,,,,,-4.846735328435898,-9.814043045043945,,,-8.281996488571167,-10.33846926689148,-8.906800031661987,-2.3245484828948975,-5.838411808013916,-10.128730297088623,False,True,,,False,False,False,False,,,,,,,,,,,,,,,,,False,False,,,False,False,False,False,False,False,44.0,44.0,,,31.0,44.0,44.0,44.0,,,,,,,,,,,,,,,,,44.0,44.0,,,31.0,44.0,44.0,44.0,44.0,44.0,715.0,,766.0,,,,,,,,,747.0,,686.0,749.0,-3.428884506225586,-3.428884506225586,4.0600647032260895,-0.6311801970005035,,,0.36049628257751465,-2.555598497390747,-0.8732860088348389,-2.175759255886078,0.6666711568832397,6.58225154876709,0.977607786655426,4.6933242082595825,-5.604643762111664,,,,,,,,,,,,,,,,,,,3.0683882236480713,0.36049628257751465,-0.07792919332330878,0.09227419780059294,-0.014345004477284172,1.0,0.0013787963386958965,0.27165444031741176,0.009073123085070408,0.9930862663454428,0.9864846073398512,0.27027564397871584,0.0,0.0,0.0
smollm2-1.7b,toolshed,toolshed-0059-s0-type_swap-3,-12.872281312942505,-3.6686246395111084,,,-9.560055136680603,-15.525952696800232,-1.530456781387329,-2.094187617301941,,,,,,,,,,,,,,,,,-2.882046677172184,-6.958145380020142,,,-17.168624848127365,-14.35149571299553,-12.060273140668869,-2.001325100660324,-5.99762749671936,-8.364648580551147,False,False,,,False,False,True,False,,,,,,,,,,,,,,,,,False,False,,,False,False,False,False,False,False,21.0,21.0,,,15.0,21.0,21.0,21.0,,,,,,,,,,,,,,,,,21.0,21.0,,,15.0,21.0,21.0,21.0,21.0,21.0,639.0,,663.0,,,,,,,,,648.0,,610.0,653.0,-10.52981635928154,-10.52981635928154,9.178226463496685,1.3515898957848549,,,4.467170715332031,0.8120081722736359,-11.341824531555176,-0.09286251664161682,-1.6672995388507843,10.058948040008545,-0.5637308359146118,9.203656673431396,-10.622678875923157,,,,,,,,,,,,,,,,,,,6.062645643949509,4.467170715332031,-0.5014198266324543,0.4370584030236517,0.06436142360880262,1.0,4.279901679489897e-05,0.6371827504975773,0.00010066047487908255,0.9833097375617689,0.9142776789168258,0.6371399514807824,0.0,1.0,0.0
smollm2-1.7b,toolshed,toolshed-0059-s1-readonly_target-3,-23.564615488052368,-3.8323380947113037,,,-17.216315150260925,-17.55736255645752,-1.6482253074645996,-9.273314356803894,,,,,,,,,,,,,,,,,-10.020523071289062,-8.809192180633545,,,-15.88619613647461,-17.231130599975586,-27.6745023727417,-7.632190227508545,-2.7714975774288177,-5.485981315374374,False,True,,,False,False,True,False,,,,,,,,,,,,,,,,,False,False,,,False,False,False,False,False,False,22.0,22.0,,,12.0,22.0,22.0,22.0,,,,,,,,,,,,,,,,,22.0,22.0,,,12.0,22.0,22.0,22.0,22.0,22.0,682.0,,708.0,,,,,,,,,692.0,,653.0,699.0,-26.0262770652771,-26.0262770652771,17.653979301452637,8.372297763824463,,,1.1232722699642181,-4.109886884689331,-21.91639018058777,-1.6411241292953491,3.799852132797241,20.042312145233154,-7.625089049339294,19.732277393341064,-27.66740119457245,,,,,,,,,,,,,,,,,,,24.90300479531288,1.1232722699642181,-1.1830125938762317,0.8024536046114835,0.3805589892647483,1.0,1.975113231093027e-09,0.9995118900211197,2.6938959137261196e-09,0.22946564990376503,0.9378759057014506,0.9995118880460065,0.0,1.0,0.0
smollm2-135m,coderepair,mbpp-0003-undefined_name-2,-62.5735182762146,-34.330785274505615,,,-13.625707626342773,-27.20890712738037,-6.792305946350098,-11.446446418762207,,,,,,,,,,,,,,,,,-3.3942652344703674,-8.040385782718658,,,-35.531864643096924,-45.94424867630005,-63.8481068611145,-32.83911180496216,-3.6416248083114624,-8.116456389427185,False,False,,,False,False,False,False,,,,,,,,,,,,,,,,,False,False,,,False,False,False,False,False,False,54.0,52.0,,,52.0,51.0,54.0,52.0,,,,,,,,,,,,,,,,,54.0,52.0,,,52.0,51.0,54.0,52.0,54.0,52.0,177.0,,306.0,,,,,,,,,222.0,,150.0,224.0,-57.055800914764404,-57.055800914764404,60.453841626644135,-3.3980407118797302,,,-3.1506811380386353,-1.2745885848999023,-55.7812123298645,21.39266538619995,-1.491673469543457,31.008995056152344,-4.654140472412109,28.242733001708984,-35.66313552856445,,,,,,,,,,,,,,,,,,,60.20648205280304,-3.1506811380386353,-1.0565889058289704,1.119515585678595,-0.06292667984962463,1.0,3.19533791932178e-14,0.9895118833015505,5.424215101527718e-13,0.9904924926065506,0.9887361784246779,0.9895118833015185,0.0,0.0,0.0
smollm2-135m,coderepair,mbpp-0007-drop_return-0,-27.571658611297607,-41.765538692474365,,,-44.98919177055359,,-4.81701397895813,-25.856104612350464,,,,,,,,,,,,,,,,,-2.0332523584365845,-23.921241283416748,,,-61.35463094711304,,-27.578317165374756,-41.074552059173584,-2.294892191886902,-25.161521553993225,False,False,,,False,,False,False,,,,,,,,,,,,,,,,,True,False,,,False,,False,False,True,False,14.0,32.0,,,34.0,,14.0,32.0,,,,,,,,,,,,,,,,,14.0,32.0,,,34.0,,14.0,32.0,14.0,32.0,226.0,,297.0,,,,,,,,,231.0,,199.0,233.0,-22.761303186416626,-22.761303186416626,25.54506480693817,-2.7837616205215454,,,-2.522121787071228,-0.0066585540771484375,-22.754644632339478,15.21844744682312,-0.6909866333007812,-13.496234893798828,-21.039090633392334,-14.193880081176758,-7.542855739593506,,,,,,,,,,,,,,,,,,,25.283424973487854,-2.522121787071228,-1.6258073704583305,1.8246474862098694,-0.19884011575153895,1.0,0.9999986238712689,0.9999999992708128,0.9999993150231303,0.9999999996879909,0.9999999998827402,1.3753995439236277e-06,0.0,0.0,0.0
smollm2-135m,coderepair,mbpp-0009-flip_arith-1,-104.22051572799683,-91.56817960739136,,,-39.90444326400757,,-11.944404125213623,-21.868567943572998,,,,,,,,,,,,,,,,,-6.250357747077942,-15.387784123420715,,,-108.58608961105347,,-102.46906232833862,-90.51074934005737,-6.3737335205078125,-15.600175857543945,False,False,,,False,,False,False,,,,,,,,,,,,,,,,,False,False,,,False,,False,False,False,False,61.0,60.0,,,63.0,,61.0,60.0,,,,,,,,,,,,,,,,,61.0,60.0,,,63.0,,61.0,60.0,61.0,60.0,175.0,,305.0,,,,,,,,,227.0,,148.0,229.0,-90.524658203125,-90.524658203125,96.21870458126068,-5.694046378135681,,,-5.5706706047058105,1.7514533996582031,-92.2761116027832,68.64218139648438,-1.0574302673339844,11.95831298828125,-9.924163818359375,12.652336120605469,-21.882476806640625,,,,,,,,,,,,,,,,,,,96.09532880783081,-5.5706706047058105,-1.484010790215164,1.5773558128075522,-0.09334502259238822,1.0,6.405718774010122e-06,0.9999510255967633,3.2000653686120895e-06,0.9998924477663903,0.9999016069842812,0.9999446198779893,0.0,0.0,0.0
smollm2-135m,coderepair,mbpp-0011-undefined_name-1,-107.394052028656,-74.71877431869507,,,-18.9784574508667,-25.469109535217285,-9.631551504135132,-11.735719680786133,,,,,,,,,,,,,,,,,-7.910883665084839,-6.445948839187622,,,-79.76227355003357,-86.80666136741638,-106.37653136253357,-72.25701689720154,-7.5069050788879395,-6.923934459686279,False,False,,,False,False,False,False,,,,,,,,,,,,,,,,,False,True,,,False,False,False,False,False,False,102.0,99.0,,,98.0,100.0,102.0,99.0,,,,,,,,,,,,,,,,,102.0,99.0,,,98.0,100.0,102.0,99.0,102.0,99.0,179.0,,337.0,,,,,,,,,272.0,,152.0,274.0,-96.74497985839844,-96.74497985839844,98.46564769744873,-1.720667839050293,,,-2.1246464252471924,1.0175206661224365,-97.76250052452087,60.521297216415405,-2.4617574214935303,34.11951446533203,-2.104168176651001,32.67527770996094,-36.22368264198303,,,,,,,,,,,,,,,,,,,98.86962628364563,-2.1246464252471924,-0.9484801946901807,0.9653494872298896,-0.016869292539708754,1.0,1.5200016442363272e-15,0.891238242164857,6.446250764310697e-15,0.18771371655698924,0.35824934105050055,0.8912382421648555,0.0,0.0,0.0
smollm2-135m,coderepair,mbpp-0056-flip_comparison2-0,-110.35291576385498,-101.1665678024292,,,-24.42717409133911,-38.39496660232544,-13.02890920639038,-16.374613285064697,,,,,,,,,,,,,,,,,-10.795042991638184,-13.795715808868408,,,-91.67705249786377,-127.1280870437622,-113.71604633331299,-104.19611072540283,-10.521301031112671,-14.077927827835083,False,False,,,False,False,False,False,,,,,,,,,,,,,,,,,False,False,,,False,False,False,False,False,False,78.0,77.0,,,64.0,80.0,78.0,77.0,,,,,,,,,,,,,,,,,78.0,77.0,,,64.0,80.0,78.0,77.0,78.0,77.0,158.0,,233.0,,,,,,,,,229.0,,133.0,231.0,-100.68713712692261,-100.68713712692261,102.9210033416748,-2.2338662147521973,,,-2.50760817527771,-3.363130569458008,-97.3240065574646,87.82149744033813,3.029542922973633,9.519935607910156,-3.3457040786743164,9.186347961425781,-12.865639686584473,,,,,,,,,,,,,,,,,,,103.19474530220032,-2.50760817527771,-1.2908607323964436,1.3195000428419847,-0.02863931044554099,1.0,2.682779644825641e-10,0.9659534139706768,0.00010241776393925683,0.9526045132037148,0.9722567351217203,0.9659534137023988,0.0,0.0,0.0
smollm2-135m,coderepair,mbpp-0057-off_by_one-0,-66.38988780975342,-56.407973289489746,,,-20.695167303085327,-24.48931860923767,-6.5896522998809814,-11.535024404525757,,,,,,,,,,,,,,,,,-6.868020296096802,-10.805966138839722,,,-66.6590805053711,-66.55788803100586,-65.4645881652832,-54.9876708984375,-6.354978561401367,-10.468453407287598,False,False,,,False,False,False,False,,,,,,,,,,,,,,,,,False,False,,,False,False,False,False,False,False,64.0,60.0,,,61.0,59.0,64.0,60.0,,,,,,,,,,,,,,,,,64.0,60.0,,,61.0,59.0,64.0,60.0,64.0,60.0,200.0,,270.0,,,,,,,,,253.0,,171.0,255.0,-58.87493586540222,-58.87493586540222,58.5965678691864,0.2783679962158203,,,-0.23467373847961426,0.9252996444702148,-59.80023550987244,43.45264649391174,-1.420302391052246,10.476917266845703,-4.945372104644775,9.981914520263672,-15.422289371490479,,,,,,,,,,,,,,,,,,,59.109609603881836,-0.23467373847961426,-0.9199208728969097,0.9155713729560375,0.004349499940872192,1.0,2.8178157897082e-05,0.9929332629155996,4.622634207068703e-05,0.9808843247117939,0.9839121905219871,0.9929050847577024,0.0,0.0,0.0
smollm2-135m,coderepair,mbpp-0058-flip_comparison-0,-46.00017023086548,-40.837950229644775,,,,,-4.3143667578697205,-10.157571077346802,,,,,,,,,,,,,,,,,-2.905180811882019,-7.781695127487183,,,,,-44.24110412597656,-39.27779769897461,-3.1152721643447876,-8.254162669181824,False,False,,,,,False,False,,,,,,,,,,,,,,,,,True,False,,,,,False,False,True,False,21.0,20.0,,,,,21.0,20.0,,,,,,,,,,,,,,,,,21.0,20.0,,,,,21.0,20.0,21.0,20.0,184.0,,206.0,,,,,,,,,194.0,,155.0,196.0,-39.92673736810684,-39.92673736810684,41.33592331409454,-1.4091859459877014,,,-1.1990945935249329,1.759066104888916,-41.68580347299576,29.120226621627808,-1.560152530670166,4.963306427001953,-5.843204319477081,5.162220001220703,-10.806510746479034,,,,,,,,,,,,,,,,,,,41.125831961631775,-1.1990945935249329,-1.9012732080050878,1.9683773006711687,-0.06710409266608101,1.0,0.006941260517924523,0.9971088463238368,0.005696333137636719,0.9924341376357981,0.9941699958674962,0.9901675858059122,0.0,0.0,0.0
smollm2-135m,coderepair,mbpp-0064-drop_return-0,-86.57448291778564,-83.08730792999268,,,,,-8.558395862579346,-13.028411865234375,,,,,,,,,,,,,,,,,-7.539311408996582,-10.48908805847168,,,,,-81.95189905166626,-76.67880487442017,-6.629187107086182,-12.874937057495117,False,False,,,,,False,False,,,,,,,,,,,,,,,,,False,False,,,,,False,False,False,False,61.0,63.0,,,,,61.0,63.0,,,,,,,,,,,,,,,,,61.0,63.0,,,,,61.0,63.0,61.0,63.0,300.0,,416.0,,,,,,,,,350.0,,271.0,352.0,-73.39350318908691,-73.39350318908691,74.41258764266968,-1.0190844535827637,,,-1.929208755493164,4.622583866119385,-78.0160870552063,63.65039300918579,-6.40850305557251,5.273094177246094,-4.470016002655029,3.4871749877929688,-9.743110179901123,,,,,,,,,,,,,,,,,,,75.32271194458008,-1.929208755493164,-1.2031721834276543,1.2198784859454046,-0.016706302517750224,1.0,0.005101560553438578,0.9886824211618763,0.02967935225491318,0.9502529312106095,0.9980650750711699,0.9835808606084377,0.0,0.0,0.0
smollm2-135m,coderepair,mbpp-0069-flip_comparison-0,-126.26722574234009,-125.03198862075806,,,-26.0474853515625,-35.2344856262207,-9.023318767547607,-16.889342308044434,,,,,,,,,,,,,,,,,-4.915606737136841,-12.326960563659668,,,-126.7422776222229,-134.22725534439087,-123.32967233657837,-122.2102723121643,-4.8938645124435425,-12.310197830200195,False,False,,,False,False,False,False,,,,,,,,,,,,,,,,,False,False,,,False,False,False,False,False,False,149.0,149.0,,,149.0,146.0,149.0,149.0,,,,,,,,,,,,,,,,,149.0,149.0,,,149.0,146.0,149.0,149.0,149.0,149.0,200.0,,434.0,,,,,,,,,340.0,,173.0,342.0,-114.30635356903076,-114.30635356903076,118.41406559944153,-4.107712030410767,,,-4.129454255104065,2.9375534057617188,-117.24390697479248,105.32093000411987,-2.82171630859375,1.1194000244140625,-7.866023540496826,1.2352371215820312,-8.985423564910889,,,,,,,,,,,,,,,,,,,118.43580782413483,-4.129454255104065,-0.7671567353626225,0.7947252724794733,-0.027568537116850783,1.0,0.2441412418700645,0.9996165501443838,0.22526612162337326,0.9993960130679417,0.9993990113369506,0.7554753082743193,0.0,0.0,0.0
smollm2-135m,coderepair,mbpp-0070-undefined_name-1,-131.06713151931763,-111.77056169509888,,,-17.952903270721436,,-9.853798151016235,-14.559079647064209,,,,,,,,,,,,,,,,,-6.365696668624878,-10.270789861679077,,,-101.32892656326294,,-130.14039659500122,-110.3783802986145,-6.817194223403931,-10.923032522201538,False,False,,,False,,False,False,,,,,,,,,,,,,,,,,False,False,,,False,,False,False,False,False,77.0,75.0,,,64.0,,77.0,75.0,,,,,,,,,,,,,,,,,77.0,75.0,,,64.0,,77.0,75.0,77.0,75.0,209.0,,385.0,,,,,,,,,277.0,,182.0,279.0,-120.28659844398499,-120.28659844398499,123.77469992637634,-3.4881014823913574,,,-3.0366039276123047,0.9267349243164062,-121.21333336830139,95.8193006515503,-1.392181396484375,19.76201629638672,-4.705281496047974,19.29656982421875,-24.467297792434692,,,,,,,,,,,,,,,,,,,123.32320237159729,-3.0366039276123047,-1.5621636161556491,1.607463635407485,-0.04530001925183581,1.0,3.0710475623015513e-13,0.9907354564432576,4.164915588566897e-09,0.9802584980575147,0.9837908639173187,0.9907354564429505,0.0,0.0,0.0
smollm2-135m,coderepair,mbpp-0072-flip_bool-0,-39.6318564414978,-36.62086248397827,,,-21.60206174850464,,-2.404468357563019,-11.435957431793213,,,,,,,,,,,,,,,,,-1.9943743348121643,-11.41194236278534,,,-45.29600715637207,,-40.733407974243164,-37.499006271362305,-1.2221136689186096,-10.337550818920135,False,False,,,False,,False,False,,,,,,,,,,,,,,,,,True,False,,,False,,False,False,True,False,26.0,26.0,,,25.0,,26.0,26.0,,,,,,,,,,,,,,,,,26.0,26.0,,,25.0,,26.0,26.0,26.0,26.0,177.0,,202.0,,,,,,,,,192.0,,148.0,194.0,-38.328939616680145,-38.328939616680145,38.739033639431,-0.4100940227508545,,,-1.1823546886444092,-1.1015515327453613,-37.227388083934784,26.063048839569092,0.8781437873840332,3.2344017028808594,-9.031489074230194,3.0109939575195312,-12.265890777111053,,,,,,,,,,,,,,,,,,,39.511294305324554,-1.1823546886444092,-1.4741899852569287,1.4899628322858076,-0.01577284702887902,1.0,0.03787647702978863,0.9998804254109166,0.04693166684089753,0.999918723148238,0.9998900568450801,0.962003948381128,0.0,0.0,0.0
smollm2-135m,coderepair,mbpp-0074-drop_return-1,-213.37482452392578,-204.84940338134766,,,-15.15332841873169,-39.73259878158569,-9.869153499603271,-10.318615436553955,,,,,,,,,,,,,,,,,-8.475506067276001,-9.262446165084839,,,-210.32711720466614,-225.7877037525177,-212.09037709236145,-202.9918053150177,-10.240192890167236,-11.301122665405273,False,False,,,False,False,False,False,,,,,,,,,,,,,,,,,False,False,,,False,False,False,False,False,False,181.0,182.0,,,182.0,184.0,181.0,182.0,,,,,,,,,,,,,,,,,181.0,182.0,,,182.0,184.0,181.0,182.0,181.0,182.0,201.0,,393.0,,,,,,,,,371.0,,172.0,373.0,-202.22122359275818,-202.22122359275818,203.61487102508545,-1.3936474323272705,,,0.37103939056396484,1.284447431564331,-203.5056710243225,192.67318987846375,-1.857598066329956,9.09857177734375,-0.4494619369506836,8.525421142578125,-9.548033714294434,,,,,,,,,,,,,,,,,,,201.8501842021942,0.37103939056396484,-1.117244329241758,1.1249440388126268,-0.007699709570868898,1.0,0.00011174004494356322,0.6086269673516266,0.00019832182180941007,0.6871739329236531,0.7428681864615488,0.6085152273066831,0.0,0.0,0.0
smollm2-135m,coderepair,mbpp-0082-drop_return-0,-46.14874267578125,-37.67755889892578,,,-37.924925804138184,,-7.132026433944702,-6.926095724105835,,,,,,,,,,,,,,,,,-3.255260467529297,-4.103015184402466,,,-70.55531120300293,,-42.60455894470215,-33.03562355041504,-3.699252128601074,-6.396084785461426,False,False,,,False,,False,False,,,,,,,,,,,,,,,,,True,False,,,False,,False,False,False,False,28.0,29.0,,,31.0,,28.0,29.0,,,,,,,,,,,,,,,,,28.0,29.0,,,31.0,,28.0,29.0,28.0,29.0,255.0,,356.0,,,,,,,,,274.0,,228.0,276.0,-35.472532510757446,-35.472532510757446,39.34929847717285,-3.8767659664154053,,,-3.432774305343628,3.5441837310791016,-39.01671624183655,26.109527826309204,-4.641935348510742,9.56893539428711,0.2059307098388672,8.471183776855469,-9.363004684448242,,,,,,,,,,,,,,,,,,,38.905306816101074,-3.432774305343628,-1.2668761610984802,1.405332088470459,-0.13845592737197876,1.0,6.986084258762467e-05,0.448698491740178,0.00020937300751330877,0.7000959310950355,0.9368394873615078,0.44862863089759036,0.0,0.0,0.0
smollm2-135m,coderepair,mbpp-0083-flip_arith-2,-121.72169065475464,-115.43062162399292,,,-27.33520793914795,-44.88628101348877,-6.259186267852783,-14.586943626403809,,,,,,,,,,,,,,,,,-4.657359480857849,-11.935293793678284,,,-110.07107949256897,-143.3179361820221,-122.50938820838928,-116.63904976844788,-5.094136476516724,-12.897870540618896,False,False,,,False,False,False,False,,,,,,,,,,,,,,,,,False,False,,,False,False,False,False,False,False,91.0,91.0,,,78.0,93.0,91.0,91.0,,,,,,,,,,,,,,,,,91.0,91.0,,,78.0,93.0,91.0,91.0,91.0,91.0,182.0,,272.0,,,,,,,,,262.0,,153.0,264.0,-116.2502019405365,-116.2502019405365,117.85202872753143,-1.601826786994934,,,-1.1650497913360596,-0.7876975536346436,-115.46250438690186,102.05210614204407,1.208428144454956,5.870338439941406,-8.327757358551025,6.291069030761719,-14.198095798492432,,,,,,,,,,,,,,,,,,,117.41525173187256,-1.1650497913360596,-1.2774747465993022,1.2950772387640817,-0.017602492164779496,1.0,3.958219187303381e-06,0.9997583441946585,0.0018493517722060217,0.9993098659370641,0.999591958710393,0.9997543859754712,0.0,0.0,0.0
smollm2-135m,coderepair,mbpp-0084-drop_return-0,-41.963942527770996,-58.072882652282715,,,-46.48450517654419,-33.695209980010986,-3.822670102119446,-28.11451005935669,,,,,,,,,,,,,,,,,-2.59045946598053,-24.97735619544983,,,-74.5174388885498,-60.72902488708496,-40.10077476501465,-56.12388038635254,-2.3940765857696533,-27.586678862571716,False,False,,,False,False,False,False,,,,,,,,,,,,,,,,,True,False,,,False,False,False,False,False,False,32.0,51.0,,,53.0,51.0,32.0,51.0,,,,,,,,,,,,,,,,,32.0,51.0,,,53.0,51.0,32.0,51.0,32.0,51.0,162.0,,191.0,,,,,,,,,183.0,,133.0,185.0,-36.2781046628952,-36.2781046628952,37.51031529903412,-1.232210636138916,,,-1.4285935163497925,1.8631677627563477,-38.14127242565155,28.00937032699585,-1.9490022659301758,-16.02310562133789,-24.291839957237244,-16.10894012451172,-8.268734335899353,,,,,,,,,,,,,,,,,,,37.706698179244995,-1.4285935163497925,-1.133690770715475,1.1721973530948162,-0.038506582379341125,1.0,0.999999888935546,0.9999999999716975,0.9999998990802537,0.9999999998105502,0.9999999999885452,1.1103615149554713e-07,0.0,0.0,0.0
smollm2-135m,coderepair,mbpp-0085-undefined_name-1,-65.4721851348877,-36.67233085632324,,,-18.32222604751587,,-5.074140429496765,-7.02996826171875,,,,,,,,,,,,,,,,,-3.051765561103821,-6.09893012046814,,,-43.20828199386597,,-64.89308500289917,-33.823298931121826,-3.420827865600586,-6.217282295227051,False,False,,,False,,False,False,,,,,,,,,,,,,,,,,True,False,,,False,,False,False,False,False,30.0,28.0,,,26.0,,30.0,28.0,,,,,,,,,,,,,,,,,30.0,28.0,,,26.0,,30.0,28.0,30.0,28.0,261.0,,393.0,,,,,,,,,282.0,,234.0,284.0,-59.818944573402405,-59.818944573402405,61.84131944179535,-2.0223748683929443,,,-1.6533125638961792,0.5791001319885254,-60.39804470539093,26.793330669403076,-2.849031925201416,31.069786071777344,-1.9558278322219849,28.799854278564453,-33.02561390399933,,,,,,,,,,,,,,,,,,,61.472257137298584,-1.6533125638961792,-1.9939648191134134,2.0613773147265118,-0.06741249561309814,1.0,3.210161533899926e-14,0.8760793647211487,3.1072930037499815e-13,0.954659954477718,0.942483927173864,0.8760793647211166,0.0,0.0,0.0
smollm2-135m,coderepair,mbpp-0091-flip_bool-0,-53.87707710266113,-45.268205642700195,,,-19.908589839935303,-33.77937459945679,-2.4868010878562927,-8.936263084411621,,,,,,,,,,,,,,,,,-1.975455105304718,-8.838522672653198,,,-50.05116057395935,-67.14393782615662,-54.357309103012085,-42.7560555934906,-1.5548953413963318,-9.074330568313599,False,False,,,False,False,False,False,,,,,,,,,,,,,,,,,True,False,,,False,False,False,False,True,False,34.0,34.0,,,33.0,36.0,34.0,34.0,,,,,,,,,,,,,,,,,34.0,34.0,,,33.0,36.0,34.0,34.0,34.0,34.0,217.0,,264.0,,,,,,,,,240.0,,188.0,242.0,-51.87050801515579,-51.87050801515579,52.38185399770737,-0.5113459825515747,,,-0.9319057464599609,-0.48023200035095215,-51.39027601480484,33.81979250907898,-2.5121500492095947,11.601253509521484,-6.449461996555328,8.608871459960938,-18.050715506076813,,,,,,,,,,,,,,,,,,,52.80241376161575,-0.9319057464599609,-1.5256031769163467,1.540642764638452,-0.015039587722105138,1.0,9.148311042441814e-06,0.9984210970003794,0.00018244643715818385,0.9989553911002524,0.9994578552461644,0.9984119486893369,0.0,0.0,0.0
smollm2-135m,coderepair,mbpp-0094-index_shift-0,-75.03178024291992,-71.53853225708008,,,-19.305755376815796,-28.787702322006226,-4.099573493003845,-7.807764291763306,,,,,,,,,,,,,,,,,-3.9111199378967285,-5.9741387367248535,,,-65.77692127227783,-95.8477144241333,-71.97941303253174,-68.0211763381958,-2.8482824563980103,-5.53661048412323,False,False,,,False,False,False,False,,,,,,,,,,,,,,,,,True,False,,,False,False,False,False,True,False,40.0,39.0,,,36.0,42.0,40.0,39.0,,,,,,,,,,,,,,,,,40.0,39.0,,,36.0,42.0,40.0,39.0,40.0,39.0,260.0,,328.0,,,,,,,,,289.0,,231.0,291.0,-67.8798395395279,-67.8798395395279,68.06829309463501,-0.1884535551071167,,,-1.251291036605835,3.0523672103881836,-70.93220674991608,60.213412046432495,-3.5173559188842773,3.9582366943359375,-3.7081907987594604,3.4932479858398438,-7.666427493095398,,,,,,,,,,,,,,,,,,,69.13113057613373,-1.251291036605835,-1.6969959884881973,1.7017073273658752,-0.004711338877677917,1.0,0.0018270069470291246,0.9760648431897331,0.02950495774311336,0.8872565008377318,0.9363343842269294,0.974237836242704,0.0,0.0,0.0
smollm2-135m,coderepair,mbpp-0096-drop_negation-0,-61.05295658111572,-61.22703266143799,,,-25.05940818786621,-23.418071746826172,-3.776742458343506,-12.805644989013672,,,,,,,,,,,,,,,,,-4.517674922943115,-13.059956312179565,,,-76.05406999588013,-69.88980150222778,-65.03969240188599,-65.57363939285278,-3.3161163330078125,-11.983934164047241,False,False,,,False,False,False,False,,,,,,,,,,,,,,,,,False,False,,,False,False,False,False,False,False,39.0,40.0,,,39.0,40.0,39.0,40.0,,,,,,,,,,,,,,,,,39.0,40.0,,,39.0,40.0,39.0,40.0,39.0,40.0,165.0,,202.0,,,,,,,,,193.0,,136.0,195.0,-61.26294994354248,-61.26294994354248,60.52201747894287,0.7409324645996094,,,-0.46062612533569336,-3.9867358207702637,-57.27621412277222,52.76799440383911,4.346606731414795,-0.5339469909667969,-9.028902530670166,-0.17407608032226562,-8.49495553970337,,,,,,,,,,,,,,,,,,,61.723576068878174,-0.46062612533569336,-1.570844870347243,1.5518466020241761,0.01899826832306691,1.0,0.6273012873843136,0.9998801168507683,0.5434094575443232,0.9998049932559248,0.9998279954882424,0.3725788294664547,0.0,0.0,0.0
smollm2-135m,coderepair,mbpp-0100-drop_reverse-0,-87.46266317367554,-71.19518804550171,,,-17.66151189804077,-35.50167417526245,-4.9471049308776855,-9.156758308410645,,,,,,,,,,,,,,,,,-4.895555377006531,-8.702190041542053,,,-73.68956518173218,-101.2307562828064,-86.66667699813843,-69.55077886581421,-5.24460768699646,-9.192157983779907,False,False,,,False,False,False,False,,,,,,,,,,,,,,,,,False,False,,,False,False,False,False,False,False,54.0,55.0,,,54.0,57.0,54.0,55.0,,,,,,,,,,,,,,,,,54.0,55.0,,,54.0,57.0,54.0,55.0,54.0,55.0,193.0,,251.0,,,,,,,,,236.0,,164.0,238.0,-81.71957206726074,-81.71957206726074,81.7711216211319,-0.051549553871154785,,,0.2975027561187744,0.7959861755371094,-82.51555824279785,60.394020557403564,-1.6444091796875,17.11589813232422,-4.209653377532959,16.267475128173828,-21.325551509857178,,,,,,,,,,,,,,,,,,,81.42206931114197,0.2975027561187744,-1.5133254086529766,1.5142800300209611,-0.0009546213679843479,1.0,3.6290326633420245e-08,0.985362904273999,8.612421569028608e-08,0.9782602778108558,0.9810635814832855,0.9853628679836723,0.0,0.0,0.0
smollm2-135m,coderepair,mbpp-0104-index_shift-0,-50.40423631668091,-50.041828632354736,,,-22.554131031036377,-31.96377992630005,-5.944866299629211,-10.803657531738281,,,,,,,,,,,,,,,,,-6.492924690246582,-11.25115966796875,,,-53.45316171646118,-63.53616952896118,-45.688265323638916,-45.40391397476196,-6.173933029174805,-11.154220581054688,False,False,,,False,False,False,False,,,,,,,,,,,,,,,,,False,False,,,False,False,False,False,False,False,38.0,37.0,,,36.0,40.0,38.0,37.0,,,,,,,,,,,,,,,,,38.0,37.0,,,36.0,40.0,38.0,37.0,38.0,37.0,286.0,,362.0,,,,,,,,,313.0,,257.0,315.0,-39.743399024009705,-39.743399024009705,39.195340633392334,0.5480583906173706,,,0.22906672954559326,4.715970993041992,-44.4593700170517,34.60025644302368,-4.637914657592773,0.2843513488769531,-4.85879123210907,0.3624076843261719,-5.143142580986023,,,,,,,,,,,,,,,,,,,39.51433229446411,0.22906672954559326,-1.045878921684466,1.031456332457693,0.01442258922677291,1.0,0.42930907708843563,0.9922998333836925,0.41037685866302437,0.991492261463909,0.9931748170534325,0.562990756295257,0.0,0.0,0.0
smollm2-135m,coderepair,mbpp-0108-undefined_name-1,-87.09769916534424,-61.77990436553955,,,-19.29183077812195,,-6.459775447845459,-6.725580453872681,,,,,,,,,,,,,,,,,-6.989934921264648,-7.944170236587524,,,-61.188655376434326,,-83.91789197921753,-56.71495771408081,-5.599925518035889,-6.477819919586182,False,False,,,False,,False,False,,,,,,,,,,,,,,,,,False,False,,,False,,False,False,False,False,72.0,70.0,,,66.0,,72.0,70.0,,,,,,,,,,,,,,,,,72.0,70.0,,,66.0,,72.0,70.0,72.0,70.0,578.0,,884.0,,,,,,,,,641.0,,551.0,643.0,-77.45811653137207,-77.45811653137207,76.92795705795288,0.5301594734191895,,,-0.8598499298095703,3.179807186126709,-80.63792371749878,49.98937726020813,-5.06494665145874,27.20293426513672,-0.2658050060272217,25.317794799804688,-27.46873927116394,,,,,,,,,,,,,,,,,,,78.31796646118164,-0.8598499298095703,-1.0758071740468342,1.0684438480271234,0.0073633260197109645,1.0,1.517017646100951e-12,0.566061894913026,1.0106980422974513e-11,0.7219661359596141,0.7063856994254676,0.566061894911509,0.0,0.0,0.0
smollm2-135m,coderepair,mbpp-0109-drop_return-1,-57.798030853271484,-47.37420654296875,,,-18.724157094955444,-35.457834005355835,-6.260422229766846,-5.988030195236206,,,,,,,,,,,,,,,,,-5.408261656761169,-4.64553701877594,,,-55.74036979675293,-75.46259880065918,-55.53401756286621,-44.24193000793457,-5.275436639785767,-5.311111927032471,False,False,,,False,False,False,False,,,,,,,,,,,,,,,,,False,True,,,False,False,False,False,False,False,44.0,45.0,,,49.0,48.0,44.0,45.0,,,,,,,,,,,,,,,,,44.0,45.0,,,49.0,48.0,44.0,45.0,44.0,45.0,196.0,,246.0,,,,,,,,,229.0,,167.0,231.0,-49.273595333099365,-49.273595333099365,50.12575590610504,-0.8521605730056763,,,-0.9849855899810791,2.2640132904052734,-51.53760862350464,38.253899812698364,-3.1322765350341797,11.29208755493164,0.27239203453063965,10.423824310302734,-11.019695520401001,,,,,,,,,,,,,,,,,,,50.258580923080444,-0.9849855899810791,-1.1198544393886218,1.1392217251387509,-0.019367285750129005,1.0,1.2470930626839094e-05,0.4323192263197892,2.9715135597753064e-05,0.3180550103340297,0.508917875997262,0.43230675538916236,0.0,0.0,0.0
smollm2-135m,coderepair,mbpp-0113-flip_comparison-0,-123.72836494445801,-122.88308143615723,,,-22.05261993408203,,-4.808559775352478,-11.311445236206055,,,,,,,,,,,,,,,,,-3.6768274307250977,-9.128796577453613,,,-131.42224073410034,,-126.09958600997925,-125.92758893966675,-3.4725852012634277,-9.164660930633545,False,False,,,False,,False,False,,,,,,,,,,,,,,,,,True,False,,,False,,False,False,True,False,118.0,118.0,,,117.0,,118.0,118.0,,,,,,,,,,,,,,,,,118.0,118.0,,,117.0,,118.0,118.0,118.0,118.0,165.0,,280.0,,,,,,,,,272.0,,136.0,274.0,-121.29102623462677,-121.29102623462677,122.42275857925415,-1.1317323446273804,,,-1.3359745740890503,-2.3712210655212402,-118.91980516910553,114.6161437034607,3.0445075035095215,0.1719970703125,-6.502885460853577,0.8452835083007812,-6.674882531166077,,,,,,,,,,,,,,,,,,,122.62700080871582,-1.3359745740890503,-1.0278900528358201,1.0374810049089336,-0.009590952073113394,1.0,0.45608908063077086,0.9985031042911763,0.30042318428348436,0.9957304542239904,0.9966387509737645,0.5424140236604054,0.0,0.0,0.0
smollm2-135m,coderepair,mbpp-0115-drop_negation-0,-61.901695251464844,-62.69205856323242,,,-23.683435440063477,-32.50324249267578,-6.202541828155518,-14.39535903930664,,,,,,,,,,,,,,,,,-5.627701759338379,-13.232306480407715,,,-64.37204384803772,-73.60285210609436,-56.72712731361389,-57.88985848426819,-5.8482853174209595,-13.677411198616028,False,False,,,False,False,False,False,,,,,,,,,,,,,,,,,False,False,,,False,False,False,False,False,False,27.0,28.0,,,25.0,30.0,27.0,28.0,,,,,,,,,,,,,,,,,27.0,28.0,,,25.0,30.0,27.0,28.0,27.0,28.0,172.0,,200.0,,,,,,,,,188.0,,143.0,190.0,-50.524585485458374,-50.524585485458374,51.09942555427551,-0.5748400688171387,,,-0.3542565107345581,5.174567937850952,-55.699153423309326,43.49449944496155,-4.802200078964233,-1.1627311706542969,-8.192817211151123,-0.7903633117675781,-7.030086040496826,,,,,,,,,,,,,,,,,,,50.87884199619293,-0.3542565107345581,-1.8712809439058657,1.892571316825019,-0.021290372919153283,1.0,0.7615510065933907,0.99972341747032,0.6879093353404027,0.9995020957404515,0.9996021851155112,0.2381724108769293,0.0,0.0,0.0
smollm2-135m,coderepair,mbpp-0117-drop_return-1,-103.67547750473022,-94.15438222885132,,,-21.50247621536255,-31.101105213165283,-5.653804302215576,-7.900816917419434,,,,,,,,,,,,,,,,,-6.119413614273071,-7.847392559051514,,,-101.45399188995361,-114.4213457107544,-102.5042085647583,-91.2725419998169,-4.896639823913574,-7.580340147018433,False,False,,,False,False,False,False,,,,,,,,,,,,,,,,,False,False,,,False,False,False,False,False,False,77.0,78.0,,,78.0,80.0,77.0,78.0,,,,,,,,,,,,,,,,,77.0,78.0,,,78.0,80.0,77.0,78.0,77.0,78.0,394.0,,543.0,,,,,,,,,460.0,,365.0,462.0,-96.85040426254272,-96.85040426254272,96.38479495048523,0.4656093120574951,,,-0.757164478302002,1.1712689399719238,-98.02167320251465,83.37172508239746,-2.881840229034424,11.231666564941406,-2.2470126152038574,9.521095275878906,-13.478679180145264,,,,,,,,,,,,,,,,,,,97.60756874084473,-0.757164478302002,-1.2577974579551003,1.2517505837725353,0.006046874182564872,1.0,1.3247288367887254e-05,0.9043924306507896,7.32839773840909e-05,0.8491537225398385,0.936057958413949,0.9043791833624216,0.0,0.0,0.0
smollm2-135m,coderepair,mbpp-0119-off_by_one-0,-62.064218521118164,-60.71120643615723,,,-21.48273754119873,-38.36444568634033,-3.147293210029602,-10.537644386291504,,,,,,,,,,,,,,,,,-3.6292093992233276,-10.374641299247742,,,-58.869812965393066,-90.21353244781494,-62.644124031066895,-61.20472812652588,-3.0711792707443237,-10.3484445810318,False,False,,,False,False,False,False,,,,,,,,,,,,,,,,,False,False,,,False,False,False,False,False,False,47.0,44.0,,,40.0,46.0,47.0,44.0,,,,,,,,,,,,,,,,,47.0,44.0,,,40.0,46.0,47.0,44.0,47.0,44.0,201.0,,252.0,,,,,,,,,237.0,,172.0,239.0,-59.49683082103729,-59.49683082103729,59.01491463184357,0.4819161891937256,,,-0.07611393928527832,-0.5799055099487305,-58.91692531108856,50.667083740234375,0.49352169036865234,1.4393959045410156,-7.390351176261902,1.3530120849609375,-8.829747080802917,,,,,,,,,,,,,,,,,,,59.57294476032257,-0.07611393928527832,-1.2658900174688785,1.2556364815285865,0.010253535940292035,1.0,0.02049783933645945,0.9993831906221035,0.205378369030888,0.9988251413650994,0.9993094044001093,0.978885351285644,0.0,0.0,0.0
smollm2-135m,coderepair,mbpp-0123-drop_negation-0,-186.97949981689453,-176.3356704711914,,,-27.717231273651123,-34.13306188583374,-5.125735521316528,-15.63971757888794,,,,,,,,,,,,,,,,,-4.697884559631348,-14.220975399017334,,,-187.94226717948914,-190.43248629570007,-188.38468050956726,-177.64363741874695,-4.641281366348267,-15.509566307067871,False,False,,,False,False,False,False,,,,,,,,,,,,,,,,,False,False,,,False,False,False,False,False,False,172.0,173.0,,,168.0,175.0,172.0,173.0,,,,,,,,,,,,,,,,,172.0,173.0,,,168.0,175.0,172.0,173.0,172.0,173.0,182.0,,357.0,,,,,,,,,343.0,,153.0,345.0,-183.25894498825073,-183.25894498825073,183.6867959499359,-0.42785096168518066,,,-0.4844541549682617,-1.4051806926727295,-181.853764295578,162.003919839859,1.307966947555542,10.741043090820312,-10.513982057571411,10.643829345703125,-21.255025148391724,,,,,,,,,,,,,,,,,,,183.743399143219,-0.4844541549682617,-1.0654589824898297,1.0679464880810228,-0.0024875055911929107,1.0,2.1637098390770588e-05,0.9999728464703972,2.3846974763757638e-05,0.9999268621089401,0.9999809473430478,0.9999512093720064,0.0,0.0,0.0
smollm2-135m,coderepair,mbpp-0127-undefined_name-1,-56.61423587799072,-42.08968448638916,,,-16.63196039199829,-20.216237545013428,-6.814904034137726,-13.32949686050415,,,,,,,,,,,,,,,,,-2.7897311449050903,-8.140147089958191,,,-33.70122671127319,-44.25912809371948,-54.50812101364136,-38.55072736740112,-1.9078903198242188,-7.203614950180054,False,False,,,False,False,False,False,,,,,,,,,,,,,,,,,True,False,,,False,False,False,False,True,False,69.0,67.0,,,54.0,67.0,69.0,67.0,,,,,,,,,,,,,,,,,69.0,67.0,,,54.0,67.0,69.0,67.0,69.0,67.0,163.0,,308.0,,,,,,,,,223.0,,136.0,225.0,-47.69321697950363,-47.69321697950363,51.71838986873627,-4.0251728892326355,,,-4.907013714313507,2.1061148643493652,-49.799331843853,25.221230506896973,-3.538957118988037,15.957393646240234,-6.514592826366425,14.524551391601562,-22.47198647260666,,,,,,,,,,,,,,,,,,,52.60023069381714,-4.907013714313507,-0.691206043181212,0.749541882155598,-0.058335838974386024,1.0,9.126014461789785e-10,0.9984646748364431,4.921157500882442e-07,0.9952762433423831,0.9950120241246067,0.9984646739238416,0.0,0.0,0.0
smollm2-135m,coderepair,mbpp-0128-undefined_name-1,-88.41209411621094,-60.680877685546875,,,-25.86999750137329,,-8.596668243408203,-11.619505882263184,,,,,,,,,,,,,,,,,-4.921961545944214,-9.546478033065796,,,-70.72245359420776,,-88.86907529830933,-59.556106090545654,-4.937424421310425,-9.140740871429443,False,False,,,False,,False,False,,,,,,,,,,,,,,,,,False,False,,,False,,False,False,False,False,55.0,52.0,,,49.0,,55.0,52.0,,,,,,,,,,,,,,,,,55.0,52.0,,,49.0,,55.0,52.0,55.0,52.0,192.0,,327.0,,,,,,,,,238.0,,165.0,240.0,-80.27240705490112,-80.27240705490112,83.94711375236511,-3.6747066974639893,,,-3.6592438220977783,-0.45698118209838867,-79.81542587280273,47.93660020828247,-1.1247715950012207,29.312969207763672,-3.0228376388549805,27.731216430664062,-32.33580684661865,,,,,,,,,,,,,,,,,,,83.9316508769989,-3.6592438220977783,-1.4594983100891112,1.5263111591339111,-0.06681284904479981,1.0,1.8600862526851176e-13,0.9535952279223814,9.046607072118297e-13,0.990286873816211,0.9852741641553822,0.9535952279221954,0.0,0.0,0.0
smollm2-135m,coderepair,mbpp-0129-flip_comparison2-0,-215.1171956062317,-211.06130266189575,,,-22.5615177154541,-34.52120399475098,-6.062907695770264,-10.766088962554932,,,,,,,,,,,,,,,,,-7.320973873138428,-11.92886209487915,,,-217.31265258789062,-224.90528869628906,-212.71556091308594,-208.5670623779297,-7.3192973136901855,-11.985665798187256,False,False,,,False,False,False,False,,,,,,,,,,,,,,,,,False,False,,,False,False,False,False,False,False,179.0,179.0,,,178.0,181.0,179.0,179.0,,,,,,,,,,,,,,,,,179.0,179.0,,,178.0,181.0,179.0,179.0,179.0,179.0,266.0,,496.0,,,,,,,,,434.0,,237.0,436.0,-206.65265321731567,-206.65265321731567,205.3945870399475,1.258066177368164,,,1.2563896179199219,2.401634693145752,-209.05428791046143,197.80097341537476,-2.4942402839660645,4.14849853515625,-4.703181266784668,4.0558929443359375,-8.851679801940918,,,,,,,,,,,,,,,,,,,205.39626359939575,1.2563896179199219,-1.1544840961861211,1.1474557935192597,0.007028302666861252,1.0,0.015540277795569175,0.9910150051432588,0.017025132059278966,0.9901256192352421,0.9906812882776405,0.9754747273476896,0.0,0.0,0.0
smollm2-135m,coderepair,mbpp-0131-index_shift-0,-87.65263080596924,-85.72257709503174,,,-23.75999355316162,-34.879305839538574,-5.719582557678223,-8.975542068481445,,,,,,,,,,,,,,,,,-5.565227270126343,-8.220144748687744,,,-97.62928366661072,-107.25764060020447,-87.87670493125916,-85.94770407676697,-6.281874895095825,-9.329694986343384,False,False,,,False,False,False,False,,,,,,,,,,,,,,,,,False,False,,,False,False,False,False,False,False,108.0,108.0,,,105.0,110.0,108.0,108.0,,,,,,,,,,,,,,,,,108.0,108.0,,,105.0,110.0,108.0,108.0,108.0,108.0,181.0,,291.0,,,,,,,,,278.0,,152.0,280.0,-82.15712237358093,-82.15712237358093,82.31147766113281,-0.15435528755187988,,,0.5622923374176025,-0.224074125289917,-81.93304824829102,76.97216200828552,0.2251269817352295,1.9290008544921875,-3.2559595108032227,1.9300537109375,-5.18496036529541,,,,,,,,,,,,,,,,,,,81.59483003616333,0.5622923374176025,-0.7607140960516753,0.7621433116771557,-0.0014292156254803693,1.0,0.12686027584277773,0.9628866562428169,0.12674463525315754,0.9343134305560282,0.9546883202780457,0.8360263804000392,0.0,0.0,0.0
smollm2-135m,coderepair,mbpp-0140-drop_negation-0,-91.33415794372559,-83.31493949890137,,,-22.306066513061523,-31.83839225769043,-4.472365856170654,-8.86422348022461,,,,,,,,,,,,,,,,,-4.968802452087402,-9.246360063552856,,,-86.8430643081665,-112.78259372711182,-90.34511661529541,-82.20693302154541,-4.187959551811218,-8.767870306968689,False,False,,,False,False,False,False,,,,,,,,,,,,,,,,,False,False,,,False,False,False,False,False,False,59.0,59.0,,,56.0,62.0,59.0,59.0,,,,,,,,,,,,,,,,,59.0,59.0,,,56.0,62.0,59.0,59.0,59.0,59.0,297.0,,393.0,,,,,,,,,345.0,,268.0,347.0,-85.87275075912476,-85.87275075912476,85.37631416320801,0.49643659591674805,,,-0.28440630435943604,0.9890413284301758,-86.86179208755493,73.3427095413208,-1.108006477355957,8.13818359375,-4.391857624053955,8.019218444824219,-12.530041217803955,,,,,,,,,,,,,,,,,,,86.15715706348419,-0.28440630435943604,-1.4554703518495722,1.4470561722577628,0.008414179591809288,1.0,0.0002892783019970992,0.9877736023844147,0.00032896885813474264,0.9863134095771672,0.9898483023638562,0.9874843240824176,0.0,0.0,0.0
smollm2-135m,coderepair,mbpp-0145-off_by_one-0,-65.89190149307251,-57.13649225234985,,,-22.30994486808777,-39.715256452560425,-6.6864237785339355,-9.815834760665894,,,,,,,,,,,,,,,,,-5.919373273849487,-7.861347913742065,,,-59.30791234970093,-84.01260900497437,-63.119237422943115,-53.82393407821655,-5.724128723144531,-8.203770399093628,False,False,,,False,False,False,False,,,,,,,,,,,,,,,,,False,False,,,False,False,False,False,False,False,81.0,77.0,,,70.0,80.0,81.0,77.0,,,,,,,,,,,,,,,,,81.0,77.0,,,70.0,80.0,81.0,77.0,81.0,77.0,192.0,,281.0,,,,,,,,,262.0,,163.0,264.0,-56.43281364440918,-56.43281364440918,57.19986414909363,-0.7670505046844482,,,-0.9622950553894043,2.7726640701293945,-59.205477714538574,44.00809931755066,-3.312558174133301,9.295303344726562,-3.129410982131958,8.755409240722656,-12.42471432685852,,,,,,,,,,,,,,,,,,,57.395108699798584,-0.9622950553894043,-0.6967014030173972,0.7061711623344893,-0.009469759317091953,1.0,9.146638847451339e-05,0.9580895975041613,0.00015758164787923234,0.8745689180440969,0.922702245055027,0.9579981311156869,0.0,0.0,0.0
smollm2-135m,coderepair,mbpp-0160-flip_arith-0,-80.13757514953613,-70.87171363830566,,,,,-4.163243770599365,-8.33080506324768,,,,,,,,,,,,,,,,,-2.976306676864624,-6.729331135749817,,,,,-78.32429313659668,-68.6466121673584,-3.218307852745056,-7.352184057235718,False,False,,,,,False,False,,,,,,,,,,,,,,,,,True,False,,,,,False,False,False,False,73.0,73.0,,,,,73.0,73.0,,,,,,,,,,,,,,,,,73.0,73.0,,,,,73.0,73.0,73.0,73.0,205.0,,286.0,,,,,,,,,267.0,,176.0,269.0,-74.16104936599731,-74.16104936599731,75.34798645973206,-1.1869370937347412,,,-0.9449359178543091,1.8132820129394531,-75.97433137893677,60.31580710411072,-2.2251014709472656,9.677680969238281,-4.167561292648315,9.265861511230469,-13.845242261886597,,,,,,,,,,,,,,,,,,,75.10598528385162,-0.9449359178543091,-1.0159047858355796,1.0321641980785212,-0.01625941224294166,1.0,6.266273444833058e-05,0.9847462901564072,9.459025442666635e-05,0.9770904295403271,0.9842319555015745,0.9846836274219589,0.0,0.0,0.0
smollm2-135m,coderepair,mbpp-0161-drop_negation-0,-19.530561923980713,-18.627609729766846,,,-18.9740891456604,-31.319878101348877,-4.135905504226685,-8.187776565551758,,,,,,,,,,,,,,,,,-4.430220365524292,-8.498207569122314,,,-22.683525323867798,-35.58883500099182,-14.625221490859985,-13.526543855667114,-2.0713492035865784,-6.647386431694031,False,False,,,False,False,False,False,,,,,,,,,,,,,,,,,False,False,,,False,False,False,False,True,False,30.0,31.0,,,30.0,33.0,30.0,31.0,,,,,,,,,,,,,,,,,30.0,31.0,,,30.0,33.0,30.0,31.0,30.0,31.0,337.0,,422.0,,,,,,,,,356.0,,308.0,358.0,-10.4893159866333,-10.4893159866333,10.195001125335693,0.2943148612976074,,,-2.064556300640106,4.9053404331207275,-15.394656419754028,5.3387672901153564,-5.1010658740997314,1.098677635192871,-4.051871061325073,0.9029521942138672,-5.150548696517944,,,,,,,,,,,,,,,,,,,12.553872287273407,-2.064556300640106,-0.34964386622111004,0.3398333708445231,0.009810495376586913,1.0,0.24996797223546988,0.9829070822642906,0.28844419857806347,0.9831760908779718,0.9898093047354757,0.7329391100288207,0.0,0.0,0.0
smollm2-135m,coderepair,mbpp-0162-flip_comparison-0,-23.320109844207764,-22.711080074310303,,,-18.958229541778564,-24.268028736114502,-3.1985429525375366,-8.852405071258545,,,,,,,,,,,,,,,,,-3.4555633664131165,-8.266806602478027,,,-26.799904823303223,-33.90004062652588,-22.29092311859131,-21.55976390838623,-2.2511061131954193,-7.80952000617981,False,False,,,False,False,False,False,,,,,,,,,,,,,,,,,False,False,,,False,False,False,False,False,False,34.0,34.0,,,23.0,36.0,34.0,34.0,,,,,,,,,,,,,,,,,34.0,34.0,,,23.0,36.0,34.0,34.0,34.0,34.0,205.0,,238.0,,,,,,,,,228.0,,176.0,230.0,-19.092380166053772,-19.092380166053772,18.835359752178192,0.25702041387557983,,,-0.9474368393421173,1.029186725616455,-20.121566891670227,12.707358837127686,-1.1513161659240723,0.7311592102050781,-5.653862118721008,0.6090297698974609,-6.385021328926086,,,,,,,,,,,,,,,,,,,20.03981700539589,-0.9474368393421173,-0.5615405931192285,0.5539811691817116,0.007559423937517054,1.0,0.32378112053632363,0.9965081341333869,0.3522805522774491,0.9919279519196524,0.9961599172677753,0.6727270135970633,0.0,0.0,0.0
smollm2-135m,coderepair,mbpp-0167-flip_comparison-0,-107.30180644989014,-81.61105632781982,,,-57.32608461380005,-25.86806344985962,-8.538376331329346,-20.480024814605713,,,,,,,,,,,,,,,,,-5.19119131565094,-16.509292006492615,,,-118.78060865402222,-78.11080884933472,-106.04557752609253,-79.61708784103394,-6.0331761837005615,-17.451347589492798,False,False,,,False,False,False,False,,,,,,,,,,,,,,,,,False,False,,,False,False,False,False,False,False,60.0,58.0,,,59.0,58.0,60.0,58.0,,,,,,,,,,,,,,,,,60.0,58.0,,,59.0,58.0,60.0,58.0,60.0,58.0,181.0,,257.0,,,,,,,,,232.0,,154.0,234.0,-97.50720119476318,-97.50720119476318,100.85438621044159,-3.3471850156784058,,,-2.505200147628784,1.2562289237976074,-98.76343011856079,59.13706302642822,-1.9939684867858887,26.428489685058594,-11.941648483276367,25.690750122070312,-38.37013816833496,,,,,,,,,,,,,,,,,,,100.01240134239197,-2.505200147628784,-1.6251200199127198,1.6809064368406932,-0.05578641692797343,1.0,6.040983116501462e-13,0.9999934568673687,6.960637004903172e-12,0.9999878491671323,0.9999890062364905,0.9999934568667647,0.0,0.0,0.0
smollm2-135m,coderepair,mbpp-0170-off_by_one-0,-107.45080614089966,-83.58407640457153,,,-38.137661933898926,-47.85212802886963,-20.493462562561035,-23.827284812927246,,,,,,,,,,,,,,,,,-17.19748020172119,-19.34645175933838,,,-91.07501935958862,-109.08519697189331,-103.2047266960144,-77.81254529953003,-16.22092914581299,-18.388906478881836,False,False,,,False,False,False,False,,,,,,,,,,,,,,,,,False,False,,,False,False,False,False,False,False,70.0,66.0,,,63.0,69.0,70.0,66.0,,,,,,,,,,,,,,,,,70.0,66.0,,,63.0,69.0,70.0,66.0,70.0,66.0,272.0,,459.0,,,,,,,,,333.0,,245.0,335.0,-82.71126413345337,-82.71126413345337,86.00724649429321,-3.2959823608398438,,,-4.272533416748047,4.246079444885254,-86.95734357833862,53.98526048660278,-5.771531105041504,25.392181396484375,-3.333822250366211,23.866729736328125,-28.726003646850586,,,,,,,,,,,,,,,,,,,86.98379755020142,-4.272533416748047,-1.1815894876207624,1.2286749499184744,-0.04708546229771205,1.0,9.382422396586336e-12,0.9655710411215548,4.313313001012015e-11,0.8955726337145168,0.8973367811315227,0.9655710411121724,0.0,0.0,0.0
smollm2-135m,coderepair,mbpp-0172-flip_arith-2,-55.774702072143555,-44.52890205383301,,,-21.68140935897827,-26.415832042694092,-3.789647161960602,-7.365233898162842,,,,,,,,,,,,,,,,,-3.925512671470642,-6.7902512550354,,,-55.23603940010071,-64.44593548774719,-54.9355366230011,-42.65277600288391,-3.57193660736084,-7.057430744171143,False,False,,,False,False,False,False,,,,,,,,,,,,,,,,,True,False,,,False,False,False,False,False,False,70.0,70.0,,,69.0,72.0,70.0,70.0,,,,,,,,,,,,,,,,,70.0,70.0,,,69.0,72.0,70.0,70.0,70.0,70.0,217.0,,291.0,,,,,,,,,276.0,,188.0,278.0,-51.1458894610405,-51.1458894610405,51.01002395153046,0.13586550951004028,,,-0.21771055459976196,0.839165449142456,-51.98505491018295,35.28754210472107,-1.8761260509490967,12.282760620117188,-3.57558673620224,11.245800018310547,-15.858347356319427,,,,,,,,,,,,,,,,,,,51.36360001564026,-0.21771055459976196,-0.73065556372915,0.7287146278790065,0.0019409358501434326,1.0,4.630856673776029e-06,0.9727635826714055,1.3061872335452306e-05,0.9460755575501865,0.9702722034920588,0.9727589518147317,0.0,0.0,0.0
smollm2-135m,coderepair,mbpp-0223-flip_bool-1,-179.94366693496704,-172.1340355873108,,,-25.956161975860596,-42.73228120803833,-9.231717586517334,-16.526206493377686,,,,,,,,,,,,,,,,,-12.67646312713623,-20.193636417388916,,,-161.2386634349823,-186.3484046459198,-172.2306830883026,-162.7787787914276,-12.180388927459717,-19.80298662185669,False,False,,,False,False,False,False,,,,,,,,,,,,,,,,,False,False,,,False,False,False,False,False,False,201.0,201.0,,,201.0,203.0,201.0,201.0,,,,,,,,,,,,,,,,,201.0,201.0,,,201.0,203.0,201.0,201.0,201.0,201.0,295.0,,519.0,,,,,,,,,485.0,,266.0,487.0,-162.99896550178528,-162.99896550178528,159.55421996116638,3.4447455406188965,,,2.948671340942383,7.712983846664429,-170.7119493484497,146.25257229804993,-9.355256795883179,9.451904296875,-7.294488906860352,7.80963134765625,-16.74639320373535,,,,,,,,,,,,,,,,,,,160.0502941608429,2.948671340942383,-0.8109401268745536,0.7938020893590367,0.0171380375155169,1.0,1.3863546469122484e-05,0.9993211346274664,0.00040564300915402326,0.9994566282282079,0.9995109700602841,0.9993072710809973,0.0,0.0,0.0
smollm2-135m,coderepair,mbpp-0226-flip_arith-2,-43.2527551651001,-31.371548652648926,,,-26.622354984283447,-41.63596963882446,-10.174614429473877,-11.691938877105713,,,,,,,,,,,,,,,,,-5.106384515762329,-5.645685911178589,,,-45.53396654129028,-64.0605320930481,-45.76818513870239,-33.48344850540161,-4.8698036670684814,-5.500990867614746,False,False,,,False,False,False,False,,,,,,,,,,,,,,,,,False,False,,,False,False,False,False,False,False,46.0,46.0,,,45.0,48.0,46.0,46.0,,,,,,,,,,,,,,,,,46.0,46.0,,,45.0,48.0,46.0,46.0,46.0,46.0,193.0,,320.0,,,,,,,,,230.0,,166.0,232.0,-35.593570709228516,-35.593570709228516,40.66180062294006,-5.068229913711548,,,-5.3048107624053955,-2.515429973602295,-33.07814073562622,21.7915096282959,2.1118998527526855,12.284736633300781,-1.517324447631836,11.881206512451172,-13.802061080932617,,,,,,,,,,,,,,,,,,,40.89838147163391,-5.3048107624053955,-0.7737732762875764,0.8839521874552188,-0.11017891116764235,1.0,4.621703968462391e-06,0.8201441055872782,6.919179036931257e-06,0.6316498895451574,0.6527586075556772,0.8201394838833098,0.0,0.0,0.0
smollm2-135m,coderepair,mbpp-0228-flip_comparison-0,-132.7950930595398,-103.01702451705933,,,-37.857704639434814,-36.81366014480591,-10.612470149993896,-25.71542978286743,,,,,,,,,,,,,,,,,-4.605142116546631,-21.940033674240112,,,-108.02293395996094,-109.45921325683594,-131.91741943359375,-100.96148681640625,-5.485023498535156,-23.273406267166138,False,False,,,False,False,False,False,,,,,,,,,,,,,,,,,False,False,,,False,False,False,False,False,False,75.0,74.0,,,74.0,73.0,75.0,74.0,,,,,,,,,,,,,,,,,75.0,74.0,,,74.0,73.0,75.0,74.0,75.0,74.0,212.0,,322.0,,,,,,,,,278.0,,185.0,280.0,-121.30494928359985,-121.30494928359985,127.31227731704712,-6.007328033447266,,,-5.12744665145874,0.8776736259460449,-122.1826229095459,75.24605703353882,-2.055537700653076,30.9559326171875,-15.102959632873535,29.77806854248047,-46.058892250061035,,,,,,,,,,,,,,,,,,,126.4323959350586,-5.12744665145874,-1.6173993237813313,1.6974970308939616,-0.08009770711263021,1.0,3.593755586178784e-14,0.9999997240205527,1.168285940413127e-13,0.999999970382238,0.999999981180698,0.9999997240205167,0.0,0.0,0.0
smollm2-135m,coderepair,mbpp-0235-flip_comparison2-1,-110.53522396087646,-102.3402853012085,,,-41.65891933441162,-27.586411476135254,-8.547264575958252,-14.54798698425293,,,,,,,,,,,,,,,,,-6.393644332885742,-12.282745838165283,,,-124.32275319099426,-101.46815419197083,-107.81349873542786,-99.81161427497864,-6.2952656745910645,-12.37427568435669,False,False,,,False,False,False,False,,,,,,,,,,,,,,,,,False,False,,,False,False,False,False,False,False,71.0,70.0,,,72.0,65.0,71.0,70.0,,,,,,,,,,,,,,,,,71.0,70.0,,,72.0,65.0,71.0,70.0,71.0,70.0,178.0,,246.0,,,,,,,,,242.0,,153.0,244.0,-99.2662341594696,-99.2662341594696,101.41985440254211,-2.1536202430725098,,,-2.2519989013671875,2.7217252254486084,-101.98795938491821,85.26362729072571,-2.5286710262298584,8.001884460449219,-6.000722408294678,8.194938659667969,-14.002606868743896,,,,,,,,,,,,,,,,,,,101.51823306083679,-2.2519989013671875,-1.3981159740770366,1.4284486535569312,-0.030332679479894504,1.0,0.00028110303386256124,0.9975291526687539,0.00027597102799682146,0.9972381848194353,0.9977147910937186,0.9972480496348913,0.0,0.0,0.0
smollm2-135m,coderepair,mbpp-0239-off_by_one-1,-147.2164101600647,-127.55873346328735,,,-31.287710189819336,-34.971303939819336,-10.950597763061523,-19.24934959411621,,,,,,,,,,,,,,,,,-5.585938215255737,-13.18490719795227,,,-126.62277269363403,-135.28300523757935,-145.94851732254028,-125.5189061164856,-6.430356740951538,-13.993971347808838,False,False,,,False,False,False,False,,,,,,,,,,,,,,,,,False,False,,,False,False,False,False,False,False,162.0,159.0,,,160.0,153.0,162.0,159.0,,,,,,,,,,,,,,,,,162.0,159.0,,,160.0,153.0,162.0,159.0,162.0,159.0,227.0,,467.0,,,,,,,,,380.0,,200.0,382.0,-134.99791955947876,-134.99791955947876,140.36257910728455,-5.364659547805786,,,-4.520241022109985,1.267892837524414,-136.26581239700317,106.26955652236938,-2.039827346801758,20.429611206054688,-8.298751831054688,19.657676696777344,-28.728363037109375,,,,,,,,,,,,,,,,,,,139.51816058158875,-4.520241022109985,-0.8333204911078935,0.8664356735017564,-0.03311518239386288,1.0,1.0072666540163934e-09,0.9997512331802814,2.90254847992373e-09,0.9994992831693372,0.9994812733337267,0.9997512321730148,0.0,0.0,0.0
smollm2-135m,coderepair,mbpp-0247-off_by_one-0,-151.29860639572144,-142.74114179611206,,,-33.855525493621826,-46.57941389083862,-10.513022661209106,-18.070695400238037,,,,,,,,,,,,,,,,,-5.167775511741638,-11.087356209754944,,,-141.85203385353088,-156.87702775001526,-142.71951127052307,-134.58036637306213,-7.253014326095581,-13.609713077545166,False,False,,,False,False,False,False,,,,,,,,,,,,,,,,,False,False,,,False,False,False,False,False,False,204.0,201.0,,,193.0,203.0,204.0,201.0,,,,,,,,,,,,,,,,,204.0,201.0,,,193.0,203.0,204.0,201.0,204.0,201.0,184.0,,450.0,,,,,,,,,379.0,,157.0,381.0,-132.20648860931396,-132.20648860931396,137.55173575878143,-5.345247149467468,,,-3.2600083351135254,8.579095125198364,-140.78558373451233,116.5096709728241,-8.160775423049927,8.139144897460938,-7.557672739028931,8.557464599609375,-15.696817636489868,,,,,,,,,,,,,,,,,,,135.4664969444275,-3.2600083351135254,-0.6480710225946763,0.6742732145038306,-0.026202191909154255,1.0,0.00029159892337823765,0.9994781834935952,0.00019206884415433722,0.9973208706927763,0.9982679200911267,0.9991865845702169,0.0,0.0,0.0
smollm2-135m,coderepair,mbpp-0272-index_shift-0,-60.858120918273926,-56.504326820373535,,,-23.681679725646973,-32.05077838897705,-4.865512013435364,-12.216034889221191,,,,,,,,,,,,,,,,,-4.988024711608887,-10.080941200256348,,,-56.49185919761658,-77.71144080162048,-59.031612157821655,-54.55385184288025,-3.294851064682007,-9.225407600402832,False,False,,,False,False,False,False,,,,,,,,,,,,,,,,,False,False,,,False,False,False,False,False,False,31.0,30.0,,,27.0,33.0,31.0,30.0,,,,,,,,,,,,,,,,,31.0,30.0,,,27.0,33.0,31.0,30.0,31.0,30.0,297.0,,367.0,,,,,,,,,317.0,,268.0,319.0,-54.16610014438629,-54.16610014438629,54.04358744621277,0.12251269817352295,,,-1.570660948753357,1.8265087604522705,-55.99260890483856,42.33781695365906,-1.9504749774932861,4.477760314941406,-7.350522875785828,4.353794097900391,-11.828283190727234,,,,,,,,,,,,,,,,,,,55.73676109313965,-1.570660948753357,-1.7472935530447191,1.7433415305229925,0.003952022521726547,1.0,0.009831506180656964,0.9993581490499578,0.012694707913080206,0.993897384330198,0.9973500380961394,0.9895266428693008,0.0,0.0,0.0
smollm2-135m,coderepair,mbpp-0274-flip_comparison-0,-71.80991077423096,-41.76879596710205,,,-12.130204796791077,,-4.6682552099227905,-15.2751966714859,,,,,,,,,,,,,,,,,-2.445363938808441,-12.39154714345932,,,-32.86275863647461,,-70.84759140014648,-40.20684814453125,-2.9096338748931885,-13.141860842704773,False,False,,,False,,False,False,,,,,,,,,,,,,,,,,True,False,,,False,,False,False,True,False,31.0,29.0,,,20.0,,31.0,29.0,,,,,,,,,,,,,,,,,31.0,29.0,,,20.0,,31.0,29.0,31.0,29.0,192.0,,241.0,,,,,,,,,214.0,,165.0,216.0,-66.1793361902237,-66.1793361902237,68.40222746133804,-2.2228912711143494,,,-1.758621335029602,0.9623193740844727,-67.14165556430817,24.93165147304535,-1.5619478225708008,30.640743255615234,-10.60694146156311,30.041114807128906,-41.247684717178345,,,,,,,,,,,,,,,,,,,67.9379575252533,-1.758621335029602,-2.134817296458829,2.2065234664947755,-0.07170617003594676,1.0,3.1850488435812436e-17,0.9994010802916184,8.980688006366946e-14,0.9999520921466354,0.9999640097668855,0.9994010802916184,0.0,0.0,0.0
smollm2-135m,coderepair,mbpp-0280-flip_arith-3,-64.53875494003296,-56.75878286361694,,,-12.64372181892395,-19.751866579055786,-4.137231230735779,-6.2332844734191895,,,,,,,,,,,,,,,,,-4.335002422332764,-5.218617916107178,,,-63.038841009140015,-62.682456731796265,-63.33710837364197,-55.37325644493103,-2.8432302474975586,-4.380367994308472,False,False,,,False,False,False,False,,,,,,,,,,,,,,,,,False,False,,,False,False,False,False,False,False,61.0,61.0,,,61.0,58.0,61.0,61.0,,,,,,,,,,,,,,,,,61.0,61.0,,,61.0,58.0,61.0,61.0,61.0,61.0,300.0,,394.0,,,,,,,,,350.0,,271.0,352.0,-59.19987714290619,-59.19987714290619,59.002105951309204,0.19777119159698486,,,-1.2940009832382202,1.2016465663909912,-60.40152370929718,49.13997197151184,-1.385526418685913,7.9638519287109375,-2.0960532426834106,7.779972076416016,-10.059905171394348,,,,,,,,,,,,,,,,,,,60.49387812614441,-1.2940009832382202,-0.9704897892279704,0.9672476385460526,0.0032421506819177845,1.0,0.00034729476506860086,0.8903585689412449,0.0004178491762518519,0.707570879596452,0.8230482525370167,0.8900112741761763,0.0,0.0,0.0
smollm2-135m,coderepair,mbpp-0281-flip_comparison2-0,-37.78012275695801,-34.57328796386719,,,-22.410183429718018,-23.096130847930908,-3.9276596307754517,-13.056904315948486,,,,,,,,,,,,,,,,,-1.6837397515773773,-10.491577625274658,,,-41.62571716308594,-40.60909652709961,-37.72126388549805,-35.051639556884766,-1.4176318943500519,-10.286098420619965,False,False,,,False,False,False,False,,,,,,,,,,,,,,,,,True,False,,,False,False,False,False,True,False,32.0,32.0,,,32.0,31.0,32.0,32.0,,,,,,,,,,,,,,,,,32.0,32.0,,,32.0,31.0,32.0,32.0,32.0,32.0,183.0,,216.0,,,,,,,,,204.0,,154.0,206.0,-33.793604254722595,-33.793604254722595,36.03752413392067,-2.2439198791980743,,,-2.5100277364254,0.05885887145996094,-33.852463126182556,21.99473524093628,0.4783515930175781,2.6696243286132812,-9.129244685173035,3.2068347930908203,-11.798869013786316,,,,,,,,,,,,,,,,,,,36.303631991147995,-2.5100277364254,-1.056050132960081,1.126172629185021,-0.07012249622493982,1.0,0.0644728935339928,0.9998915501620732,0.03890932601515679,0.9998504660975768,0.9998592615387315,0.9354186566280804,0.0,0.0,0.0
smollm2-135m,coderepair,mbpp-0283-flip_bool-1,-113.39412117004395,-106.32898902893066,,,-14.77272081375122,-20.516662120819092,-5.343995809555054,-10.010876655578613,,,,,,,,,,,,,,,,,-4.834940314292908,-8.666091084480286,,,-105.74595928192139,-114.97207927703857,-113.2836103439331,-105.7996015548706,-4.282501697540283,-8.712696552276611,False,False,,,False,False,False,False,,,,,,,,,,,,,,,,,False,False,,,False,False,False,False,False,False,69.0,69.0,,,69.0,68.0,69.0,69.0,,,,,,,,,,,,,,,,,69.0,69.0,,,69.0,68.0,69.0,69.0,69.0,69.0,179.0,,246.0,,,,,,,,,237.0,,150.0,239.0,-107.93961453437805,-107.93961453437805,108.4486700296402,-0.509055495262146,,,-1.0614941120147705,0.11051082611083984,-108.05012536048889,95.78872489929199,-0.5293874740600586,7.4840087890625,-4.66688084602356,7.065132141113281,-12.15088963508606,,,,,,,,,,,,,,,,,,,109.00110864639282,-1.0614941120147705,-1.5643422396286675,1.5717198555020317,-0.007377615873364435,1.0,0.00027337647070180965,0.9906068796001447,0.0008536526684256272,0.9787755964821443,0.9882280610142472,0.9903335031294429,0.0,0.0,0.0
smollm2-135m,coderepair,mbpp-0293-flip_arith-2,-47.856534004211426,-44.9413537979126,,,-21.35820770263672,-32.82847595214844,-3.4818283319473267,-9.522407531738281,,,,,,,,,,,,,,,,,-3.22739839553833,-8.692562818527222,,,-50.632466316223145,-67.86842441558838,-45.5863733291626,-42.34798526763916,-3.169467329978943,-8.882723689079285,False,False,,,False,False,False,False,,,,,,,,,,,,,,,,,True,False,,,False,False,False,False,False,False,33.0,33.0,,,32.0,35.0,33.0,33.0,,,,,,,,,,,,,,,,,33.0,33.0,,,32.0,35.0,33.0,33.0,33.0,33.0,201.0,,319.0,,,,,,,,,225.0,,174.0,227.0,-42.10454499721527,-42.10454499721527,42.35897493362427,-0.2544299364089966,,,-0.3123610019683838,2.270160675048828,-44.3747056722641,32.82557773590088,-2.5933685302734375,3.2383880615234375,-6.040579199790955,2.915180206298828,-9.278967261314392,,,,,,,,,,,,,,,,,,,42.416905999183655,-0.3123610019683838,-1.2758953029459172,1.2836053010189172,-0.007709998072999896,1.0,0.037737229615895214,0.9976254547370568,0.051408232671769874,0.9957861861550977,0.99670896384358,0.9598882251211616,0.0,0.0,0.0
smollm2-135m,coderepair,mbpp-0297-drop_negation-0,-149.8310866355896,-140.57724142074585,,,-27.68855905532837,-37.77869272232056,-9.45925521850586,-13.943491458892822,,,,,,,,,,,,,,,,,-11.859742641448975,-14.933614253997803,,,-149.76882195472717,-173.10526299476624,-152.6228106021881,-139.47956109046936,-11.066225051879883,-15.9608736038208,False,False,,,False,False,False,False,,,,,,,,,,,,,,,,,False,False,,,False,False,False,False,False,False,112.0,112.0,,,109.0,115.0,112.0,112.0,,,,,,,,,,,,,,,,,112.0,112.0,,,109.0,115.0,112.0,112.0,112.0,112.0,404.0,,617.0,,,,,,,,,505.0,,375.0,507.0,-143.16355538368225,-143.16355538368225,140.76306796073914,2.4004874229431152,,,1.6069698333740234,-2.7917239665985107,-140.37183141708374,125.53606963157654,-1.0976803302764893,13.14324951171875,-4.484236240386963,9.25384521484375,-17.627485752105713,,,,,,,,,,,,,,,,,,,141.55658555030823,1.6069698333740234,-1.2782460302114487,1.2568131067923136,0.02143292341913496,1.0,1.9585905198004497e-06,0.9888404257988738,9.573362593370291e-05,0.9558020157618609,0.9925690918984186,0.988838467208354,0.0,0.0,0.0
smollm2-135m,coderepair,mbpp-0304-index_shift-3,-141.00899457931519,-132.95233869552612,,,-20.428664684295654,-21.37937879562378,-6.9668288230896,-12.831063747406006,,,,,,,,,,,,,,,,,-6.617411851882935,-11.613762140274048,,,-131.84483003616333,-128.63497591018677,-133.7466549873352,-125.54836702346802,-7.4189133644104,-12.177627563476562,False,False,,,False,False,False,False,,,,,,,,,,,,,,,,,False,False,,,False,False,False,False,False,False,92.0,91.0,,,92.0,92.0,92.0,91.0,,,,,,,,,,,,,,,,,92.0,91.0,,,92.0,92.0,92.0,91.0,92.0,91.0,229.0,,340.0,,,,,,,,,310.0,,200.0,312.0,-126.7798261642456,-126.7798261642456,127.12924313545227,-0.34941697120666504,,,0.4520845413208008,7.2623395919799805,-134.0421657562256,112.71730327606201,-7.4039716720581055,8.198287963867188,-5.864234924316406,8.056655883789062,-14.062522888183594,,,,,,,,,,,,,,,,,,,126.3277416229248,0.4520845413208008,-1.3780415887418,1.3818395992983943,-0.0037980105565941853,1.0,0.0002625795928548797,0.9971668802284884,0.00031688462205202954,0.9932828418496585,0.991496302915015,0.9969043006356335,0.0,0.0,0.0
smollm2-135m,coderepair,mbpp-0306-index_shift-1,-170.71704292297363,-160.86860847473145,,,-36.85841941833496,-37.66588020324707,-11.866301536560059,-21.277996063232422,,,,,,,,,,,,,,,,,-9.773029565811157,-19.070887804031372,,,-161.67184019088745,-162.3671374320984,-162.96924924850464,-153.78287839889526,-10.588413953781128,-19.791955709457397,False,False,,,False,False,False,False,,,,,,,,,,,,,,,,,False,False,,,False,False,False,False,False,False,237.0,237.0,,,240.0,231.0,237.0,237.0,,,,,,,,,,,,,,,,,237.0,237.0,,,240.0,231.0,237.0,237.0,237.0,237.0,302.0,,574.0,,,,,,,,,528.0,,273.0,530.0,-151.10294771194458,-151.10294771194458,153.19621968269348,-2.0932719707489014,,,-1.2778875827789307,7.747793674468994,-158.85074138641357,132.50488233566284,-7.085730075836182,9.186370849609375,-9.411694526672363,9.848434448242188,-18.59806537628174,,,,,,,,,,,,,,,,,,,152.3808352947235,-1.2778875827789307,-0.6375651802191754,0.64639755140377,-0.00883237118459452,1.0,0.00010235791253550149,0.9999182443827556,5.282704530628414e-05,0.9999083881432604,0.999899327957945,0.99981588647022,0.0,0.0,0.0
smollm2-135m,coderepair,mbpp-0308-flip_bool-0,-57.92792224884033,-54.51743793487549,,,-16.70758581161499,-34.695345401763916,-3.383655846118927,-6.501552104949951,,,,,,,,,,,,,,,,,-3.6811141967773438,-7.161832809448242,,,-56.772337436676025,-78.0064148902893,-52.260061740875244,-48.733850955963135,-2.1143184900283813,-5.615844130516052,False,False,,,False,False,False,False,,,,,,,,,,,,,,,,,False,False,,,False,False,False,False,True,False,42.0,42.0,,,41.0,44.0,42.0,42.0,,,,,,,,,,,,,,,,,42.0,42.0,,,41.0,44.0,42.0,42.0,42.0,42.0,317.0,,401.0,,,,,,,,,348.0,,288.0,350.0,-48.87640589475632,-48.87640589475632,48.5789475440979,0.29745835065841675,,,-1.2693373560905457,5.667860507965088,-54.544266402721405,42.232298851013184,-5.7835869789123535,3.5262107849121094,-3.117896258831024,3.4104843139648438,-6.6441070437431335,,,,,,,,,,,,,,,,,,,50.14574325084686,-1.2693373560905457,-1.1637239498751504,1.1566416081928073,0.0070823416823432555,1.0,0.028566627181935304,0.9576234424417709,0.03196940585156801,0.9701341482313109,0.9707311471757544,0.9290568152598356,0.0,0.0,0.0
smollm2-135m,coderepair,mbpp-0310-drop_negation-0,-40.18861198425293,-44.39474678039551,,,-22.306891679763794,-28.248339891433716,-4.059995055198669,-10.279196500778198,,,,,,,,,,,,,,,,,-3.4511351585388184,-9.213784098625183,,,-50.54031848907471,-62.543076515197754,-38.57829761505127,-42.38013172149658,-3.090847969055176,-9.45581305027008,False,False,,,False,False,False,False,,,,,,,,,,,,,,,,,True,False,,,False,False,False,False,False,False,30.0,31.0,,,30.0,33.0,30.0,31.0,,,,,,,,,,,,,,,,,30.0,31.0,,,30.0,33.0,30.0,31.0,30.0,31.0,228.0,,286.0,,,,,,,,,247.0,,199.0,249.0,-34.5183025598526,-34.5183025598526,35.12716245651245,-0.6088598966598511,,,-0.9691470861434937,1.6103143692016602,-36.12861692905426,32.100935220718384,-2.014615058898926,-3.8018341064453125,-6.219201445579529,-4.206134796142578,-2.4173673391342163,,,,,,,,,,,,,,,,,,,35.487449645996094,-0.9691470861434937,-1.15061008532842,1.1709054152170817,-0.020295329888661704,1.0,0.9781518427863694,0.9980131092925035,0.9853149996207715,0.9968670705556699,0.9982821545245026,0.01986126650613418,0.0,0.0,0.0
smollm2-135m,coderepair,mbpp-0311-drop_negation-2,-144.02309846878052,-140.36007356643677,,,-46.48700761795044,-45.82607698440552,-6.941894054412842,-13.486069202423096,,,,,,,,,,,,,,,,,-6.329768896102905,-12.510231018066406,,,-168.31582021713257,-174.23668813705444,-143.04653310775757,-138.91959524154663,-7.157593250274658,-12.77175521850586,False,False,,,False,False,False,False,,,,,,,,,,,,,,,,,False,False,,,False,False,False,False,False,False,82.0,82.0,,,84.0,83.0,82.0,82.0,,,,,,,,,,,,,,,,,82.0,82.0,,,84.0,83.0,82.0,82.0,82.0,82.0,190.0,,279.0,,,,,,,,,261.0,,161.0,263.0,-136.10463905334473,-136.10463905334473,136.71676421165466,-0.6121251583099365,,,0.2156991958618164,0.9765653610229492,-137.08120441436768,125.43352603912354,-1.4404783248901367,4.1269378662109375,-6.544175148010254,3.66302490234375,-10.671113014221191,,,,,,,,,,,,,,,,,,,135.8889398574829,0.2156991958618164,-1.6598126713822527,1.667277612337252,-0.007464940954999226,1.0,0.015876085998231433,0.9985635961057837,0.025013086465904694,0.9979348025812593,0.9963673802687488,0.9826875101075523,0.0,0.0,0.0
smollm2-135m,coderepair,mbpp-0394-flip_bool-0,-69.17349052429199,-62.28299140930176,,,-22.6003201007843,-35.1393940448761,-5.637673616409302,-9.857727289199829,,,,,,,,,,,,,,,,,-5.046869158744812,-10.789553761482239,,,-75.35005569458008,-94.93289566040039,-69.73608779907227,-62.136470794677734,-4.031602382659912,-9.5673189163208,False,False,,,False,False,False,False,,,,,,,,,,,,,,,,,False,False,,,False,False,False,False,False,False,52.0,51.0,,,50.0,54.0,52.0,51.0,,,,,,,,,,,,,,,,,52.0,51.0,,,50.0,54.0,52.0,51.0,52.0,51.0,198.0,,257.0,,,,,,,,,239.0,,169.0,241.0,-64.09841418266296,-64.09841418266296,64.68921864032745,-0.5908044576644897,,,-1.6060712337493896,-0.5625972747802734,-63.53581690788269,52.278743505477905,-0.14652061462402344,7.599617004394531,-4.220053672790527,6.890499114990234,-11.819670677185059,,,,,,,,,,,,,,,,,,,65.70448541641235,-1.6060712337493896,-1.232661811205057,1.2440234353909125,-0.011361624185855571,1.0,0.0005003917096418035,0.9855150004700858,0.0010163718489790922,0.9968040970687012,0.9960721071248303,0.985014608760444,0.0,0.0,0.0
smollm2-135m,coderepair,mbpp-0405-flip_bool-0,-60.206324100494385,-52.09135293960571,,,-18.381486654281616,-31.6467387676239,-5.662668228149414,-10.176857709884644,,,,,,,,,,,,,,,,,-3.6903074979782104,-9.176258087158203,,,-53.1186957359314,-68.426522731781,-58.0042929649353,-47.55145025253296,-3.5930768251419067,-9.022675156593323,False,False,,,False,False,False,False,,,,,,,,,,,,,,,,,True,False,,,False,False,False,False,False,False,30.0,30.0,,,29.0,32.0,30.0,30.0,,,,,,,,,,,,,,,,,30.0,30.0,,,29.0,32.0,30.0,30.0,30.0,30.0,253.0,,312.0,,,,,,,,,272.0,,224.0,274.0,-52.34162473678589,-52.34162473678589,54.31398546695709,-1.9723607301712036,,,-2.0695914030075073,2.202031135559082,-54.54365587234497,37.374592542648315,-4.539902687072754,10.452842712402344,-4.5141894817352295,8.114971160888672,-14.967032194137573,,,,,,,,,,,,,,,,,,,54.411216139793396,-2.0695914030075073,-1.7447208245595296,1.810466182231903,-0.06574535767237345,1.0,2.875539435575662e-05,0.9891632487705839,0.00029893926125005226,0.9958725133534363,0.9956342863208865,0.9891344933762282,0.0,0.0,0.0
smollm2-135m,coderepair,mbpp-0406-flip_comparison2-0,-100.92097282409668,-68.59100914001465,,,-36.62246751785278,-32.752052783966064,-8.516835689544678,-21.865736484527588,,,,,,,,,,,,,,,,,-4.0439841747283936,-15.331671237945557,,,-77.99898529052734,-77.3470458984375,-102.12384796142578,-68.84220123291016,-4.42320990562439,-17.244067192077637,False,False,,,False,False,False,False,,,,,,,,,,,,,,,,,True,False,,,False,False,False,False,False,False,79.0,78.0,,,78.0,77.0,79.0,78.0,,,,,,,,,,,,,,,,,79.0,78.0,,,78.0,77.0,79.0,78.0,79.0,78.0,166.0,,264.0,,,,,,,,,236.0,,139.0,238.0,-93.6070122718811,-93.6070122718811,98.07986378669739,-4.472851514816284,,,-4.093625783920288,-1.2028751373291016,-92.404137134552,46.97646474838257,0.2511920928955078,33.281646728515625,-13.34890079498291,32.32996368408203,-46.630547523498535,,,,,,,,,,,,,,,,,,,97.70063805580139,-4.093625783920288,-1.1848988895174823,1.2415172631227518,-0.05661837360526942,1.0,3.51423452301864e-15,0.9999984053930638,9.104899824145901e-15,0.9999874739438268,0.9999972962206117,0.9999984053930603,0.0,0.0,0.0
smollm2-135m,coderepair,mbpp-0407-flip_comparison2-0,-131.83982944488525,-131.48682498931885,,,-16.228790760040283,-21.036521434783936,-5.414685606956482,-10.835976123809814,,,,,,,,,,,,,,,,,-3.9508708715438843,-9.116115093231201,,,-131.96450233459473,-134.4231662750244,-129.1370792388916,-128.9626636505127,-3.9638766050338745,-9.146332025527954,False,False,,,False,False,False,False,,,,,,,,,,,,,,,,,False,False,,,False,False,False,False,False,False,107.0,107.0,,,107.0,106.0,107.0,107.0,,,,,,,,,,,,,,,,,107.0,107.0,,,107.0,106.0,107.0,107.0,107.0,107.0,173.0,,279.0,,,,,,,,,269.0,,144.0,271.0,-123.72239363193512,-123.72239363193512,125.18620836734772,-1.4638147354125977,,,-1.4508090019226074,2.7027502059936523,-126.42514383792877,118.12668752670288,-2.5241613388061523,0.17441558837890625,-5.4212905168533325,0.35300445556640625,-5.595706105232239,,,,,,,,,,,,,,,,,,,125.17320263385773,-1.4508090019226074,-1.1562840526349076,1.1699645641808198,-0.013680511545912127,1.0,0.44350286042371473,0.9955779265232371,0.4126540385355695,0.9943207701186714,0.9944171390773723,0.5520750660995224,0.0,0.0,0.0
smollm2-135m,toolshed,toolshed-0000-s0-arg_typo-1,-19.160140991210938,-13.24152946472168,-24.009376525878906,-18.156240463256836,-9.408449411392212,-25.266605615615845,-3.2367043495178223,-6.4532177448272705,-3.236708402633667,-6.453217506408691,-2.348206341266632,-6.62695586681366,,,-0.19715825747698545,-4.54367574583739,-0.10828935913741589,-6.029160780832171,-12.575488090515137,-4.787874937057495,-1.5270591974258423,-6.697783529758453,-3.5663317441940308,-5.270727157592773,-3.761100798845291,-10.575722217559814,-2.706599533557892,-10.110135555267334,-16.674349784851074,-38.39055156707764,-25.689918518066406,-19.539225578308105,-4.8424973487854,-10.233662605285645,False,False,False,False,False,False,False,False,False,False,True,False,,,True,False,True,False,False,False,True,False,False,False,False,False,False,False,False,False,False,False,False,False,13.0,11.0,13.0,11.0,12.0,11.0,13.0,11.0,13.0,11.0,13.0,11.0,,,13.0,11.0,13.0,11.0,13.0,11.0,13.0,11.0,13.0,11.0,13.0,11.0,13.0,11.0,12.0,11.0,13.0,11.0,13.0,11.0,642.0,624.0,662.0,662.0,679.0,,711.0,760.0,658.0,649.0,676.0,643.0,662.0,613.0,670.0,-22.453214168548584,-22.453214168548584,21.928817719221115,0.5243964493274689,22.983318984508514,-0.5301048159599304,1.6057929992675781,-6.529777526855469,-15.923436641693115,13.086007833480835,6.297696113586426,6.150692939758301,-3.2165133953094482,5.918611526489258,-9.367206335067749,-23.341712176799774,0.8884980082511902,-24.162859320640564,1.70964515209198,-22.123586773872375,-0.3296273946762085,,,-25.49276026058942,3.039546092040837,-25.58162915892899,3.1284149903804064,-22.45321011543274,-4.0531158447265625e-06,-13.11443042755127,-9.338783740997314,-1.6805419921875,-20.772672176361084,20.847421169281006,1.6057929992675781,-1.7271703206575835,1.6868321322477782,0.0403381884098053,1.0,0.00011493898642376301,0.9595251204163601,0.0026817201351505013,0.9989035947722411,0.9954640084113597,0.9594101814299363,0.0,0.0,0.0
smollm2-135m,toolshed,toolshed-0000-s0-hallucinated_entity-2,-31.315834522247314,-13.669018268585205,-34.851202964782715,-18.156240463256836,-9.037746906280518,-18.67898416519165,-1.9720313549041748,-7.756546974182129,-1.9720326662063599,-7.75653874874115,-1.6449998319149017,-10.482684850692749,-2.0265098214149475,-7.79671049118042,-0.12030836567282677,-10.981258254498243,-0.04414898529648781,-13.107738958671689,-24.057573556900024,-4.7878828048706055,-1.5887191593647003,-9.326698541641235,-2.324883460998535,-6.598705887794495,-3.6108494102954865,-8.864073276519775,-2.4965445399284363,-7.378336668014526,-16.67433786392212,-25.689921379089355,-38.39056396484375,-19.539230346679688,-3.7870194911956787,-13.407135009765625,False,False,False,False,False,False,True,False,True,False,True,False,False,False,True,False,True,False,False,False,True,False,True,False,False,False,False,False,False,False,False,False,False,False,11.0,11.0,11.0,11.0,12.0,13.0,11.0,11.0,11.0,11.0,11.0,11.0,11.0,11.0,11.0,11.0,11.0,11.0,11.0,11.0,11.0,11.0,11.0,11.0,11.0,11.0,11.0,11.0,12.0,13.0,11.0,11.0,11.0,11.0,639.0,624.0,662.0,662.0,677.0,690.0,711.0,760.0,658.0,648.0,695.0,641.0,658.0,613.0,669.0,-36.418532609939575,-36.418532609939575,34.77971455454826,1.6388180553913116,35.894019424915314,0.5245131850242615,1.814988136291504,-7.0747294425964355,-29.34380316734314,11.782683372497559,5.870212078094482,18.851333618164062,-5.784515619277954,17.64681625366211,-24.635849237442017,-36.74556413292885,0.32703152298927307,-36.80184480547905,0.3833121955394745,-36.065680503845215,-0.35285210609436035,-36.3640541434288,-0.054478466510772705,-38.27025559917092,1.851722989231348,-38.34641497954726,1.927882369607687,-36.41853129863739,-1.3113021850585938e-06,-14.332990407943726,-22.08554220199585,-3.539361000061035,-32.87917160987854,34.60354447364807,1.814988136291504,-3.3107756918126885,3.1617922322316603,0.14898345958102832,1.0,3.5046313633105743e-10,0.9960866359952478,2.1681287505713315e-08,0.9947965887681414,0.9999336244569117,0.9960866356447847,0.0,1.0,0.0
smollm2-135m,toolshed,toolshed-0000-s2-tool_typo-1,-36.24504780769348,-31.315722703933716,-39.09642791748047,-32.29816818237305,-7.806362867355347,-12.067943811416626,-6.082263231277466,-4.791327595710754,-16.00585126876831,-14.420907020568848,-5.029633641242981,-4.833538770675659,-5.709418535232544,-4.569468855857849,-0.972457742318511,-0.9016692992299795,-0.5507339052855968,-1.3460860662162304,-30.8804349899292,-21.89029598236084,-6.275076866149902,-10.461892127990723,-6.104650020599365,-5.837241888046265,-8.693087935447693,-10.829105257987976,-5.526879787445068,-10.527837753295898,-25.080087184906006,-37.880488872528076,-37.100499629974365,-30.71807622909546,-3.959640860557556,-7.605520963668823,False,False,False,False,False,False,False,False,False,False,False,False,False,False,False,True,True,False,False,False,False,False,False,False,False,False,False,False,False,False,False,False,False,False,32.0,32.0,32.0,32.0,22.0,33.0,32.0,32.0,32.0,32.0,32.0,32.0,32.0,32.0,32.0,32.0,32.0,32.0,32.0,32.0,32.0,32.0,32.0,32.0,32.0,32.0,32.0,32.0,22.0,33.0,32.0,32.0,32.0,32.0,728.0,713.0,766.0,766.0,802.0,794.0,830.0,894.0,750.0,757.0,821.0,751.0,770.0,702.0,749.0,-31.0182363986969,-31.0182363986969,28.407411694526672,2.610824704170227,31.573619842529297,-0.5553834438323975,-2.1226223707199097,-0.8554518222808838,-30.162784576416016,25.926748633384705,-0.5976464748382568,6.382423400878906,1.2909356355667114,4.929325103759766,-5.091487765312195,-32.070865988731384,1.0526295900344849,-30.825422763824463,-0.19281363487243652,-30.995849609375,-0.022386789321899414,-31.39108109474182,0.3728446960449219,-36.128041887655854,5.109805488958955,-36.54976572468877,5.531529325991869,-21.094648361206055,-9.923588037490845,-6.220064640045166,-24.798171758651733,1.9959282875061035,-33.014164686203,33.14085876941681,-2.1226223707199097,-0.9693198874592781,0.8877316154539585,0.0815882720053196,1.0,5.998657330683215e-06,0.20759657494557057,0.007179464615747086,0.894354900917255,0.9745653733994861,0.20759057628823988,0.0,0.0,0.0
smollm2-135m,toolshed,toolshed-0001-s0-date_format-2,-27.8764009475708,-18.812233924865723,-28.134536743164062,-18.81394863128662,-9.883146941661835,-13.372330367565155,-2.129186689853668,-4.683911740779877,-2.1291844844818115,-4.683915376663208,-1.5676804780960083,-5.224696338176727,-2.0138174891471863,-5.024032771587372,-0.4348108544945717,-3.7273852303624153,-0.08218081295490265,-6.839383564889431,-17.758243083953857,-4.576538801193237,-1.799937903881073,-3.6237778067588806,-1.8517507314682007,-4.686708927154541,-4.042243599891663,-6.828065037727356,-1.8000543117523193,-4.788209319114685,-19.73126792907715,-23.571805000305176,-27.97831153869629,-17.276116371154785,-1.8759587407112122,-7.49207204580307,False,False,False,False,False,False,True,False,True,False,True,False,True,False,True,False,True,False,False,False,True,False,True,False,False,False,True,False,False,False,False,False,True,False,17.0,17.0,17.0,17.0,17.0,17.0,17.0,17.0,17.0,17.0,17.0,17.0,17.0,17.0,17.0,17.0,17.0,17.0,17.0,17.0,17.0,17.0,17.0,17.0,17.0,17.0,17.0,17.0,17.0,17.0,17.0,17.0,17.0,17.0,640.0,623.0,675.0,675.0,696.0,703.0,738.0,801.0,661.0,659.0,689.0,646.0,676.0,612.0,704.0,-25.84912484884262,-25.84912484884262,23.936067938804626,1.9130569100379944,26.17825722694397,-0.3291323781013489,-0.25322794914245605,-0.10191059112548828,-25.747214257717133,12.592204630374908,-1.5361175537109375,10.702195167541504,-2.5547250509262085,9.064167022705078,-13.256920218467712,-26.41063106060028,0.5615062117576599,-26.178373634815216,0.3292487859725952,-26.12656080722809,0.27743595838546753,-25.964494049549103,0.11536920070648193,-27.543500684201717,1.6943758353590965,-27.896130725741386,2.0470058768987656,-25.849127054214478,2.205371856689453e-06,-10.220068454742432,-15.62905639410019,0.15622520446777344,-26.005350053310394,26.102352797985077,-0.25322794914245605,-1.5205367558142717,1.4080039964002722,0.11253275941399966,1.0,2.068139413307882e-05,0.927509792090748,0.00011572628633203761,0.9419048150044531,0.9963744361474125,0.927489110696615,0.0,1.0,0.0
smollm2-135m,toolshed,toolshed-0001-s0-tool_typo-0,-19.169000148773193,-20.345569133758545,-21.126877784729004,-18.81394863128662,-13.457940101623535,-17.75824737548828,-2.264378011226654,-4.576533794403076,-2.2643783688545227,-4.576531529426575,-1.3383286595344543,-4.206051707267761,-1.9764578342437744,-3.759529709815979,-0.28290492855012417,-1.7730274256318808,-0.1155215073376894,-2.715409802272916,-10.447725296020508,-4.341997861862183,-1.6642124652862549,-6.032675206661224,-2.385776162147522,-4.251910448074341,-1.5838726162910461,-5.152033150196075,-0.9369012415409088,-4.4795646369457245,-23.571813583374023,-27.978321075439453,-19.731281280517578,-17.27612590789795,-0.9895733594894409,-4.800585508346558,False,False,False,False,False,False,True,False,True,False,True,False,True,False,True,False,True,False,False,False,True,False,True,False,True,False,True,False,False,False,False,False,True,False,17.0,17.0,17.0,17.0,17.0,17.0,17.0,17.0,17.0,17.0,17.0,17.0,17.0,17.0,17.0,17.0,17.0,17.0,17.0,17.0,17.0,17.0,17.0,17.0,17.0,17.0,17.0,17.0,17.0,17.0,17.0,17.0,17.0,17.0,638.0,623.0,661.0,661.0,682.0,689.0,710.0,759.0,663.0,652.0,716.0,646.0,664.0,612.0,644.0,-17.466903269290924,-17.466903269290924,18.147408664226532,-0.6805053949356079,18.79438003897667,-1.3274767696857452,-1.2748046517372131,-0.5622811317443848,-16.90462213754654,12.699592113494873,-3.0694432258605957,2.455155372619629,-2.312155783176422,-1.1765689849853516,-4.767311155796051,-18.392952620983124,0.9260493516921997,-18.067068815231323,0.6001655459403992,-17.345505118370056,-0.12139815092086792,-17.754823446273804,0.28792017698287964,-19.448376351967454,1.9814730826765299,-19.61575977317989,2.1488565038889647,-17.466902911663055,-3.5762786865234375e-07,-9.28355598449707,-8.183347284793854,1.3955965042114258,-18.86249977350235,18.741707921028137,-1.2748046517372131,-1.0274648981935837,1.067494627307443,-0.04002972911385929,1.0,0.07892667661270603,0.9098672363498849,0.7643303374374409,0.9725661524689099,0.9783531795914915,0.8309405597371788,0.0,1.0,0.0
smollm2-135m,toolshed,toolshed-0001-s1-tool_typo-0,-6.561316251754761,-10.313198566436768,-10.373533964157104,-11.691771030426025,-14.534539222717285,-17.743961334228516,-2.4724678993225098,-8.710450828075409,-2.5986167788505554,-7.621756017208099,-1.5676799714565277,-7.754740968346596,,,-0.4802134111523628,-9.970827832818031,-0.2960127256810665,-10.086539641022682,-9.621855974197388,-7.971889972686768,-3.0311936736106873,-6.6782724261283875,-2.096868544816971,-8.373562783002853,-4.729063034057617,-7.18373566865921,-3.2148847579956055,-7.906565099954605,-15.458467960357666,-25.35107707977295,-9.109695434570312,-12.680789947509766,-4.006097450852394,-5.552490204572678,False,False,False,False,False,False,False,False,False,False,True,False,,,True,False,True,False,False,False,False,False,False,False,False,False,False,False,False,False,False,False,False,False,13.0,13.0,13.0,13.0,11.0,13.0,13.0,13.0,13.0,13.0,13.0,13.0,,,13.0,13.0,13.0,13.0,13.0,13.0,13.0,13.0,13.0,13.0,13.0,13.0,13.0,13.0,11.0,13.0,13.0,13.0,13.0,13.0,730.0,715.0,749.0,749.0,766.0,,794.0,839.0,751.0,740.0,804.0,734.0,752.0,704.0,732.0,-6.637227535247803,-6.637227535247803,4.380632400512695,2.2565951347351074,5.894810676574707,0.7424168586730957,1.5336295515298843,-2.5483791828155518,-4.088848352432251,3.9703391194343567,2.367591381072998,-3.571094512939453,-6.237982928752899,-3.751882314682007,-2.666888415813446,-7.542015463113785,0.9047879278659821,-6.078501760959625,-0.5587257742881775,-7.012826889753342,0.37559935450553894,,,-8.62948202341795,1.992254488170147,-8.813682708889246,2.1764551736414433,-6.511078655719757,-0.12614887952804565,0.5121605396270752,-7.149388074874878,1.263838529586792,-7.901066064834595,5.103597983717918,1.5336295515298843,-0.510555964249831,0.3369717231163612,0.1735842411334698,1.0,0.9709925354636906,0.9980440332150362,0.9770648490236101,0.9209024807593117,0.8243921226240769,0.027051497751345632,0.0,0.0,0.0
smollm2-135m,toolshed,toolshed-0002-s0-hallucinated_entity-2,-32.877068519592285,-16.85336208343506,-35.23653221130371,-20.25840663909912,-14.458693504333496,-18.419920921325684,-2.579970896244049,-9.015056610107422,-2.5799697041511536,-9.015057802200317,-1.9304353594779968,-11.072460174560547,-2.679098904132843,-10.024978160858154,-0.19363688305020332,-10.583527240902185,-0.0513360109180212,-13.442040164023638,-26.72624683380127,-7.384531378746033,-2.3034265637397766,-8.49606466293335,-3.1915488243103027,-8.732338786125183,-2.88748300075531,-7.574920177459717,-2.4512279331684113,-7.186586856842041,-22.865619659423828,-27.026174545288086,-38.151546478271484,-21.259897232055664,-3.2819079160690308,-11.995743989944458,False,False,False,False,False,False,True,False,True,False,True,False,False,False,True,False,True,False,False,False,True,False,False,False,False,False,False,False,False,False,False,False,False,False,11.0,11.0,11.0,11.0,12.0,13.0,11.0,11.0,11.0,11.0,11.0,11.0,11.0,11.0,11.0,11.0,11.0,11.0,11.0,11.0,11.0,11.0,11.0,11.0,11.0,11.0,11.0,11.0,12.0,13.0,11.0,11.0,11.0,11.0,654.0,639.0,676.0,676.0,691.0,704.0,724.0,772.0,673.0,663.0,710.0,656.0,673.0,628.0,684.0,-35.571575582027435,-35.571575582027435,35.264063477516174,0.307512104511261,35.70031854510307,-0.12874296307563782,0.7019370198249817,-5.274477958679199,-30.297097623348236,12.244840621948242,4.4065351486206055,16.89164924621582,-6.435085713863373,16.023706436157227,-23.326734960079193,-36.22111111879349,0.6495355367660522,-35.84811991453171,0.27654433250427246,-34.95999765396118,-0.6115779280662537,-35.47244757413864,-0.09912800788879395,-37.95790959522128,2.3863340131938457,-38.10021046735346,2.528634885326028,-35.57157677412033,1.1920928955078125e-06,-11.425299644470215,-24.14627593755722,-2.9150142669677734,-32.65656131505966,34.869638562202454,0.7019370198249817,-3.2337795983661306,3.2058239525014702,0.02795564586466009,1.0,3.8323769105786556e-08,0.9983912525475752,1.098987284073046e-07,0.9908737945224374,0.9998357301995482,0.9983912142238061,0.0,1.0,0.0
smollm2-135m,toolshed,toolshed-0002-s1-arg_typo-2,-32.22693729400635,-22.303372383117676,-29.429561138153076,-18.781495571136475,-9.490659713745117,-12.434616565704346,-3.759469151496887,-8.099857807159424,-4.603852152824402,-7.974532127380371,-2.4930003881454468,-5.885331869125366,-3.4247204065322876,-7.506712794303894,-0.2661929065361619,-4.090931647457182,-0.19425295945256948,-4.181316039524972,-22.69407629966736,-13.905952215194702,-3.626155734062195,-8.387150883674622,-5.224514842033386,-8.313670992851257,-7.702540993690491,-11.23193073272705,-5.954636454582214,-9.439642906188965,-11.442604541778564,-24.18306589126587,-26.550106525421143,-17.368366718292236,-3.873969793319702,-6.900563478469849,False,False,False,False,False,False,True,False,False,False,False,False,True,False,True,False,True,False,False,False,False,False,False,False,False,False,False,False,False,False,False,False,False,False,44.0,44.0,44.0,44.0,31.0,44.0,44.0,44.0,44.0,44.0,44.0,44.0,44.0,44.0,44.0,44.0,44.0,44.0,44.0,44.0,44.0,44.0,44.0,44.0,44.0,44.0,44.0,44.0,31.0,44.0,44.0,44.0,44.0,44.0,712.0,694.0,761.0,761.0,809.0,789.0,839.0,917.0,742.0,748.0,789.0,744.0,762.0,683.0,746.0,-22.790637373924255,-22.790637373924255,18.847565531730652,3.9430718421936035,20.595470070838928,2.195167303085327,0.11450064182281494,5.676830768585205,-28.46746814250946,9.268508911132812,-4.9350056648254395,9.181739807128906,-4.340388655662537,9.923564910888672,-13.522128462791443,-24.057106137275696,1.2664687633514404,-22.923950791358948,0.13331341743469238,-21.325591683387756,-1.465045690536499,-23.125386118888855,0.3347487449645996,-26.28391361888498,3.4932762449607253,-26.355853565968573,3.5652161920443177,-21.94625437259674,-0.8443830013275146,-3.856030225753784,-18.93460714817047,2.8794546127319336,-25.67009198665619,22.67613673210144,0.11450064182281494,-0.5179690312255513,0.42835376208478754,0.08961526914076372,1.0,2.739907762283409e-07,0.9838206232668982,4.900374099993907e-05,0.9715125276253761,0.9537611837696535,0.983820349276122,0.0,1.0,0.0
smollm2-135m,toolshed,toolshed-0002-s1-type_swap-3,-23.632211685180664,-22.68263816833496,-20.95507287979126,-18.781495571136475,-6.144123554229736,-7.748697757720947,-3.563833713531494,-3.052453875541687,-5.278353691101074,-6.3810811042785645,-2.5036016702651978,-3.6133488416671753,-3.4704620838165283,-2.856466293334961,-0.3889717855490744,-2.2032162942923605,-0.1005471209064126,-4.237222061492503,-12.171478033065796,-13.905952215194702,-4.490502834320068,-2.6715290546417236,-4.159307181835175,-3.2376365065574646,-7.4628379344940186,-11.446714401245117,-6.349502444267273,-9.981029987335205,-11.442598819732666,-24.183048725128174,-20.61059808731079,-17.368360996246338,-3.61879563331604,-7.3053131103515625,False,False,False,False,False,False,False,False,False,False,False,False,False,True,True,False,True,False,False,False,False,True,False,False,False,False,False,False,False,False,False,False,False,False,44.0,44.0,44.0,44.0,31.0,44.0,44.0,44.0,44.0,44.0,44.0,44.0,44.0,44.0,44.0,44.0,44.0,44.0,44.0,44.0,44.0,44.0,44.0,44.0,44.0,44.0,44.0,44.0,31.0,44.0,44.0,44.0,44.0,44.0,712.0,694.0,763.0,763.0,811.0,791.0,843.0,923.0,742.0,755.0,802.0,744.0,761.0,683.0,746.0,-17.046764373779297,-17.046764373779297,13.147760152816772,3.8990042209625244,14.261095643043518,2.785668730735779,0.0549619197845459,3.021613597869873,-20.06837797164917,14.31590712070465,-5.314277172088623,3.242237091064453,0.5113798379898071,0.9495735168457031,-2.730857253074646,-18.106996417045593,1.0602320432662964,-16.120095252990723,-0.9266691207885742,-16.451290905475616,-0.5954734683036804,-17.140136003494263,0.09337162971496582,-20.221626301761717,3.1748619279824197,-20.51005096640438,3.4632865926250815,-15.332244396209717,-1.71451997756958,-8.439120054244995,-8.607644319534302,0.34447479248046875,-17.391239166259766,16.99180245399475,0.0549619197845459,-0.38742646304043854,0.29881273074583575,0.08861373229460283,1.0,0.00010403611639994034,0.3625070640333118,0.278970599272279,0.9817267804536214,0.9755534888195547,0.36240302791691187,0.0,0.0,0.0
smollm2-135m,toolshed,toolshed-0003-s0-arg_typo-1,-24.10427236557007,-23.317725658416748,-26.41130542755127,-24.452319145202637,-11.602502822875977,-13.861749649047852,-3.6220349073410034,-5.03805685043335,-3.622035503387451,-5.038067102432251,-2.0429717302322388,-5.328445076942444,,,-0.5160852111876011,-1.8563770689070225,-0.20256803557276726,-2.9676425717771053,-15.26240587234497,-5.888493061065674,-2.5223695039749146,-6.166790843009949,-3.586477518081665,-4.993451237678528,-3.5445845127105713,-8.40544867515564,-1.7694919109344482,-6.68157160282135,-26.686609268188477,-26.829334259033203,-26.554981231689453,-22.040471076965332,-1.5173870623111725,-4.629250884056091,False,False,False,False,False,False,False,False,False,False,True,False,,,True,False,True,False,False,False,True,False,False,False,False,False,True,False,False,False,False,False,True,False,11.0,9.0,11.0,9.0,8.0,10.0,11.0,9.0,11.0,9.0,11.0,9.0,,,11.0,9.0,11.0,9.0,11.0,9.0,11.0,9.0,11.0,9.0,11.0,9.0,11.0,9.0,8.0,10.0,11.0,9.0,11.0,9.0,641.0,622.0,659.0,659.0,674.0,,707.0,755.0,652.0,645.0,676.0,639.0,658.0,611.0,668.0,-22.93294632434845,-22.93294632434845,23.010396718978882,-0.07745039463043213,24.785489320755005,-1.8525429964065552,-2.104647845029831,-2.4507088661193848,-20.482237458229065,17.002414226531982,-1.277254581451416,4.514510154724121,-1.4160219430923462,0.7865467071533203,-5.930532097816467,-24.512009501457214,1.5790631771087646,-24.03261172771454,1.0996654033660889,-22.968503713607788,0.03555738925933838,,,-26.038896020501852,3.1059496961534023,-26.352413196116686,3.419466871768236,-22.932945728302002,-5.960464477539062e-07,-11.292575359344482,-11.640370965003967,-0.1436758041381836,-22.789270520210266,25.03759416937828,-2.104647845029831,-2.0848133022134956,2.0918542471798984,-0.007040944966402921,1.0,0.01064174547616473,0.8044694478912112,0.31291063888621196,0.9923157163647767,0.957379472063813,0.7938277024150465,0.0,0.0,0.0
smollm2-135m,toolshed,toolshed-0003-s1-drop_arg-0,-13.929088115692139,-22.670714855194092,-19.03606081008911,-26.5517315864563,-17.135541915893555,-18.47133719921112,-2.64873731136322,-11.569841265678406,-3.6721383333206177,-11.385445356369019,-2.171664535999298,-12.710413455963135,,,-0.22430825233459473,-11.631903767585754,-0.08362560905516148,-13.781963655725121,-8.030989646911621,-6.633803188800812,-3.337319016456604,-11.02301800251007,-3.0089796781539917,-10.228783011436462,-3.5267878770828247,-17.17290687561035,-4.157111644744873,-22.60045862197876,-37.65908336639404,-29.830273628234863,-21.71753978729248,-28.84703540802002,-0.7774540185928345,-16.091280788183212,False,False,False,False,False,False,True,False,False,False,True,False,,,True,False,True,False,False,False,False,False,False,False,False,False,False,False,False,False,False,False,True,False,13.0,28.0,13.0,28.0,28.0,30.0,13.0,28.0,13.0,28.0,13.0,28.0,,,13.0,28.0,13.0,28.0,13.0,28.0,13.0,28.0,13.0,28.0,13.0,28.0,13.0,28.0,28.0,30.0,13.0,28.0,13.0,28.0,728.0,711.0,739.0,739.0,756.0,,778.0,817.0,760.0,734.0,762.0,730.0,740.0,700.0,738.0,-19.06880247592926,-19.06880247592926,18.190751910209656,0.8780505657196045,17.560428142547607,1.5083743333816528,-1.8712832927703857,-7.788451671600342,-11.280350804328918,17.277194142341614,6.176320552825928,-7.129495620727539,-8.921103954315186,-8.741626739501953,-1.7916083335876465,-19.545875251293182,0.4770727753639221,-18.380220770835876,-0.6885817050933838,-18.70856010913849,-0.3602423667907715,,,-21.493231534957886,2.4244290590286255,-21.63391417823732,2.5651117023080587,-18.045401453971863,-1.0234010219573975,-13.68655014038086,-5.382252335548401,-2.681478977203369,-16.38732349872589,20.940085768699646,-1.8712832927703857,-1.4668309596868663,1.399288608477666,0.06754235120920035,1.0,0.9989002696486626,0.9998658318369297,0.9998402317963712,0.99999881541752,0.9999997764938693,0.000965562188267044,0.0,1.0,0.0
smollm2-135m,toolshed,toolshed-0003-s1-readonly_target-3,-37.14825654029846,-21.511406183242798,-43.2233510017395,-26.5517315864563,-19.26311945915222,-24.39597988128662,-4.073682487010956,-19.54870104789734,-3.7021051049232483,-16.066784143447876,-1.3668530583381653,-17.42080318927765,-3.9772138595581055,-19.208441257476807,-0.4615809768438339,-16.402075454592705,-0.20019176602363586,-18.50875122845173,-33.47580444812775,-11.569843411445618,-3.5585817694664,-18.1421160697937,-3.811245918273926,-19.325371742248535,-3.379563093185425,-15.95452332496643,-3.430795669555664,-18.002514839172363,-21.717549324035645,-37.659090995788574,-48.25192165374756,-28.847060203552246,-0.996286153793335,-16.074269890785217,False,False,False,False,False,False,False,False,False,False,True,False,False,False,True,False,True,False,False,False,False,False,False,False,False,False,False,False,False,False,False,False,True,False,27.0,28.0,27.0,28.0,13.0,28.0,27.0,28.0,27.0,28.0,27.0,28.0,27.0,28.0,27.0,28.0,27.0,28.0,27.0,28.0,27.0,28.0,27.0,28.0,27.0,28.0,27.0,28.0,13.0,28.0,27.0,28.0,27.0,28.0,729.0,711.0,760.0,760.0,791.0,788.0,820.0,880.0,739.0,755.0,770.0,744.0,761.0,700.0,752.0,-44.1782391667366,-44.1782391667366,44.872358560562134,-0.694119393825531,44.821125984191895,-0.6428868174552917,-3.077396333217621,-11.103665113449097,-33.074574053287506,9.298359155654907,7.335654020309448,19.404861450195312,-15.475018560886383,15.636850357055664,-34.879880011081696,-46.88506859540939,2.7068294286727905,-44.69333988428116,0.5151007175445557,-44.44067573547363,0.26243656873703003,-44.27470779418945,0.09646862745285034,-47.790340676903725,3.612101510167122,-48.05172988772392,3.87349072098732,-44.54981654882431,0.3715773820877075,-14.776117205619812,-29.40212196111679,-5.028570652008057,-39.149668514728546,47.255635499954224,-3.077396333217621,-1.6362310802495037,1.6619392059467457,-0.025708125697241888,1.0,2.9917182161593455e-12,0.9999995551631902,1.6180878815608773e-07,0.9999965424962517,0.999999717046714,0.9999995551601985,0.0,0.0,0.0
smollm2-135m,toolshed,toolshed-0004-s0-tool_typo-0,-16.03889751434326,-17.681879997253418,-22.99951457977295,-17.469995975494385,-13.619065761566162,-29.15731954574585,-2.561604678630829,-6.324894070625305,-2.561613976955414,-6.324892938137054,-1.4758332073688507,-6.841937303543091,-2.82485568523407,-6.515424966812134,-0.6811664700508118,-7.691299602389336,-0.19184954836964607,-8.52520789206028,-7.594019412994385,-5.557544946670532,-2.1184056401252747,-6.5063382387161255,-2.5187106132507324,-5.71993163228035,-4.212955594062805,-6.120514869689941,-2.955350935459137,-5.789434254169464,-20.662095069885254,-38.317681312561035,-21.99028778076172,-17.762513160705566,-1.6682316660881042,-4.949477910995483,False,False,False,False,False,False,True,False,True,False,True,False,True,False,True,False,True,False,False,False,True,False,True,False,False,False,False,False,False,False,False,False,True,False,13.0,13.0,13.0,13.0,15.0,15.0,13.0,13.0,13.0,13.0,13.0,13.0,13.0,13.0,13.0,13.0,13.0,13.0,13.0,13.0,13.0,13.0,13.0,13.0,13.0,13.0,13.0,13.0,15.0,15.0,13.0,13.0,13.0,13.0,651.0,636.0,670.0,670.0,687.0,698.0,715.0,760.0,676.0,661.0,725.0,655.0,674.0,625.0,653.0,-19.42868310213089,-19.42868310213089,17.777332186698914,1.6513509154319763,19.034936845302582,0.3937462568283081,-0.8933730125427246,-5.951390266418457,-13.477292835712433,11.437619090080261,0.08063316345214844,4.227774620056152,-3.7632893919944763,-1.6429824829101562,-7.991064012050629,-20.514454573392868,1.0857714712619781,-19.871882140636444,0.4431990385055542,-19.471577167510986,0.042894065380096436,-19.16543209552765,-0.26325100660324097,-21.309121310710907,1.880438208580017,-21.798438232392073,2.369755130261183,-19.428673803806305,-9.298324584960938e-06,-14.396268367767334,-5.032414734363556,1.0092267990112305,-20.43790990114212,20.322056114673615,-0.8933730125427246,-1.4945140847792993,1.3674870912845318,0.1270269934947674,1.0,0.013635366434878176,0.9773040237859201,0.8379403559318741,0.8707446967875256,0.9637798130514101,0.9636686573510419,0.0,1.0,0.0
smollm2-135m,toolshed,toolshed-0004-s1-arg_typo-2,-25.89906930923462,-12.138665676116943,-23.480075359344482,-10.884663105010986,-5.253981947898865,-17.56227397918701,-4.485302805900574,-6.900500178337097,-2.3875479698181152,-6.219215631484985,-2.2558085322380066,-6.370023488998413,,,-0.1812279187142849,-5.239122148603201,-0.1132887564599514,-5.915061566978693,-17.354530930519104,-6.519477009773254,-3.2406572103500366,-11.169991374015808,-3.9225953817367554,-6.254132628440857,-8.65064537525177,-16.699270248413086,-6.387705743312836,-15.025771617889404,-7.503148078918457,-21.759015560150146,-23.293471813201904,-10.017196655273438,-1.5913409292697906,-9.077323585748672,False,False,False,False,False,False,False,False,False,False,True,False,,,True,False,True,False,False,False,True,False,True,False,False,False,False,False,False,False,False,False,True,False,29.0,29.0,29.0,29.0,16.0,29.0,29.0,29.0,29.0,29.0,29.0,29.0,,,29.0,29.0,29.0,29.0,29.0,29.0,29.0,29.0,29.0,29.0,29.0,29.0,29.0,29.0,16.0,29.0,29.0,29.0,29.0,29.0,689.0,670.0,723.0,723.0,756.0,,787.0,851.0,702.0,709.0,742.0,705.0,723.0,659.0,716.0,-18.80816900730133,-18.80816900730133,14.642826437950134,4.165342569351196,16.90576606988907,1.902402937412262,-2.893961876630783,2.605597496032715,-21.413766503334045,3.1166964769363403,-2.121469020843506,13.276275157928467,-2.4151973724365234,13.760403633117676,-15.69147253036499,-21.037663280963898,2.229494273662567,-20.052814602851868,1.244645595550537,-19.37087643146515,0.5627074241638184,,,-23.11224389448762,4.304074887186289,-23.180183056741953,4.372014049440622,-20.90592384338379,2.0977548360824585,-5.9389408826828,-12.86922812461853,0.18660354614257812,-18.99477255344391,21.702130883932114,-2.893961876630783,-0.6485575519759079,0.5049250495844874,0.14363250239142056,1.0,1.2839487206932157e-07,0.6439246053685025,1.0566524746429005e-06,0.9996805610439089,0.9994394226879981,0.6439244769736304,0.0,0.0,0.0
smollm2-135m,toolshed,toolshed-0004-s1-date_format-4,-24.896477699279785,-10.688870429992676,-24.953853130340576,-10.884663105010986,-3.4574198126792908,-21.869656085968018,-1.850867211818695,-8.963866651058197,-3.938238561153412,-10.371317148208618,-1.2791674137115479,-12.392072677612305,,,-0.34145908430218697,-10.487375397235155,-0.11500406824052334,-13.55518571101129,-19.63606894016266,-6.519477009773254,-2.3413591384887695,-8.13288676738739,-1.7286794185638428,-10.170223951339722,-9.184627532958984,-16.896267414093018,-5.988351583480835,-13.847108840942383,-7.503151893615723,-21.759037017822266,-24.855494499206543,-10.01720142364502,-1.5759949386119843,-10.20264658331871,False,False,False,False,False,False,True,False,False,False,True,False,,,True,False,True,False,False,False,True,False,True,False,False,False,False,False,False,False,False,False,True,False,21.0,29.0,21.0,29.0,16.0,29.0,21.0,29.0,21.0,29.0,21.0,29.0,,,21.0,29.0,21.0,29.0,21.0,29.0,21.0,29.0,21.0,29.0,21.0,29.0,21.0,29.0,16.0,29.0,21.0,29.0,21.0,29.0,688.0,670.0,719.0,719.0,744.0,,779.0,839.0,702.0,702.0,733.0,697.0,716.0,659.0,699.0,-23.004627287387848,-23.004627287387848,15.670866966247559,7.333760321140289,18.867142915725708,4.13748437166214,-0.2748722732067108,0.04098320007324219,-23.04561048746109,1.0533347725868225,-0.6716690063476562,14.838293075561523,-7.112999439239502,14.20760726928711,-21.951292514801025,-23.576327085494995,0.5716997981071472,-22.514135360717773,-0.49049192667007446,-23.1268150806427,0.1221877932548523,,,-24.514035414904356,1.509408127516508,-24.74049043096602,1.7358631435781717,-20.91725593805313,-2.087371349334717,-5.219425559043884,-17.785201728343964,0.0983586311340332,-23.10298591852188,23.27949956059456,-0.2748722732067108,-1.095458442256564,0.7462317602975028,0.34922668195906137,1.0,2.6925983637850035e-08,0.8323675469260239,6.756383123943375e-07,0.9995526133587058,0.9998207682492372,0.8323675200000402,0.0,1.0,0.0
smollm2-135m,toolshed,toolshed-0005-s0-tool_typo-1,-21.97988224029541,-21.01687526702881,-24.28947687149048,-18.63245916366577,-15.919790267944336,-18.509821891784668,-4.3175132274627686,-7.2448341846466064,-4.317523896694183,-7.2448718547821045,-1.1341613680124283,-4.61968594789505,-3.2543081045150757,-5.761169910430908,-0.24025465082377195,-1.9490490956231952,-0.08361828560009599,-3.828939924482256,-15.947893500328064,-5.132179141044617,-1.2880254983901978,-6.616078078746796,-1.4163767993450165,-3.6522569060325623,-1.863805890083313,-5.726177215576172,-2.1631599068641663,-6.813303589820862,-24.337157487869263,-23.24838948249817,-22.50564694404602,-17.36974263191223,-0.7409763038158417,-5.125811457633972,False,False,False,False,False,False,False,False,False,False,True,False,False,False,True,False,True,False,False,False,True,False,True,False,True,False,True,False,False,False,False,False,True,False,21.0,21.0,21.0,21.0,15.0,21.0,21.0,21.0,21.0,21.0,21.0,21.0,21.0,21.0,21.0,21.0,21.0,21.0,21.0,21.0,21.0,21.0,21.0,21.0,21.0,21.0,21.0,21.0,15.0,21.0,21.0,21.0,21.0,21.0,636.0,621.0,663.0,663.0,688.0,691.0,716.0,769.0,653.0,654.0,718.0,648.0,665.0,610.0,646.0,-18.188133716583252,-18.188133716583252,20.641841053962708,-2.4537073373794556,20.342487037181854,-2.1543533205986023,-3.576536923646927,-0.5257647037506104,-17.66236901283264,10.124908447265625,-3.647132635116577,5.135904312133789,-2.927320957183838,0.9630069732666016,-8.063225269317627,-21.371485576033592,3.1833518594503403,-21.217621445655823,3.029487729072571,-21.089270144701004,2.901136428117752,-19.251338839530945,1.0632051229476929,-22.26539229322225,4.077258576638997,-22.422028658445925,4.233894941862673,-18.188123047351837,-1.0669231414794922e-05,-6.5577534437179565,-11.630380272865295,1.783829927444458,-19.97196364402771,21.76467064023018,-3.576536923646927,-0.8661016055515834,0.9829448120934623,-0.11684320654187884,1.0,0.005825673308294916,0.949171744690758,0.27627655283901814,0.9794145670539939,0.9876885191410364,0.9433460713824632,0.0,0.0,0.0
smollm2-135m,toolshed,toolshed-0005-s0-type_swap-3,-24.048811674118042,-19.577922582626343,-22.590818881988525,-18.63245916366577,-11.746614933013916,-13.387922763824463,-2.2622010111808777,-4.942109107971191,-2.2622029781341553,-4.942111253738403,-0.5952863395214081,-4.787560731172562,,,-0.0944251473993063,-4.869476167485118,-0.06957186385989189,-5.866104602813721,-15.408629775047302,-5.132185101509094,-0.7217083871364594,-3.0769847631454468,-0.9905697107315063,-2.275218367576599,-1.1886837482452393,-4.846642196178436,-1.751318246126175,-5.728591322898865,-24.337153911590576,-22.505649089813232,-22.1905779838562,-17.369744777679443,-3.538011908531189,-6.868990778923035,False,False,False,False,False,False,False,False,False,False,True,False,,,True,False,True,False,False,False,True,False,True,False,True,False,True,False,False,False,False,False,False,False,21.0,21.0,21.0,21.0,15.0,21.0,21.0,21.0,21.0,21.0,21.0,21.0,,,21.0,21.0,21.0,21.0,21.0,21.0,21.0,21.0,21.0,21.0,21.0,21.0,21.0,21.0,15.0,21.0,21.0,21.0,21.0,21.0,639.0,621.0,663.0,663.0,688.0,,716.0,769.0,653.0,655.0,692.0,648.0,658.0,610.0,653.0,-19.928376972675323,-19.928376972675323,21.001894235610962,-1.0735172629356384,20.439259737730026,-0.5108827650547028,1.2758108973503113,1.8582336902618408,-21.786610662937164,12.427635669708252,-2.2081778049468994,4.820833206176758,-2.6799080967903137,4.470889091491699,-7.5007413029670715,-21.595291644334793,1.6669146716594696,-21.468869596719742,1.5404926240444183,-21.200008273124695,1.2716313004493713,,,-22.096152836456895,2.1677758637815714,-22.12100611999631,2.192629147320986,-19.928375005722046,-1.9669532775878906e-06,-6.781948208808899,-13.146428763866425,0.4002408981323242,-20.328617870807648,18.652566075325012,1.2758108973503113,-0.9489703320321583,1.00009020169576,-0.05111986966360183,1.0,0.007941862833533757,0.9357511292736072,0.011307813585321572,0.9748630579283002,0.9654764120081827,0.9278092664400734,0.0,0.0,0.0
smollm2-135m,toolshed,toolshed-0005-s1-readonly_target-3,-33.484458446502686,-18.262879848480225,-45.99564504623413,-30.73181676864624,-21.046342730522156,-24.766115188598633,-3.023930549621582,-19.856889605522156,-2.162799656391144,-16.122108221054077,-0.9467424750328064,-17.782723367214203,,,-0.4213068187236786,-16.8249893784523,-0.1628943458199501,-21.175422593951225,-29.188068628311157,-6.376203775405884,-4.491152286529541,-19.523343563079834,-2.9188454151153564,-19.269066095352173,-4.3290793895721436,-20.706549882888794,-3.13474440574646,-21.313858032226562,-27.661827087402344,-30.40519905090332,-44.32328414916992,-27.48088264465332,-3.600316286087036,-16.470705270767212,False,False,False,False,False,False,False,False,False,False,True,False,,,True,False,True,False,False,False,False,False,False,False,False,False,False,False,False,False,False,False,False,False,22.0,22.0,22.0,22.0,12.0,22.0,22.0,22.0,22.0,22.0,22.0,22.0,,,22.0,22.0,22.0,22.0,22.0,22.0,22.0,22.0,22.0,22.0,22.0,22.0,22.0,22.0,12.0,22.0,22.0,22.0,22.0,22.0,682.0,664.0,708.0,708.0,734.0,,763.0,818.0,691.0,703.0,718.0,692.0,710.0,653.0,699.0,-41.29935359954834,-41.29935359954834,39.99420475959778,1.3051488399505615,41.18853974342346,0.11081385612487793,0.5763857364654541,-10.838825702667236,-30.460527896881104,7.6239930391311646,9.218002796173096,16.8424015045166,-16.832959055900574,15.221578598022461,-33.675360560417175,-43.376541674137115,2.0771880745887756,-39.83213186264038,-1.467221736907959,-41.404438734054565,0.10508513450622559,,,-43.90197733044624,2.6026237308979034,-44.16038980334997,2.861036203801632,-42.16048449277878,0.8611308932304382,-15.135215520858765,-26.164138078689575,1.672360897064209,-42.97171449661255,40.722967863082886,0.5763857364654541,-1.8772433454340154,1.8179183981635354,0.05932494727048007,1.0,2.5668107255670658e-08,0.999999935820686,2.451050744276278e-07,0.9999999228466294,0.9999974268804379,0.9999999101525787,0.0,0.0,0.0
smollm2-135m,toolshed,toolshed-0006-s0-tool_typo-0,-16.505987644195557,-16.45330572128296,-17.912299156188965,-17.379897117614746,-12.393802881240845,-23.463363885879517,-3.2762304544448853,-4.084568619728088,-3.276237726211548,-4.084580898284912,-2.396567404270172,-3.2852065563201904,,,-0.8642787076532841,-0.9144854880869389,-0.1576224835589528,-2.619743269868195,-10.943219900131226,-6.42491888999939,-2.277373731136322,-4.403268933296204,-2.938542604446411,-5.2511889934539795,-4.3956902623176575,-6.78819727897644,-3.273716062307358,-6.21904993057251,-25.58967685699463,-37.00702667236328,-17.46058177947998,-17.670527458190918,-3.639747053384781,-6.2993762493133545,False,False,False,False,False,False,True,False,True,False,True,False,,,True,False,True,False,False,False,True,False,True,False,False,False,False,False,False,False,False,False,False,False,12.0,11.0,12.0,11.0,13.0,11.0,12.0,11.0,12.0,11.0,12.0,11.0,,,12.0,11.0,12.0,11.0,12.0,11.0,12.0,11.0,12.0,11.0,12.0,11.0,12.0,11.0,13.0,11.0,12.0,11.0,12.0,11.0,640.0,624.0,658.0,658.0,674.0,,703.0,748.0,662.0,649.0,713.0,642.0,660.0,613.0,640.0,-14.184351325035095,-14.184351325035095,13.064891517162323,1.1194598078727722,14.186865717172623,-0.002514392137527466,0.36351659893989563,-0.9545941352844238,-13.229757189750671,13.58595883846283,1.217221736907959,-0.2099456787109375,-0.8083381652832031,0.052681922912597656,-0.5983924865722656,-15.064014375209808,0.8796630501747131,-15.183208048343658,0.9988567233085632,-14.52203917503357,0.3376878499984741,,,-16.596303071826696,2.411951746791601,-17.302959295921028,3.1186079708859324,-14.184344053268433,-7.271766662597656e-06,-6.517361879348755,-7.66698944568634,0.4517173767089844,-14.63606870174408,13.8208347260952,0.36351659893989563,-1.182029277086258,1.088740959763527,0.09328831732273102,1.0,0.5522045582505007,0.6917027634125279,0.48683256452290224,0.9162541385956556,0.9346020062751446,0.13949820516202716,0.0,1.0,0.0
smollm2-135m,toolshed,toolshed-0006-s1-tool_typo-0,-10.038787364959717,-7.946913719177246,-17.60640573501587,-10.16663408279419,-9.911831140518188,-23.218959093093872,-3.6042568683624268,-4.0820616483688354,-4.4463783502578735,-4.989012241363525,-3.1156919598579407,-3.98448383808136,,,-0.25868778117001057,-2.6186548937112093,-0.07025500945746899,-5.159024925902486,-12.678855657577515,-4.9426305294036865,-3.961363196372986,-5.249326705932617,-3.193658947944641,-5.4377100467681885,-3.9968149662017822,-5.004446506500244,-3.8522289395332336,-6.026772737503052,-12.256848812103271,-26.106865406036377,-15.66830587387085,-8.088048458099365,-3.019591271877289,-4.184254050254822,False,False,False,False,False,False,False,False,False,False,False,False,,,True,False,True,False,False,False,False,False,False,False,False,False,False,False,False,False,False,False,False,False,13.0,13.0,13.0,13.0,15.0,15.0,13.0,13.0,13.0,13.0,13.0,13.0,,,13.0,13.0,13.0,13.0,13.0,13.0,13.0,13.0,13.0,13.0,13.0,13.0,13.0,13.0,15.0,15.0,13.0,13.0,13.0,13.0,694.0,679.0,713.0,713.0,730.0,,758.0,803.0,719.0,704.0,768.0,698.0,716.0,668.0,696.0,-12.064049005508423,-12.064049005508423,11.671490907669067,0.39255809783935547,11.816076934337616,0.24797207117080688,-0.5846655964851379,-5.629518508911133,-6.43453049659729,4.00598680973053,0.14113473892211914,7.580257415771484,-0.4778047800064087,2.0918736457824707,-8.058062195777893,-12.552613914012909,0.4885649085044861,-11.706942677497864,-0.3571063280105591,-12.474646925926208,0.41059792041778564,,,-15.409618092700839,3.345569087192416,-15.59805086441338,3.5340018589049578,-11.221927523612976,-0.8421214818954468,-2.989450216293335,-9.074598789215088,1.9380998611450195,-14.002148866653442,12.64871460199356,-0.5846655964851379,-0.928003769654494,0.8978069928976206,0.030196776756873496,1.0,0.0005024008187013631,0.6165358486053516,0.10988917243143609,0.7325563821261986,0.7621789332959514,0.6160334477866503,0.0,0.0,0.0
smollm2-135m,toolshed,toolshed-0006-s2-name_for_email-3,-31.336427450180054,-31.930957555770874,-33.32959508895874,-33.793832302093506,-11.54561972618103,-16.054781675338745,-4.323252201080322,-8.83927607536316,-13.938448905944824,-22.70062255859375,-3.0026426911354065,-10.217734575271606,-3.756909132003784,-8.724488496780396,-0.21136291325092316,-9.120236359536648,-0.08752403408288956,-11.845313768833876,-28.22717547416687,-21.576782941818237,-9.280307531356812,-12.210320711135864,-5.0879257917404175,-10.162308692932129,-9.13230013847351,-14.662094831466675,-6.094543218612671,-13.626448154449463,-27.05858087539673,-39.514000415802,-31.515947818756104,-32.66833162307739,-5.163033723831177,-12.19752025604248,False,False,False,False,False,False,False,False,False,False,False,False,False,False,True,False,True,False,False,False,False,False,False,False,False,False,False,False,False,False,False,False,False,False,26.0,32.0,26.0,32.0,22.0,32.0,26.0,32.0,26.0,32.0,26.0,32.0,26.0,32.0,26.0,32.0,26.0,32.0,26.0,32.0,26.0,32.0,26.0,32.0,26.0,32.0,26.0,32.0,22.0,32.0,26.0,32.0,26.0,32.0,729.0,712.0,763.0,763.0,793.0,791.0,825.0,887.0,749.0,755.0,776.0,744.0,763.0,701.0,746.0,-27.19269561767578,-27.19269561767578,22.383647680282593,4.8090479373931885,25.421404600143433,1.7712910175323486,0.8397815227508545,-0.1795203685760498,-27.01317524909973,23.829055547714233,0.7373740673065186,-1.152383804321289,-4.516023874282837,-0.5945301055908203,-3.363640069961548,-28.513305127620697,1.3206095099449158,-22.235640287399292,-4.957055330276489,-26.428022027015686,-0.7646735906600952,-27.75903868675232,0.5663430690765381,-31.30458490550518,4.111889287829399,-31.428423784673214,4.235728166997433,-17.57749891281128,-9.615196704864502,-3.2887723445892334,-23.903923273086548,1.8136472702026367,-29.006342887878418,26.352914094924927,0.8397815227508545,-1.0458729083721454,0.860909526164715,0.18496338220743033,1.0,0.011418614251260246,0.9884641154142119,0.6444038858765657,0.9960488699382033,0.9991198050269805,0.9770455011629516,0.0,0.0,0.0
smollm2-135m,toolshed,toolshed-0007-s1-arg_typo-1,-12.585253238677979,-8.49745774269104,-17.563956260681152,-11.930712938308716,-9.754851818084717,-17.585672855377197,-6.717252969741821,-8.070363998413086,-4.995822072029114,-7.5567467212677,-5.3054269552230835,-6.766387939453125,-5.858354687690735,-7.054522514343262,-0.1538146734237671,-2.889756254851818,-0.06865164078772068,-4.094742095097899,-14.483386993408203,-8.624607354402542,-5.042795538902283,-10.702684879302979,-6.688262701034546,-5.86664891242981,-7.161400556564331,-10.85383939743042,-6.205219149589539,-10.653093814849854,-9.954251766204834,-23.785096645355225,-15.715961456298828,-12.384178638458252,-1.7032321989536285,-7.691906213760376,False,False,False,False,False,False,False,False,False,False,False,False,False,False,True,False,True,False,False,False,False,False,False,False,False,False,False,False,False,False,False,False,False,False,11.0,13.0,11.0,13.0,13.0,13.0,11.0,13.0,11.0,13.0,11.0,13.0,11.0,13.0,11.0,13.0,11.0,13.0,11.0,13.0,11.0,13.0,11.0,13.0,11.0,13.0,11.0,13.0,13.0,13.0,11.0,13.0,11.0,13.0,732.0,714.0,750.0,750.0,765.0,778.0,797.0,844.0,748.0,735.0,766.0,731.0,750.0,703.0,733.0,-8.998708486557007,-8.998708486557007,8.554560899734497,0.44414758682250977,9.51074230670929,-0.5120338201522827,-5.014020770788193,-3.1307082176208496,-5.868000268936157,4.313814640045166,3.886720895767212,3.331782817840576,-1.3531110286712646,4.0877954959869385,-4.684893846511841,-10.410534501075745,1.4118260145187378,-10.673165917396545,1.6744574308395386,-9.027698755264282,0.02899026870727539,-9.857606768608093,0.8588982820510864,-15.562146782875061,6.563438296318054,-15.647309815511107,6.648601328954101,-10.720139384269714,1.7214308977127075,-1.232574462890625,-7.766134023666382,1.8479948043823242,-10.846703290939331,14.0127292573452,-5.014020770788193,-0.8180644078688188,0.7776873545213179,0.040377053347500885,1.0,0.0028828424217353667,0.7654600267214993,0.016499379477495996,0.9756943097579782,0.9974992831885686,0.7625771842997638,0.0,0.0,0.0
smollm2-135m,toolshed,toolshed-0007-s1-hallucinated_entity-2,-16.95061206817627,-7.901143312454224,-19.945878982543945,-11.930712938308716,-11.585694313049316,-17.53358268737793,-5.201945543289185,-7.86181902885437,-9.556393146514893,-5.845208317041397,-2.2138107419013977,-6.788341641426086,,,-1.4549761563539505,-5.28286238014698,-0.969439297914505,-6.579131931066513,-17.50883197784424,-8.624607354402542,-3.5633683800697327,-8.398195743560791,-5.982649564743042,-7.277707099914551,-6.574440002441406,-8.961536169052124,-6.677434682846069,-8.988114356994629,-9.954260110855103,-15.715945720672607,-23.785096645355225,-12.384188652038574,-1.7410483658313751,-5.786718726158142,False,False,False,False,False,False,False,False,False,False,False,False,,,False,False,False,False,False,False,False,False,False,False,False,False,False,False,False,False,False,False,False,False,13.0,13.0,13.0,13.0,13.0,11.0,13.0,13.0,13.0,13.0,13.0,13.0,,,13.0,13.0,13.0,13.0,13.0,13.0,13.0,13.0,13.0,13.0,13.0,13.0,13.0,13.0,13.0,11.0,13.0,13.0,13.0,13.0,729.0,714.0,753.0,753.0,770.0,,803.0,853.0,748.0,740.0,772.0,733.0,750.0,703.0,735.0,-18.58315110206604,-18.58315110206604,17.21065664291382,1.3724944591522217,17.107661962509155,1.4754891395568848,-3.4608971774578094,-6.834484577178955,-11.748666524887085,4.522369623184204,4.483045339584351,11.40090799331665,-2.6598734855651855,9.049468755722046,-14.060781478881836,-21.571285903453827,2.988134801387787,-20.221728265285492,1.638577163219452,-17.802447080612183,-0.7807040214538574,,,-22.330120489001274,3.746969386935234,-22.81565734744072,4.23250624537468,-14.228703498840332,-4.354447603225708,-6.276264667510986,-12.306886434555054,-3.8392176628112793,-14.74393343925476,22.04404827952385,-3.4608971774578094,-1.4294731616973877,1.3238966648395245,0.1055764968578632,1.0,9.024926428535457e-07,0.9331402561756365,0.0001174396231187723,0.9158380143704253,0.9828029428260331,0.9331393536829936,0.0,0.0,0.0
smollm2-135m,toolshed,toolshed-0008-s1-arg_typo-2,-36.12151384353638,-27.694267749786377,-33.488961696624756,-23.499249935150146,-9.236647725105286,-12.367905139923096,-3.511202335357666,-7.628916382789612,-4.941251516342163,-8.044573545455933,-2.5111887454986572,-5.815261602401733,-3.326868414878845,-7.205547094345093,-0.27760678716003895,-4.060028912499547,-0.20821973495185375,-4.172436563298106,-25.45140767097473,-16.43245244026184,-3.7600743770599365,-8.476122736930847,-4.984472155570984,-8.120946049690247,-8.027600646018982,-11.459325790405273,-6.0481858253479,-9.589526653289795,-13.365781784057617,-28.49515438079834,-29.880194664001465,-21.184929847717285,-4.189731597900391,-7.009011507034302,False,False,False,False,False,False,True,False,False,False,True,False,True,False,True,False,True,False,False,False,False,False,False,False,False,False,False,False,False,False,False,False,False,False,44.0,44.0,44.0,44.0,31.0,44.0,44.0,44.0,44.0,44.0,44.0,44.0,44.0,44.0,44.0,44.0,44.0,44.0,44.0,44.0,44.0,44.0,44.0,44.0,44.0,44.0,44.0,44.0,31.0,44.0,44.0,44.0,44.0,44.0,715.0,697.0,764.0,764.0,812.0,792.0,842.0,920.0,745.0,751.0,792.0,747.0,765.0,686.0,749.0,-26.3689923286438,-26.3689923286438,21.852594017982483,4.516398310661316,23.832008838653564,2.5369834899902344,0.6785292625427246,6.241319179534912,-32.61031150817871,13.556013464927673,-6.509337902069092,8.69526481628418,-4.117714047431946,8.42724609375,-12.812978863716125,-27.369005918502808,1.0000135898590088,-26.12012028694153,-0.2488720417022705,-24.89572250843048,-1.4732698202133179,-26.55332624912262,0.1843339204788208,-29.602587876841426,3.233595548197627,-29.67197492904961,3.3029826004058123,-24.9389431476593,-1.430049180984497,-4.428786993026733,-21.940205335617065,3.608767032623291,-29.97775936126709,25.690463066101074,0.6785292625427246,-0.59929528019645,0.49664986404505646,0.10264541615139354,1.0,6.725226766637204e-08,0.9806940422434915,0.000218775407020443,0.9686814470046786,0.9437088256355959,0.9806939749912239,0.0,1.0,0.0
smollm2-135m,toolshed,toolshed-0008-s1-drop_arg-0,-14.940791130065918,-27.403396606445312,-13.574544429779053,-23.499249935150146,-22.005953550338745,-25.45140528678894,-3.0402063131332397,-16.432451009750366,-4.418074131011963,-13.640206336975098,-1.6470645070075989,-15.82276165485382,-3.600519061088562,-16.85423231124878,-0.13090894650667906,-17.126405614428222,-0.079046537168324,-18.91871797759086,-7.259172439575195,-4.791072607040405,-4.087031841278076,-16.320571660995483,-3.030678868293762,-15.293131709098816,-6.644971668720245,-22.10184669494629,-5.729897975921631,-25.729862213134766,-28.495158672332764,-29.880187511444092,-13.365770816802979,-21.184922695159912,-2.738019108772278,-14.137752056121826,False,False,False,False,False,False,True,False,False,False,True,False,False,False,True,False,True,False,False,False,False,False,False,False,False,False,False,False,False,False,False,False,False,False,31.0,44.0,31.0,44.0,44.0,44.0,31.0,44.0,31.0,44.0,31.0,44.0,31.0,44.0,31.0,44.0,31.0,44.0,31.0,44.0,31.0,44.0,31.0,44.0,31.0,44.0,31.0,44.0,44.0,44.0,31.0,44.0,31.0,44.0,714.0,697.0,745.0,745.0,780.0,773.0,804.0,863.0,762.0,740.0,780.0,734.0,744.0,686.0,736.0,-10.325564503669739,-10.325564503669739,6.720799148082733,3.6047653555870056,7.635872840881348,2.689691662788391,-0.3021872043609619,1.5750203132629395,-11.900584816932678,4.752471685409546,-6.2184739112854,-7.819151878356934,-13.392244696617126,-12.462605476379395,-5.573092818260193,-11.71870630979538,1.3931418061256409,-9.278738975524902,-1.0468255281448364,-10.335091948509216,0.009527444839477539,-9.765251755714417,-0.5603127479553223,-13.2348618702963,2.9092973666265607,-13.286724279634655,2.9611597759649158,-8.947696685791016,-1.3778678178787231,-6.106598377227783,-4.218966126441956,0.20877361297607422,-10.534338116645813,10.6277517080307,-0.3021872043609619,-0.3330827259248303,0.21679997251879785,0.11628275340603243,1.0,0.999597863272698,0.9999984670792201,0.9999961313670066,0.9999998062844944,0.9999888016503787,0.00040060380652218175,0.0,1.0,0.0
smollm2-135m,toolshed,toolshed-0008-s1-type_swap-3,-28.733214378356934,-27.994956016540527,-26.147271633148193,-23.499249935150146,-6.010255694389343,-7.76472806930542,-3.545664668083191,-3.0914233922958374,-6.234110355377197,-7.298076629638672,-2.589661121368408,-3.785350799560547,-3.777531623840332,-3.186150550842285,-0.3498585061170161,-2.5225645140744746,-0.09279638063162565,-5.016197043471038,-14.537465333938599,-16.43245244026184,-4.656845211982727,-3.1458221673965454,-4.213186323642731,-3.196975290775299,-7.527428507804871,-11.77076244354248,-6.033816933631897,-10.776403427124023,-13.365770816802979,-28.495158672332764,-25.010362148284912,-21.184922695159912,-3.6233439445495605,-7.309983968734741,False,False,False,False,False,False,False,True,False,False,False,False,False,False,True,False,True,False,False,False,False,True,False,False,False,False,False,False,False,False,False,False,False,False,44.0,44.0,44.0,44.0,31.0,44.0,44.0,44.0,44.0,44.0,44.0,44.0,44.0,44.0,44.0,44.0,44.0,44.0,44.0,44.0,44.0,44.0,44.0,44.0,44.0,44.0,44.0,44.0,31.0,44.0,44.0,44.0,44.0,44.0,715.0,697.0,766.0,766.0,814.0,794.0,846.0,926.0,745.0,758.0,805.0,747.0,765.0,686.0,749.0,-21.46469748020172,-21.46469748020172,17.48293364048004,3.9817638397216797,18.976545214653015,2.488152265548706,0.07767927646636963,3.7228522300720215,-25.187549710273743,18.093499302864075,-6.810033321380615,3.825439453125,0.4542412757873535,0.7382583618164062,-3.3711981773376465,-22.420701026916504,0.9560035467147827,-20.353516936302185,-1.1111805438995361,-20.79717582464218,-0.6675216555595398,-21.23283052444458,-0.2318669557571411,-24.660503642167896,3.195806161966175,-24.917565767653286,3.4528682874515653,-18.776251792907715,-2.6884456872940063,-10.472896814346313,-10.991800665855408,1.1369094848632812,-22.601606965065002,21.38701820373535,0.07767927646636963,-0.4878340336409482,0.3973394009200009,0.09049463272094727,1.0,8.762737125152277e-06,0.37386895445539947,0.3233851094207059,0.9858436423293103,0.975556411261415,0.37386019171827434,0.0,0.0,0.0
smollm2-135m,toolshed,toolshed-0009-s0-hallucinated_entity-2,-24.16400384902954,-20.75737714767456,-27.087641716003418,-24.452319145202637,-13.881247639656067,-19.082053303718567,-2.5563663840293884,-9.445251107215881,-2.556356370449066,-9.445242524147034,-1.9977349042892456,-8.960142970085144,,,-0.6370732709765434,-6.6369596645236015,-0.11903156712651253,-8.099867064505816,-16.863511562347412,-5.888493061065674,-2.3776934146881104,-9.960243582725525,-1.994056224822998,-5.308339595794678,-3.4362232089042664,-10.456633031368256,-2.135757803916931,-9.763754963874817,-26.68660259246826,-26.554970741271973,-26.829319953918457,-22.04046630859375,-1.7737510204315186,-10.203160285949707,False,False,False,False,False,False,True,False,True,False,True,False,,,True,False,True,False,False,False,True,False,True,False,False,False,True,False,False,False,False,False,False,False,10.0,9.0,10.0,9.0,8.0,11.0,10.0,9.0,10.0,9.0,10.0,9.0,,,10.0,9.0,10.0,9.0,10.0,9.0,10.0,9.0,10.0,9.0,10.0,9.0,10.0,9.0,8.0,11.0,10.0,9.0,10.0,9.0,638.0,622.0,653.0,653.0,667.0,,695.0,737.0,652.0,643.0,665.0,638.0,648.0,611.0,668.0,-24.27295356988907,-24.27295356988907,23.39309674501419,0.8798568248748779,24.693562150001526,-0.4206085801124573,-0.7826153635978699,-2.665316104888916,-21.607637465000153,12.595215201377869,1.2830891609191895,4.788853645324707,-6.888884723186493,3.4066267013549805,-11.6777383685112,-24.83158504962921,0.5586314797401428,-24.451626539230347,0.17867296934127808,-24.83526372909546,0.5623101592063904,,,-26.192246682941914,1.919293113052845,-26.710288386791945,2.437334816902876,-24.27296358346939,1.0013580322265625e-05,-9.965808391571045,-14.307145178318024,0.25832176208496094,-24.53127533197403,25.05556893348694,-0.7826153635978699,-2.427295356988907,2.3393096745014192,0.0879856824874878,1.0,0.008088480367278798,0.9989698771236162,0.03208900457396503,0.9991073382987276,0.9997816972270733,0.9908813967563374,0.0,1.0,0.0
smollm2-135m,toolshed,toolshed-0009-s1-drop_arg-0,-13.90842342376709,-24.065468788146973,-20.133313179016113,-29.027722358703613,-18.680066108703613,-20.700554132461548,-2.9268487691879272,-13.650949716567993,-4.427892446517944,-12.77476191520691,-2.2162163257598877,-14.848609328269958,-2.7800533771514893,-13.120161533355713,-0.21564701199531555,-13.724351406097412,-0.08222300931811333,-15.170219760388136,-8.408861875534058,-7.019250273704529,-3.426794171333313,-12.174029111862183,-3.262868285179138,-13.317712187767029,-3.506079912185669,-18.22093963623047,-4.2003337144851685,-24.541035532951355,-37.79607677459717,-30.654446601867676,-22.729050636291504,-29.5568208694458,-0.858833521604538,-16.78937104344368,False,False,False,False,False,False,True,False,False,False,True,False,True,False,True,False,True,False,False,False,False,False,False,False,False,False,False,False,False,False,False,False,True,False,13.0,26.0,13.0,26.0,26.0,28.0,13.0,26.0,13.0,26.0,13.0,26.0,13.0,26.0,13.0,26.0,13.0,26.0,13.0,26.0,13.0,26.0,13.0,26.0,13.0,26.0,13.0,26.0,26.0,28.0,13.0,26.0,13.0,26.0,725.0,708.0,736.0,736.0,753.0,764.0,775.0,814.0,755.0,731.0,759.0,727.0,737.0,697.0,735.0,-19.802201867103577,-19.802201867103577,19.222970724105835,0.5792311429977417,18.528716921806335,1.2734849452972412,-2.0680152475833893,-8.820627212524414,-10.981574654579163,15.905871152877808,5.491352081298828,-6.827770233154297,-10.724100947380066,-10.157045364379883,-3.896330714225769,-20.512834310531616,0.7106324434280396,-19.30225646495819,-0.49994540214538574,-19.466182351112366,-0.33601951599121094,-19.948997259140015,0.146795392036438,-22.51340362429619,2.7112017571926117,-22.64682762697339,2.844625759869814,-18.30115818977356,-1.501043677330017,-14.320188760757446,-5.48201310634613,-2.5957374572753906,-17.206464409828186,21.870217114686966,-2.0680152475833893,-1.5232462974695058,1.4786900557004488,0.04455624176905705,1.0,0.9985570813825753,0.9999778292811792,0.999961199761536,0.9999995931658104,0.9999998793699777,0.0014207478986039135,0.0,1.0,0.0
smollm2-135m,toolshed,toolshed-0009-s1-readonly_target-3,-39.43238806724548,-22.75559973716736,-46.114325523376465,-29.027722358703613,-19.541510820388794,-25.40524387359619,-4.788188338279724,-20.884957551956177,-4.7058693170547485,-17.46674084663391,-1.6432828903198242,-17.652302980422974,,,-0.5185637027025223,-17.52605541050434,-0.24798382073640823,-19.569750018417835,-34.71993017196655,-13.65094804763794,-4.169038534164429,-19.278809547424316,-4.701331615447998,-20.875194549560547,-3.3468925952911377,-16.498894214630127,-3.888426423072815,-18.809741973876953,-22.729039192199707,-37.79608726501465,-51.60129928588867,-29.556827545166016,-1.027030199766159,-16.433873742818832,False,False,False,False,False,False,False,False,False,False,True,False,,,True,False,True,False,False,False,False,False,False,False,False,False,False,False,False,False,False,False,True,False,25.0,26.0,25.0,26.0,13.0,26.0,25.0,26.0,25.0,26.0,25.0,26.0,,,25.0,26.0,25.0,26.0,25.0,26.0,25.0,26.0,25.0,26.0,25.0,26.0,25.0,26.0,13.0,26.0,25.0,26.0,25.0,26.0,726.0,708.0,755.0,755.0,784.0,,813.0,871.0,736.0,750.0,765.0,739.0,757.0,697.0,747.0,-46.81311094760895,-46.81311094760895,48.254406690597534,-1.4412957429885864,47.71287286281586,-0.8997619152069092,-3.761158138513565,-12.168911218643188,-34.64419972896576,8.671869993209839,6.801227807998657,22.044471740722656,-16.096769213676453,16.676788330078125,-38.14124095439911,-49.95801639556885,3.1449054479599,-47.43226075172424,0.6191498041152954,-46.899967670440674,0.08685672283172607,,,-51.08273558318615,4.269624635577202,-51.353315465152264,4.540204517543316,-46.89542996883392,0.08231902122497559,-16.88136911392212,-29.93174183368683,-5.486973762512207,-41.32613718509674,50.57426908612251,-3.761158138513565,-1.872524437904358,1.9301762676239014,-0.057651829719543454,1.0,2.887130679695665e-13,0.9999995052491474,5.7195627300756705e-08,0.9999980584104428,0.9999997963460785,0.9999995052488587,0.0,0.0,0.0
smollm2-135m,toolshed,toolshed-0010-s1-date_format-3,-19.310235738754272,-11.989678144454956,-18.44409942626953,-10.72882604598999,-3.988461494445801,-20.34814453125,-1.6327952146530151,-8.420593023300171,-2.9622114300727844,-10.824607372283936,-1.1053061485290527,-11.257309436798096,-1.5330554842948914,-8.72631150484085,-0.2763507589697838,-9.488956071436405,-0.11300639808177948,-12.036326363682747,-15.129177451133728,-6.918947100639343,-2.372091293334961,-6.6175090074539185,-2.094731032848358,-11.240167438983917,-9.00480604171753,-17.09357500076294,-5.056652247905731,-14.563463687896729,-7.131046414375305,-22.664644718170166,-18.076127529144287,-9.729451179504395,-3.5168921053409576,-10.853155046701431,False,False,False,False,False,False,True,False,False,False,True,False,True,False,True,False,True,False,False,False,True,False,True,False,False,False,False,False,False,False,False,False,False,False,29.0,29.0,29.0,29.0,16.0,29.0,29.0,29.0,29.0,29.0,29.0,29.0,29.0,29.0,29.0,29.0,29.0,29.0,29.0,29.0,29.0,29.0,29.0,29.0,29.0,29.0,29.0,29.0,16.0,29.0,29.0,29.0,29.0,29.0,688.0,670.0,735.0,735.0,768.0,763.0,811.0,887.0,702.0,718.0,749.0,705.0,733.0,659.0,715.0,-16.443332314491272,-16.443332314491272,9.071321487426758,7.372010827064514,13.019475281238556,3.423857033252716,1.8840968906879425,1.2341082096099854,-17.677440524101257,1.3088581562042236,-2.2602269649505615,8.346676349639893,-6.787797808647156,7.320557594299316,-15.134474158287048,-16.970821380615234,0.5274890661239624,-15.704036235809326,-0.7392960786819458,-15.981396496295929,-0.461935818195343,-16.543072044849396,0.09973973035812378,-17.799776770174503,1.3564444556832314,-17.963121131062508,1.5197888165712357,-15.113916099071503,-1.3294162154197693,-2.946950078010559,-13.496382236480713,0.36797189712524414,-16.811304211616516,14.55923542380333,1.8840968906879425,-0.5670114591203886,0.31280418922161235,0.25420726989877634,1.0,1.64225893679943e-05,0.9124439262486971,0.0006613554158074903,0.9996931267859887,0.9993489435520003,0.9124275036593291,0.0,1.0,0.0
smollm2-135m,toolshed,toolshed-0010-s1-tool_typo-1,-19.071956396102905,-14.899160385131836,-23.51333522796631,-10.72882604598999,-3.104926109313965,-16.687440037727356,-3.4120973348617554,-3.237316131591797,-3.7595261335372925,-4.19806432723999,-1.4217938482761383,-1.8544636964797974,-3.6972436904907227,-2.728286862373352,-2.1646690517663956,-0.5179722160100937,-1.1768924221396446,-0.7196865677833557,-16.35080862045288,-6.918947100639343,-3.3132301568984985,-6.467051982879639,-3.763017773628235,-4.348203778266907,-11.218997240066528,-7.34183657169342,-6.9356689453125,-6.6794843673706055,-7.131053924560547,-24.078455924987793,-22.664668083190918,-9.729456901550293,-5.859150588512421,-3.05128812789917,False,False,False,False,True,False,False,False,False,False,True,False,False,True,False,True,False,True,False,False,True,False,False,False,False,False,False,False,False,False,False,False,False,False,29.0,29.0,29.0,29.0,16.0,29.0,29.0,29.0,29.0,29.0,29.0,29.0,29.0,29.0,29.0,29.0,29.0,29.0,29.0,29.0,29.0,29.0,29.0,29.0,29.0,29.0,29.0,29.0,16.0,29.0,29.0,29.0,29.0,29.0,686.0,670.0,722.0,722.0,755.0,750.0,785.0,848.0,702.0,712.0,777.0,705.0,724.0,659.0,703.0,-19.252570748329163,-19.252570748329163,11.44567084312439,7.806899905204773,15.728999137878418,3.5235716104507446,2.4470532536506653,-3.5927116870880127,-15.65985906124115,6.492140769958496,-5.169703483581543,12.935211181640625,0.1747812032699585,4.172796010971069,-12.760429978370667,-21.24287423491478,1.990303486585617,-19.35143792629242,0.09886717796325684,-18.901650309562683,-0.3509204387664795,-18.967424392700195,-0.2851463556289673,-20.499999031424522,1.2474282830953598,-21.487775661051273,2.2352049127221107,-18.905141949653625,-0.3474287986755371,-6.313859462738037,-12.938711285591125,0.8486671447753906,-20.101237893104553,16.805517494678497,2.4470532536506653,-0.6638817499423849,0.3946783049353238,0.2692034450070611,1.0,1.6698371304642654e-07,0.2816456279401572,0.01517527816104783,0.02028935967554817,0.05690077917241421,0.28164546095644416,0.0,0.0,0.0
smollm2-135m,toolshed,toolshed-0011-s0-hallucinated_entity-4,-27.276591777801514,-18.841004848480225,-26.363345623016357,-17.865222454071045,-7.801657974720001,-17.308409512043,-0.7751629650592804,-10.304933369159698,-0.775161862373352,-10.304932683706284,-0.7952429950237274,-13.83581668138504,-0.6082541942596436,-11.01219928264618,-0.2499080989509821,-7.770180532708764,-0.08790352940559387,-12.374750174582005,-9.810632467269897,-5.129994630813599,-1.0209063291549683,-8.1195387840271,-1.003918394446373,-12.423188492655754,-1.3699853718280792,-7.012943744659424,-1.9799942672252655,-8.858701944351196,-23.72005319595337,-21.88859224319458,-26.646698474884033,-16.79283094406128,-3.4793312549591064,-6.990814208984375,False,False,False,False,False,False,True,False,True,False,True,False,True,False,True,False,True,False,False,False,True,False,True,False,True,False,True,False,False,False,False,False,False,False,21.0,21.0,21.0,21.0,15.0,21.0,21.0,21.0,21.0,21.0,21.0,21.0,21.0,21.0,21.0,21.0,21.0,21.0,21.0,21.0,21.0,21.0,21.0,21.0,21.0,21.0,21.0,21.0,15.0,21.0,21.0,21.0,21.0,21.0,638.0,621.0,661.0,661.0,686.0,689.0,712.0,763.0,653.0,653.0,686.0,648.0,665.0,610.0,653.0,-25.871535509824753,-25.871535509824753,25.276713103055954,0.5948224067687988,24.666704207658768,1.204831302165985,2.704168289899826,0.6298933029174805,-26.501428812742233,6.487897574901581,-2.0481739044189453,9.853867530822754,-9.529770404100418,8.435586929321289,-19.383637934923172,-25.851455479860306,-0.02008002996444702,-25.625792145729065,-0.24574336409568787,-25.64278008043766,-0.2287554293870926,-26.03844428062439,0.16690877079963684,-26.39679037593305,0.5252548661082983,-26.55879494547844,0.6872594356536865,-25.87153661251068,1.1026859283447266e-06,-16.836066007614136,-9.035469502210617,-0.2833528518676758,-25.588182657957077,23.167367219924927,2.704168289899826,-1.2319778814202262,1.2036530049074263,0.028324876512799944,1.0,5.217025999302809e-05,0.9990401609484455,0.0002169586205144548,0.9964701308850209,0.9710127340452842,0.9989879906884525,0.0,1.0,0.0
smollm2-135m,toolshed,toolshed-0011-s0-type_swap-3,-23.1480073928833,-18.697285652160645,-21.830703258514404,-17.865222454071045,-11.863418698310852,-13.607192158699036,-2.2707163095474243,-4.977037072181702,-2.27071213722229,-4.977024793624878,-0.6434518247842789,-4.837020009756088,-1.417629063129425,-4.145627319812775,-0.09669581428170204,-4.785811621695757,-0.06983343232423067,-5.703858342953026,-14.951738238334656,-5.130017638206482,-0.7628189623355865,-3.212058961391449,-0.9714907705783844,-2.2675513327121735,-1.2385571002960205,-4.98356157541275,-1.626634418964386,-5.53813374042511,-23.720040321350098,-21.88859272003174,-21.635937690734863,-16.79281997680664,-3.1900635957717896,-6.152401089668274,False,False,False,False,False,False,False,False,False,False,True,False,True,False,True,False,True,False,False,False,True,False,True,False,True,False,True,False,False,False,False,False,False,False,21.0,21.0,21.0,21.0,15.0,21.0,21.0,21.0,21.0,21.0,21.0,21.0,21.0,21.0,21.0,21.0,21.0,21.0,21.0,21.0,21.0,21.0,21.0,21.0,21.0,21.0,21.0,21.0,15.0,21.0,21.0,21.0,21.0,21.0,639.0,621.0,663.0,663.0,688.0,691.0,716.0,769.0,653.0,655.0,692.0,648.0,665.0,610.0,653.0,-19.36522138118744,-19.36522138118744,20.397380590438843,-1.0321592092514038,20.009303271770477,-0.6440818905830383,0.9193472862243652,1.5120697021484375,-20.877291083335876,11.815782904624939,-1.904465675354004,4.843117713928223,-2.7063207626342773,4.450721740722656,-7.5494384765625,-20.992485865950584,1.6272644847631454,-20.873118728399277,1.5078973472118378,-20.66444692015648,1.29922553896904,-20.21830862760544,0.8530872464179993,-21.53924187645316,2.1740204952657223,-21.566104258410633,2.2008828772231936,-19.365225553512573,4.172325134277344e-06,-6.6841994524002075,-12.681021928787231,0.19476556777954102,-19.55998694896698,18.445874094963074,0.9193472862243652,-0.9221533991041637,0.9713038376399449,-0.04915043853578113,1.0,0.007766060367510157,0.9373281612104303,0.011535519968185698,0.9769102158548771,0.9508433642000562,0.9295621008429201,0.0,0.0,0.0
smollm2-135m,toolshed,toolshed-0011-s1-arg_typo-2,-24.786104917526245,-19.499308347702026,-33.05904197692871,-30.31593894958496,-7.538461446762085,-13.617908954620361,-3.2523045539855957,-6.458674192428589,-2.0881676077842712,-7.504446744918823,-3.1838762164115906,-8.013022184371948,-2.8586395978927612,-6.067113280296326,-0.15765233244746923,-4.753329514525831,-0.06901718536391854,-5.35611859569326,-14.079009771347046,-5.911219358444214,-3.668155312538147,-9.795989513397217,-2.7516438961029053,-4.59426486492157,-4.762435436248779,-14.188177108764648,-3.3444608449935913,-11.745445489883423,-29.0423583984375,-29.094470977783203,-32.40612030029297,-28.217350006103516,-3.086841344833374,-10.549034595489502,False,False,False,False,False,False,True,False,False,False,False,False,True,False,True,False,True,False,False,False,True,False,False,False,False,False,False,False,False,False,False,False,False,False,24.0,22.0,24.0,22.0,12.0,22.0,24.0,22.0,24.0,22.0,24.0,22.0,24.0,22.0,24.0,22.0,24.0,22.0,24.0,22.0,24.0,22.0,24.0,22.0,24.0,22.0,24.0,22.0,12.0,22.0,24.0,22.0,24.0,22.0,682.0,664.0,713.0,713.0,741.0,741.0,773.0,833.0,691.0,700.0,731.0,694.0,714.0,653.0,701.0,-29.153815746307373,-29.153815746307373,27.64368486404419,1.5101308822631836,29.061659455299377,0.0921562910079956,-0.16546320915222168,-7.620015382766724,-21.53380036354065,21.758675813674927,8.71804165840149,4.188770294189453,-3.206369638442993,5.286796569824219,-7.395139932632446,-29.222244083881378,0.06842833757400513,-28.737964987754822,-0.41585075855255127,-29.654476404190063,0.5006606578826904,-29.547480702400208,0.3936649560928345,-32.2484679678455,3.0946522215381265,-32.33710311492905,3.183287368621677,-30.317952692508698,1.1641369462013245,-18.327110528945923,-10.82670521736145,0.6529216766357422,-29.806737422943115,29.319278955459595,-0.16546320915222168,-1.2147423227628071,1.1518202026685078,0.06292212009429932,1.0,0.008112295005012472,0.9485033062767945,0.00503248310057845,0.9999193847153883,0.999425934743458,0.940391011271782,0.0,1.0,0.0
smollm2-135m,toolshed,toolshed-0012-s0-hallucinated_entity-2,-30.68509006500244,-15.827961921691895,-31.991243362426758,-17.869163513183594,-6.5101470947265625,-13.46839189529419,-2.394246280193329,-3.7806036472320557,-2.3942489624023438,-3.780607223510742,-2.6248638033866882,-4.485528230667114,,,-0.19220277667045593,-3.800800308585167,-0.056190405040979385,-5.8133228570222855,-21.801685333251953,-3.9483574628829956,-1.700108379125595,-8.501971125602722,-3.0259366035461426,-3.4656542539596558,-3.768660545349121,-8.5899076461792,-2.7110653817653656,-7.263411045074463,-17.714404106140137,-23.666990280151367,-33.68959426879883,-18.283562660217285,-3.8490716218948364,-11.352464199066162,False,False,False,False,False,False,False,False,False,False,False,False,,,True,False,True,False,False,False,True,False,False,False,False,False,False,False,False,False,False,False,False,False,11.0,12.0,11.0,12.0,13.0,14.0,11.0,12.0,11.0,12.0,11.0,12.0,,,11.0,12.0,11.0,12.0,11.0,12.0,11.0,12.0,11.0,12.0,11.0,12.0,11.0,12.0,13.0,14.0,11.0,12.0,11.0,12.0,640.0,625.0,663.0,663.0,678.0,,712.0,761.0,660.0,649.0,695.0,642.0,659.0,614.0,670.0,-31.2953479886055,-31.2953479886055,29.920933723449707,1.3744142651557922,30.978528887033463,0.31681910157203674,1.4548253417015076,-3.0045042037963867,-28.290843784809113,14.50295901298523,2.4556007385253906,15.406031608581543,-1.3863573670387268,14.857128143310547,-16.79238897562027,-31.06473046541214,-0.23061752319335938,-31.989485889673233,0.6941379010677338,-30.663657665252686,-0.6316903233528137,,,-33.49739149212837,2.202043503522873,-33.63340386375785,2.3380558751523495,-31.295345306396484,-2.682209014892578e-06,-11.887908935546875,-19.407439053058624,-1.6983509063720703,-29.59699708223343,29.84052264690399,1.4548253417015076,-2.8450316353277727,2.720084883949973,0.1249467513777993,1.0,7.354457693380886e-08,0.7896954239054499,3.5288327649042826e-07,0.9920076588486659,0.9994490924983396,0.7896953503608729,0.0,0.0,0.0
smollm2-135m,toolshed,toolshed-0012-s1-arg_typo-1,-13.219947814941406,-10.00518798828125,-15.651674270629883,-12.3626708984375,-12.29891562461853,-25.599870443344116,-4.317356586456299,-5.362106084823608,-4.276666879653931,-6.266116380691528,-4.253265857696533,-6.186497688293457,-3.9142202138900757,-4.789362549781799,-0.2615306181833148,-2.666541467420757,-0.11156173422932625,-3.511929791420698,-9.732649087905884,-4.279762029647827,-2.875533103942871,-7.197914481163025,-5.170040607452393,-7.016574144363403,-4.687347650527954,-10.514158010482788,-3.9910861253738403,-9.72454833984375,-15.629637241363525,-26.925126552581787,-12.499812602996826,-9.709160804748535,-4.362915873527527,-10.05344033241272,False,False,False,False,False,False,False,False,False,False,False,False,False,False,True,False,True,False,False,False,True,False,False,False,False,False,False,False,False,False,False,False,False,False,15.0,13.0,15.0,13.0,13.0,15.0,15.0,13.0,15.0,13.0,15.0,13.0,15.0,13.0,15.0,13.0,15.0,13.0,15.0,13.0,15.0,13.0,15.0,13.0,15.0,13.0,15.0,13.0,13.0,15.0,15.0,13.0,15.0,13.0,700.0,682.0,722.0,722.0,741.0,750.0,773.0,824.0,716.0,709.0,736.0,703.0,721.0,671.0,708.0,-8.182456016540527,-8.182456016540527,7.812464952468872,0.3699910640716553,8.508726477622986,-0.3262704610824585,0.04555928707122803,0.7201352119445801,-8.902591228485107,4.347054719924927,-0.29602718353271484,2.790651798248291,-1.0447494983673096,3.2147598266601562,-3.8354012966156006,-8.246546745300293,0.06409072875976562,-9.624279499053955,1.4418234825134277,-7.329771995544434,-0.8526840209960938,-8.58559238910675,0.40313637256622314,-12.238281984813511,4.055825968272984,-12.3882508687675,4.205794852226973,-8.223145723342896,0.040689706802368164,-2.7671635150909424,-5.415292501449585,3.1518616676330566,-11.334317684173584,8.1368967294693,0.04555928707122803,-0.5454970677693685,0.5208309968312581,0.02466607093811035,1.0,0.05768555889584565,0.7395784320776174,0.03861404683372529,0.9970611986594161,0.9966335502879289,0.6818928731817717,0.0,0.0,0.0
smollm2-135m,toolshed,toolshed-0012-s2-name_for_email-3,-23.926383018493652,-27.62155246734619,-26.001437187194824,-29.23301410675049,-13.383405208587646,-18.81277322769165,-4.4067747592926025,-11.81140947341919,-5.605711936950684,-15.115118980407715,-2.842924475669861,-12.067944526672363,-3.9570438861846924,-11.809495687484741,-0.27211446315050125,-9.453518576920033,-0.13932479545474052,-10.639471884816885,-23.2925705909729,-20.042850971221924,-7.375927925109863,-13.866507530212402,-5.261721730232239,-13.176085710525513,-8.389579057693481,-17.457319974899292,-6.599444508552551,-16.216553807258606,-23.339943885803223,-36.06577014923096,-26.242220878601074,-30.93618679046631,-4.215732932090759,-11.758772134780884,False,False,False,False,False,False,False,False,False,False,True,False,False,False,True,False,True,False,False,False,False,False,False,False,False,False,False,False,False,False,False,False,False,False,26.0,31.0,26.0,31.0,22.0,31.0,26.0,31.0,26.0,31.0,26.0,31.0,26.0,31.0,26.0,31.0,26.0,31.0,26.0,31.0,26.0,31.0,26.0,31.0,26.0,31.0,26.0,31.0,22.0,31.0,26.0,31.0,26.0,31.0,731.0,714.0,766.0,766.0,796.0,794.0,829.0,892.0,751.0,758.0,779.0,746.0,765.0,703.0,749.0,-21.83544611930847,-21.83544611930847,17.852641820907593,3.982804298400879,19.642776370048523,2.1926697492599487,-0.19104182720184326,-2.315837860107422,-19.51960825920105,19.12477731704712,3.314634323120117,-4.693965911865234,-7.404634714126587,-3.695169448852539,-2.7106688022613525,-23.399296402931213,1.5638502836227417,-18.86629295349121,-2.9691531658172607,-20.980499148368835,-0.8549469709396362,-22.285176992416382,0.44973087310791016,-25.970106415450573,4.134660296142101,-26.102896083146334,4.267449963837862,-20.63650894165039,-1.198937177658081,-2.949650287628174,-18.885795831680298,-0.24078369140625,-21.59466242790222,22.026487946510315,-0.19104182720184326,-0.8398248507426336,0.6866400700349075,0.15318478070772612,1.0,0.05201620154120173,0.9992652320906743,0.9757589818728958,0.9998846865214084,0.9994704954751539,0.9472490305494726,0.0,0.0,0.0
smollm2-135m,toolshed,toolshed-0013-s1-arg_typo-1,-11.789546489715576,-8.253624677658081,,,-10.028424501419067,-16.958945274353027,-6.080607891082764,-7.785858154296875,,,,,,,,,,,,,,,,,-5.953236699104309,-10.813393115997314,,,-9.342876672744751,-22.517324447631836,-14.289395332336426,-12.039970874786377,-1.3491403758525848,-7.782612085342407,False,False,,,False,False,False,False,,,,,,,,,,,,,,,,,False,False,,,False,False,False,False,False,False,11.0,13.0,,,13.0,13.0,11.0,13.0,,,,,,,,,,,,,,,,,11.0,13.0,,,13.0,13.0,11.0,13.0,11.0,13.0,733.0,,751.0,,,,,,,,,732.0,,704.0,734.0,-8.208787441253662,-8.208787441253662,8.336158633232117,-0.1273711919784546,,,-4.731467515230179,-2.4998488426208496,-5.7089385986328125,4.254112720489502,3.786346197128296,2.249424457550049,-1.7052502632141113,3.535921812057495,-3.95467472076416,,,,,,,,,,,,,,,,,,,12.940254956483841,-4.731467515230179,-0.7462534037503329,0.7578326030211016,-0.011579199270768599,1.0,0.006615205473875064,0.8326099676240012,0.028307246864987014,0.9923103177574901,0.9983957152854408,0.8259947621501261,0.0,0.0,0.0
smollm2-135m,toolshed,toolshed-0014-s1-arg_typo-2,-32.20004177093506,-23.4697847366333,,,-9.3394855260849,-12.277677536010742,-3.3413013219833374,-7.497150301933289,,,,,,,,,,,,,,,,,-8.123740911483765,-11.651160717010498,,,-12.717597007751465,-24.538843154907227,-25.988155364990234,-18.041515350341797,-4.102020263671875,-7.098992586135864,False,False,,,False,False,True,False,,,,,,,,,,,,,,,,,False,False,,,False,False,False,False,False,False,44.0,44.0,,,31.0,44.0,44.0,44.0,,,,,,,,,,,,,,,,,44.0,44.0,,,31.0,44.0,44.0,44.0,44.0,44.0,710.0,,759.0,,,,,,,,,742.0,,681.0,744.0,-22.646854043006897,-22.646854043006897,17.86441445350647,4.782439589500427,,,0.7607189416885376,6.211886405944824,-28.85874044895172,10.544365048408508,-5.428269386291504,7.9466400146484375,-4.155848979949951,8.730257034301758,-12.102488994598389,,,,,,,,,,,,,,,,,,,21.88613510131836,0.7607189416885376,-0.5147012282501567,0.4060094193978743,0.10869180885228244,1.0,1.716146535944523e-06,0.9820411639933768,0.00016159479167165573,0.9714579572010579,0.9524371588891366,0.9820394478468408,0.0,1.0,0.0
smollm2-135m,toolshed,toolshed-0014-s1-date_format-4,-34.861154317855835,-22.567222356796265,-31.66162872314453,-19.554027557373047,-10.073633193969727,-10.532140731811523,-2.909221887588501,-7.989381790161133,-4.966195583343506,-10.896610975265503,-2.2108744382858276,-10.08331310749054,-3.4098565578460693,-8.658806324005127,-0.3686733329668641,-8.311820575036108,-0.208115148358047,-8.822179379872978,-29.945327520370483,-12.630100011825562,-4.148736119270325,-8.937044620513916,-2.6800307035446167,-9.936907649040222,-8.081074595451355,-14.745614051818848,-5.963188171386719,-12.802831172943115,-12.71760368347168,-24.538851737976074,-29.054614067077637,-18.041515350341797,-4.06074070930481,-10.552165508270264,False,False,False,False,False,False,True,False,False,False,True,False,False,False,True,False,True,False,False,False,False,False,True,False,False,False,False,False,False,False,False,False,False,False,44.0,44.0,44.0,44.0,31.0,44.0,44.0,44.0,44.0,44.0,44.0,44.0,44.0,44.0,44.0,44.0,44.0,44.0,44.0,44.0,44.0,44.0,44.0,44.0,44.0,44.0,44.0,44.0,31.0,44.0,44.0,44.0,44.0,44.0,709.0,692.0,771.0,771.0,819.0,799.0,861.0,951.0,740.0,755.0,785.0,742.0,770.0,681.0,744.0,-26.145392179489136,-26.145392179489136,20.97353947162628,5.171852707862854,23.091425895690918,3.0539662837982178,1.1515188217163086,5.806540250778198,-31.951932430267334,10.052133560180664,-4.525707006454468,11.01309871673584,-5.080159902572632,12.29393196105957,-16.09325861930847,-26.84373962879181,0.6983474493026733,-24.905877947807312,-1.2395142316818237,-26.37458336353302,0.22919118404388428,-25.644757509231567,-0.5006346702575684,-28.685940734110773,2.540548554621637,-28.84649891871959,2.701106739230454,-24.08841848373413,-2.056973695755005,0.8907134532928467,-27.036105632781982,2.6070146560668945,-28.75240683555603,24.993873357772827,1.1515188217163086,-0.594213458624753,0.47667135162787005,0.11754210699688304,1.0,7.994878544865135e-08,0.9925738986753788,4.579427624348179e-06,0.9987262805877486,0.9984859090261038,0.9925738187265933,0.0,1.0,0.0
smollm2-135m,toolshed,toolshed-0014-s1-hallucinated_entity-5,-35.143744707107544,-18.932414293289185,,,-9.680037498474121,-14.9580397605896,-7.402513027191162,-10.932014465332031,,,,,,,,,,,,,,,,,-7.884111642837524,-14.334720611572266,,,-12.71760368347168,-24.538851737976074,-36.08339786529541,-18.041515350341797,-3.8699218034744263,-10.263149499893188,False,False,,,False,False,False,False,,,,,,,,,,,,,,,,,False,False,,,False,False,False,False,False,False,45.0,44.0,,,31.0,44.0,45.0,44.0,,,,,,,,,,,,,,,,,45.0,44.0,,,31.0,44.0,45.0,44.0,45.0,44.0,708.0,,777.0,,,,,,,,,743.0,,681.0,745.0,-28.680884838104248,-28.680884838104248,28.199286222457886,0.4815986156463623,,,-3.532591223716736,-0.9396531581878662,-27.741231679916382,7.109500885009766,-0.8908989429473877,18.041882514953613,-3.529501438140869,16.21133041381836,-21.571383953094482,,,,,,,,,,,,,,,,,,,32.213476061820984,-3.532591223716736,-0.6373529964023166,0.6266508049435086,0.01070219145880805,1.0,7.083532439593677e-11,0.8830954154572591,9.109795280231964e-08,0.9984229311017525,0.9983299457145085,0.8830954153864238,0.0,0.0,0.0
smollm2-135m,toolshed,toolshed-0015-s1-drop_arg-0,-13.88652515411377,-26.267627716064453,-19.161879062652588,-30.59665536880493,-20.103489875793457,-21.807079434394836,-2.642671585083008,-14.797732472419739,-3.6682788133621216,-14.117455959320068,-2.1949999928474426,-16.4453284740448,-2.485314130783081,-14.342747807502747,-0.21766628697514534,-14.27377288416028,-0.08283681608736515,-15.423120865598321,-8.127942562103271,-6.710069835186005,-3.165390133857727,-13.149050951004028,-2.953972578048706,-13.63727879524231,-3.4151774644851685,-19.30504298210144,-4.080440282821655,-25.477689743041992,-40.66825866699219,-36.09233283996582,-22.16794204711914,-34.73219108581543,-0.7627438306808472,-16.86662483215332,False,False,False,False,False,False,True,False,False,False,True,False,True,False,True,False,True,False,False,False,False,False,False,False,False,False,False,False,False,False,False,False,True,False,13.0,27.0,13.0,27.0,27.0,29.0,13.0,27.0,13.0,27.0,13.0,27.0,13.0,27.0,13.0,27.0,13.0,27.0,13.0,27.0,13.0,27.0,13.0,27.0,13.0,27.0,13.0,27.0,27.0,29.0,13.0,27.0,13.0,27.0,728.0,711.0,739.0,739.0,756.0,767.0,778.0,817.0,759.0,734.0,762.0,730.0,740.0,700.0,738.0,-19.525270462036133,-19.525270462036133,18.752764582633972,0.7725058794021606,18.087501764297485,1.4377686977386475,-1.8799277544021606,-8.281416893005371,-11.243853569030762,19.93445861339569,8.464563369750977,-12.564249038696289,-12.155060887336731,-12.381102561950684,0.4091881513595581,-19.972942054271698,0.4476715922355652,-19.002551913261414,-0.5227185487747192,-19.213969469070435,-0.31130099296569824,-19.68262791633606,0.15735745429992676,-21.950275760143995,2.4250052981078625,-22.085105231031775,2.5598347689956427,-18.49966323375702,-1.0256072282791138,-14.03999948501587,-5.485270977020264,-3.0060629844665527,-16.51920747756958,21.405198216438293,-1.8799277544021606,-1.5019438816950872,1.4425203525103056,0.05942352918478159,1.0,0.9999955991981502,0.9999947074849144,0.9999958028580781,0.9999998743625731,0.9999998985683946,-8.917132358066127e-07,0.0,1.0,0.0
smollm2-135m,toolshed,toolshed-0016-s0-tool_typo-0,-17.06144428253174,-19.557497024536133,-24.573904037475586,-22.7531795501709,-13.563477039337158,-26.414856910705566,-3.6562397480010986,-6.858840465545654,-3.65623140335083,-6.858837962150574,-1.5012001395225525,-6.7529497146606445,-3.525585889816284,-6.841509819030762,-0.611088290810585,-7.52448233962059,-0.19411489367485046,-8.508593007922173,-8.168905973434448,-6.509109735488892,-2.2845263481140137,-6.768719434738159,-2.9346097707748413,-5.777714908123016,-5.650688409805298,-6.237566232681274,-3.222474992275238,-5.816063225269318,-24.4276704788208,-43.34197521209717,-23.60333251953125,-22.874897003173828,-1.6843748688697815,-4.861961364746094,False,False,False,False,False,False,True,False,True,False,True,False,True,False,True,False,True,False,False,False,True,False,True,False,False,False,False,False,False,False,False,False,True,False,12.0,12.0,12.0,12.0,14.0,15.0,12.0,12.0,12.0,12.0,12.0,12.0,12.0,12.0,12.0,12.0,12.0,12.0,12.0,12.0,12.0,12.0,12.0,12.0,12.0,12.0,12.0,12.0,14.0,15.0,12.0,12.0,12.0,12.0,649.0,634.0,667.0,667.0,683.0,695.0,711.0,755.0,673.0,658.0,722.0,652.0,662.0,623.0,650.0,-19.94709277153015,-19.94709277153015,17.952644109725952,1.9944486618041992,20.380857527256012,-0.4337647557258606,-1.9718648791313171,-6.541888236999512,-13.40520453453064,16.016056537628174,3.3173999786376953,0.7284355163574219,-3.2026007175445557,-2.4960527420043945,-3.9310362339019775,-22.102132380008698,2.155039608478546,-21.318806171417236,1.371713399887085,-20.66872274875641,0.7216299772262573,-20.077746629714966,0.13065385818481445,-22.992244228720665,3.0451514571905136,-23.4092176258564,3.462124854326248,-19.94710111618042,8.344650268554688e-06,-15.434426546096802,-4.51266622543335,0.9705715179443359,-20.917664289474487,21.91895765066147,-1.9718648791313171,-1.662257730960846,1.496053675810496,0.16620405515034994,1.0,0.28487091018210203,0.9608860349558458,0.9238646388270898,0.6426484530662735,0.9599820504979423,0.6760151247737438,0.0,1.0,0.0
smollm2-135m,toolshed,toolshed-0016-s1-arg_typo-2,-28.219136238098145,-13.845484733581543,-23.76096820831299,-10.369009017944336,-6.7489142417907715,-16.943293571472168,-3.3001253604888916,-8.010926246643066,-1.6454009413719177,-7.872494697570801,-2.0830005407333374,-7.0484782457351685,-3.1993625164031982,-7.377741813659668,-0.1342808697372675,-5.065331304445863,-0.10778688453137875,-5.6163881327956915,-20.588112592697144,-7.472926378250122,-4.107040643692017,-12.217750072479248,-2.911842942237854,-7.011934280395508,-9.653087854385376,-17.95449686050415,-6.427404046058655,-15.95801067352295,-7.387958288192749,-23.059590339660645,-22.598748207092285,-9.797672271728516,-3.8768352270126343,-11.43235957622528,False,False,False,False,False,False,True,False,True,False,True,False,True,False,True,False,True,False,False,False,True,False,True,False,False,False,False,False,False,False,False,False,False,False,28.0,28.0,28.0,28.0,15.0,28.0,28.0,28.0,28.0,28.0,28.0,28.0,28.0,28.0,28.0,28.0,28.0,28.0,28.0,28.0,28.0,28.0,28.0,28.0,28.0,28.0,28.0,28.0,15.0,28.0,28.0,28.0,28.0,28.0,685.0,666.0,718.0,718.0,750.0,746.0,781.0,844.0,697.0,704.0,737.0,700.0,718.0,655.0,711.0,-19.298622846603394,-19.298622846603394,12.94566035270691,6.352962493896484,16.17134416103363,3.127278685569763,0.5767098665237427,5.620388031005859,-24.919010877609253,1.7867460250854492,-4.047812461853027,12.80107593536377,-4.710800886154175,14.373651504516602,-17.511876821517944,-20.515747666358948,1.2171248197555542,-18.49170756340027,-0.806915283203125,-19.68690526485443,0.3882824182510376,-19.399385690689087,0.10076284408569336,-22.464467337355018,3.165844490751624,-22.490961322560906,3.192338475957513,-20.953347265720367,1.6547244191169739,-2.0106356143951416,-17.287987232208252,1.1622200012207031,-20.460842847824097,18.72191298007965,0.5767098665237427,-0.6892365302358355,0.4623450125966753,0.22689151763916016,1.0,2.273393295830033e-07,0.9608152040539971,5.72271632217285e-07,0.9997518946595841,0.9994770618830384,0.9608149767146675,0.0,1.0,0.0
smollm2-135m,toolshed,toolshed-0016-s1-tool_typo-1,-18.99572229385376,-15.21541166305542,,,-3.7356454133987427,-17.35967230796814,-3.569056749343872,-3.7882723808288574,,,,,,,,,,,,,,,,,-10.480943202972412,-6.936712622642517,,,-7.3879581689834595,-22.598740577697754,-23.059605598449707,-9.797662734985352,-5.383226037025452,-3.295209050178528,False,False,,,False,False,False,True,,,,,,,,,,,,,,,,,False,False,,,False,False,False,False,False,False,28.0,28.0,,,15.0,28.0,28.0,28.0,,,,,,,,,,,,,,,,,28.0,28.0,,,15.0,28.0,28.0,28.0,28.0,28.0,682.0,,717.0,,,,,,,,,700.0,,655.0,698.0,-19.490548849105835,-19.490548849105835,12.578662395477295,6.91188645362854,,,1.8141692876815796,-4.063883304595947,-15.426665544509888,6.009390354156494,-5.417748928070068,13.261942863464355,-0.21921563148498535,3.78031063079834,-13.48115849494934,,,,,,,,,,,,,,,,,,,17.676379561424255,1.8141692876815796,-0.6960910303252084,0.4492379426956177,0.2468530876295907,1.0,1.4339247603145539e-07,0.37740160039149356,0.02230666312302541,0.02807959982891486,0.11026697384620357,0.37740145699901756,0.0,0.0,0.0
smollm2-135m,toolshed,toolshed-0017-s0-drop_arg-0,-21.424062967300415,-18.262117624282837,,,-16.787652611732483,-16.931241631507874,-3.1768524646759033,-5.773784279823303,,,,,,,,,,,,,,,,,-1.966286838054657,-4.284989953041077,,,-22.046385288238525,-21.914635181427002,-21.856804370880127,-16.657148838043213,-3.34855580329895,-6.154170989990234,False,False,,,False,False,False,False,,,,,,,,,,,,,,,,,True,False,,,False,False,False,False,False,False,15.0,21.0,,,21.0,21.0,15.0,21.0,,,,,,,,,,,,,,,,,15.0,21.0,,,21.0,21.0,15.0,21.0,15.0,21.0,638.0,,653.0,,,,,,,,,642.0,,610.0,647.0,-18.679951906204224,-18.679951906204224,19.89051753282547,-1.2105656266212463,,,0.17170333862304688,-0.4327414035797119,-18.24721050262451,10.88336455821991,-1.604968786239624,5.199655532836914,-2.5969318151474,3.161945343017578,-7.796587347984314,,,,,,,,,,,,,,,,,,,18.508248567581177,0.17170333862304688,-1.2453301270802817,1.3260345021883646,-0.08070437510808309,1.0,0.005435346062633155,0.9306618716522307,0.04062317006884857,0.9104142227940182,0.9429785050324021,0.9252265255895975,0.0,0.0,0.0
smollm2-135m,toolshed,toolshed-0017-s0-type_swap-3,-24.48452377319336,-18.974781036376953,,,-10.16404104232788,-14.513389110565186,-2.5893561244010925,-5.265238285064697,,,,,,,,,,,,,,,,,-1.9552282989025116,-5.729333519935608,,,-21.856817722320557,-22.046364307403564,-21.894728183746338,-16.65715265274048,-3.7780439853668213,-6.29297399520874,False,False,,,False,False,False,False,,,,,,,,,,,,,,,,,True,False,,,False,False,False,False,False,False,21.0,21.0,,,15.0,21.0,21.0,21.0,,,,,,,,,,,,,,,,,21.0,21.0,,,15.0,21.0,21.0,21.0,21.0,21.0,639.0,,663.0,,,,,,,,,648.0,,610.0,653.0,-19.305372059345245,-19.305372059345245,19.939499884843826,-0.6341278254985809,,,1.1886878609657288,2.5897955894470215,-21.895167648792267,11.391914367675781,-2.3176283836364746,5.237575531005859,-2.6758821606636047,5.509742736816406,-7.913457691669464,,,,,,,,,,,,,,,,,,,18.116684198379517,1.1886878609657288,-0.9193034313973927,0.9494999945163727,-0.030196563118980044,1.0,0.005232556505706151,0.9351335455696664,0.004030835043868924,0.9775576006995307,0.9251818638207022,0.9299009890639602,0.0,0.0,0.0
smollm2-135m,toolshed,toolshed-0017-s1-drop_arg-0,-16.70607030391693,-21.1987327337265,,,-11.544355392456055,-13.936143517494202,-2.0086328983306885,-6.2407180070877075,,,,,,,,,,,,,,,,,-5.57334566116333,-14.637663841247559,,,-30.966841220855713,-32.97060441970825,-28.420734882354736,-29.4245285987854,-1.0985023975372314,-11.204676330089569,False,False,,,False,False,True,False,,,,,,,,,,,,,,,,,False,False,,,False,False,False,False,True,False,12.0,23.0,,,23.0,25.0,12.0,23.0,,,,,,,,,,,,,,,,,12.0,23.0,,,23.0,25.0,12.0,23.0,12.0,23.0,682.0,,692.0,,,,,,,,,683.0,,654.0,690.0,-26.412101984024048,-26.412101984024048,22.847389221191406,3.5647127628326416,,,-0.910130500793457,-11.714664578437805,-14.697437405586243,23.183810591697693,8.225795865058899,-1.003793716430664,-4.232085108757019,-4.49266242980957,-3.228291392326355,,,,,,,,,,,,,,,,,,,27.322232484817505,-0.910130500793457,-2.2010084986686707,1.9039491017659504,0.29705939690272015,1.0,0.6870768241422931,0.9856092085346457,0.988933038885396,0.9998842912032042,0.9999591749526153,0.29853238439235263,0.0,1.0,0.0
smollm2-135m,toolshed,toolshed-0018-s2-arg_typo-2,-32.314144134521484,-27.175573348999023,-32.85520076751709,-25.416647911071777,-13.604729890823364,-22.40296196937561,-5.064646244049072,-13.918509721755981,-2.496993362903595,-11.209969460964203,-3.654998302459717,-14.677119255065918,-4.737605333328247,-13.783134460449219,-0.27902864292263985,-13.258265096694231,-0.20519849471747875,-13.64273595623672,-33.02165722846985,-23.195935487747192,-6.034224033355713,-14.524229526519775,-3.4875524044036865,-8.029154539108276,-11.497995376586914,-20.61485767364502,-6.570526123046875,-16.94105625152588,-16.878682136535645,-33.819437980651855,-33.40041637420654,-25.85227108001709,-3.749188542366028,-12.261500120162964,False,False,False,False,False,False,False,False,False,False,False,False,True,False,True,False,True,False,False,False,False,False,True,False,False,False,False,False,False,False,False,False,False,False,34.0,33.0,34.0,33.0,22.0,33.0,34.0,33.0,34.0,33.0,34.0,33.0,34.0,33.0,34.0,33.0,34.0,33.0,34.0,33.0,34.0,33.0,34.0,33.0,34.0,33.0,34.0,33.0,22.0,33.0,34.0,33.0,34.0,33.0,737.0,719.0,777.0,777.0,815.0,805.0,846.0,915.0,756.0,764.0,799.0,759.0,779.0,708.0,768.0,-28.33577013015747,-28.33577013015747,21.90242099761963,6.433349132537842,26.829890251159668,1.5058798789978027,-1.3154577016830444,-1.0862722396850586,-27.249497890472412,11.933761358261108,-1.3233022689819336,7.548145294189453,-8.85386347770691,5.138570785522461,-16.402008771896362,-29.745418071746826,1.4096479415893555,-27.36619234085083,-0.9695777893066406,-29.912863969802856,1.5770938396453857,-28.662811040878296,0.3270409107208252,-33.1213877312839,4.785617601126432,-33.195217879489064,4.8594477493315935,-30.903423011302948,2.5676528811454773,-0.37875914573669434,-27.957010984420776,-0.5452156066894531,-27.790554523468018,29.651227831840515,-1.3154577016830444,-0.8334050038281609,0.6441888528711656,0.18921615095699534,1.0,6.678007676205007e-08,0.9996617821519451,0.005831857523317863,0.9998902134014575,0.999799061674704,0.9996617153718683,0.0,0.0,0.0
smollm2-135m,toolshed,toolshed-0018-s2-name_for_email-3,-28.520588874816895,-26.498356819152832,,,-7.787463188171387,-16.240382194519043,-4.716025352478027,-7.783141613006592,,,,,,,,,,,,,,,,,-11.695971488952637,-15.275629043579102,,,-16.878697872161865,-33.81940698623657,-27.04887056350708,-25.852278232574463,-4.1660202741622925,-7.910084843635559,False,False,,,False,False,False,False,,,,,,,,,,,,,,,,,False,False,,,False,False,False,False,False,False,28.0,33.0,,,22.0,33.0,28.0,33.0,,,,,,,,,,,,,,,,,28.0,33.0,,,22.0,33.0,28.0,33.0,28.0,33.0,736.0,,773.0,,,,,,,,,753.0,,708.0,757.0,-22.332845211029053,-22.332845211029053,15.352899074554443,6.979946136474609,,,-0.5500050783157349,1.4717183113098145,-23.804563522338867,18.06913661956787,-0.6460785865783691,1.1965923309326172,-3.0671162605285645,2.0222320556640625,-4.263708591461182,,,,,,,,,,,,,,,,,,,22.882850289344788,-0.5500050783157349,-0.797601614679609,0.5483178240912301,0.2492837905883789,1.0,3.828938971639162e-05,0.9149804236892762,0.11688838873050893,0.972871246174688,0.9768890052298778,0.9149421342995598,0.0,0.0,0.0
smollm2-135m,toolshed,toolshed-0018-s2-tool_typo-1,-32.479771852493286,-28.17529606819153,,,-6.340396881103516,-12.220900535583496,-5.90094780921936,-5.011044502258301,,,,,,,,,,,,,,,,,-13.710584163665771,-15.107663631439209,,,-16.878697872161865,-33.40040445327759,-33.81940698623657,-25.852278232574463,-6.103913068771362,-8.284830808639526,False,False,,,False,False,False,False,,,,,,,,,,,,,,,,,False,False,,,False,False,False,False,False,False,33.0,33.0,,,22.0,34.0,33.0,33.0,,,,,,,,,,,,,,,,,33.0,33.0,,,22.0,34.0,33.0,33.0,33.0,33.0,734.0,,773.0,,,,,,,,,758.0,,708.0,756.0,-27.918459177017212,-27.918459177017212,20.1088228225708,7.809636354446411,,,0.20296525955200195,-1.3396351337432861,-26.578824043273926,20.841233730316162,-2.3230178356170654,7.967128753662109,0.8899033069610596,4.304475784301758,-7.07722544670105,,,,,,,,,,,,,,,,,,,27.71549391746521,0.20296525955200195,-0.846013914455067,0.6093582673506304,0.2366556471044367,1.0,4.3922640079584714e-08,0.24503284319510749,0.013327931543512703,0.8017200351631324,0.8985227818595676,0.2450327992724674,0.0,0.0,0.0
smollm2-135m,toolshed,toolshed-0019-s0-tool_typo-0,-19.856486797332764,-21.639346599578857,-23.045056343078613,-20.5603666305542,-13.770784735679626,-18.006027579307556,-2.201772689819336,-5.025238394737244,-2.201769471168518,-5.0252333879470825,-1.3289442658424377,-4.563093781471252,-1.974481463432312,-4.13222348690033,-0.22463011741638184,-2.0563753694295883,-0.10041191894561052,-2.8851783024147153,-10.341947317123413,-4.388066530227661,-1.7466691136360168,-6.541711330413818,-2.090471625328064,-4.135963082313538,-1.4625887870788574,-6.003392457962036,-0.9702699780464172,-5.056141912937164,-26.090384483337402,-30.272279739379883,-22.68148899078369,-20.12907886505127,-1.016370803117752,-5.788918972015381,False,False,False,False,False,False,True,False,True,False,True,False,True,False,True,False,True,False,False,False,True,False,True,False,True,False,True,False,False,False,False,False,True,False,17.0,17.0,17.0,17.0,17.0,17.0,17.0,17.0,17.0,17.0,17.0,17.0,17.0,17.0,17.0,17.0,17.0,17.0,17.0,17.0,17.0,17.0,17.0,17.0,17.0,17.0,17.0,17.0,17.0,17.0,17.0,17.0,17.0,17.0,638.0,623.0,661.0,661.0,682.0,689.0,710.0,759.0,663.0,652.0,716.0,646.0,663.0,612.0,644.0,-20.479716300964355,-20.479716300964355,21.218900203704834,-0.7391839027404785,21.711219012737274,-1.2315027117729187,-1.1854018867015839,-2.8250021934509277,-17.654714107513428,15.103840470314026,-1.510267734527588,2.552410125732422,-2.8234657049179077,-1.7828598022460938,-5.37587583065033,-21.352544724941254,0.8728284239768982,-20.934819877147675,0.4551035761833191,-20.591017365455627,0.11130106449127197,-20.70700752735138,0.22729122638702393,-22.45685887336731,1.977142572402954,-22.58107707183808,2.1013607708737254,-20.479719519615173,3.2186508178710938e-06,-12.339541673660278,-8.140174627304077,0.3635673522949219,-20.843283653259277,21.66511818766594,-1.1854018867015839,-1.2046891941743738,1.2481706002179314,-0.04348140604355756,1.0,0.07208978649090181,0.9439222269926656,0.8560496344614824,0.9894477063465793,0.9916121528784954,0.8718324405017638,0.0,1.0,0.0
smollm2-135m,toolshed,toolshed-0019-s1-arg_typo-1,-11.845050811767578,-7.880988359451294,-16.68299961090088,-11.837337493896484,-9.960681557655334,-16.22632932662964,-5.78309965133667,-7.2765045166015625,-3.890515685081482,-6.643753528594971,-4.679224252700806,-6.048129558563232,-5.125736713409424,-6.480670690536499,-0.1461023110896349,-2.8750956524163485,-0.06835529766976833,-4.029881874099374,-14.191971778869629,-8.166258692741394,-4.1698116064071655,-10.216405868530273,-5.909332036972046,-5.163703560829163,-5.969000458717346,-10.720504760742188,-4.837094962596893,-10.30484914779663,-9.164720058441162,-22.060375213623047,-14.336782455444336,-11.602928638458252,-1.1327297538518906,-7.293015718460083,False,False,False,False,False,False,False,False,False,False,False,False,False,False,True,False,True,False,False,False,False,False,False,False,False,False,False,False,False,False,False,False,True,False,11.0,13.0,11.0,13.0,13.0,13.0,11.0,13.0,11.0,13.0,11.0,13.0,11.0,13.0,11.0,13.0,11.0,13.0,11.0,13.0,11.0,13.0,11.0,13.0,11.0,13.0,11.0,13.0,13.0,13.0,11.0,13.0,11.0,13.0,733.0,715.0,751.0,751.0,766.0,779.0,798.0,845.0,749.0,736.0,767.0,732.0,751.0,704.0,734.0,-8.553682804107666,-8.553682804107666,8.36778199672699,0.18590080738067627,9.499687492847443,-0.9460046887397766,-4.650369897484779,-2.491731643676758,-6.061951160430908,4.3264241218566895,3.721940279006958,2.733853816986084,-1.4934048652648926,3.964062452316284,-4.227258682250977,-9.65755820274353,1.1038753986358643,-10.16697084903717,1.6132880449295044,-8.42745041847229,-0.12623238563537598,-9.211045742034912,0.6573629379272461,-14.190680144354701,5.636997340247035,-14.268427157774568,5.714744353666902,-10.446266770362854,1.892583966255188,-0.14481067657470703,-8.408872127532959,2.346217155456543,-10.899899959564209,13.204052701592445,-4.650369897484779,-0.7776075276461515,0.7607074542479082,0.016900073398243298,1.0,0.005190206764978131,0.8064702869844977,0.018632082862458054,0.9914352975863495,0.9978928003383396,0.8012800802195196,0.0,0.0,0.0
smollm2-135m,toolshed,toolshed-0019-s1-hallucinated_entity-2,-15.881675720214844,-7.565090894699097,-19.66111183166504,-11.837337493896484,-8.05635380744934,-13.604135513305664,-3.6346223950386047,-4.1696860790252686,-7.929478883743286,-4.426797121763229,-1.4540923535823822,-2.550341010093689,-3.8187655806541443,-4.327664852142334,-1.3166423290967941,-0.6575492471456528,-0.8321395739912987,-0.7167273387312889,-16.670565605163574,-8.166258692741394,-2.8798064291477203,-7.313181638717651,-4.482497811317444,-5.015447735786438,-5.975666284561157,-8.261040449142456,-5.8168723583221436,-7.9932026863098145,-9.164724588394165,-14.336800575256348,-22.060378074645996,-11.602943897247314,-1.2988018691539764,-4.4929569363594055,False,False,False,False,False,False,False,False,False,False,True,False,False,False,False,True,False,True,False,False,False,False,False,False,False,False,False,False,False,False,False,False,True,False,13.0,13.0,13.0,13.0,13.0,11.0,13.0,13.0,13.0,13.0,13.0,13.0,13.0,13.0,13.0,13.0,13.0,13.0,13.0,13.0,13.0,13.0,13.0,13.0,13.0,13.0,13.0,13.0,13.0,11.0,13.0,13.0,13.0,13.0,730.0,715.0,754.0,754.0,771.0,782.0,804.0,854.0,749.0,741.0,773.0,734.0,751.0,704.0,736.0,-18.42575567960739,-18.42575567960739,16.08471179008484,2.3410438895225525,16.243505716323853,2.182249963283539,-2.3358205258846283,-6.178702354431152,-12.247053325176239,7.433257818222046,4.037853002548218,10.457434177398682,-0.5350636839866638,8.316584825515747,-10.992497861385345,-20.606285721063614,2.1805300414562225,-19.180571645498276,0.7548159658908844,-17.577880263328552,-0.8478754162788391,-18.241612493991852,-0.18414318561553955,-20.743735745549202,2.3179800659418106,-21.228238500654697,2.802482821047306,-14.13089919090271,-4.294856488704681,-5.389812469482422,-13.03594321012497,-2.399266242980957,-16.026489436626434,20.76157620549202,-2.3358205258846283,-1.417365821508261,1.2372855223142183,0.1800802991940425,1.0,2.295472381060124e-06,0.6259027814322747,0.0002443694777660859,0.907658468092369,0.9606137286130068,0.6259004859598937,0.0,0.0,0.0
smollm2-135m,toolshed,toolshed-0020-s0-tool_typo-0,-18.551602363586426,-17.709672927856445,,,-13.146628379821777,-26.200509071350098,-6.048157095909119,-6.5420238971710205,,,,,,,,,,,,,,,,,-2.950698971748352,-6.1323957443237305,,,-25.246777534484863,-40.054463386535645,-21.666773796081543,-20.30311918258667,-3.5698862075805664,-6.646126747131348,False,False,,,False,False,False,False,,,,,,,,,,,,,,,,,False,False,,,False,False,False,False,False,False,14.0,13.0,,,15.0,11.0,14.0,13.0,,,,,,,,,,,,,,,,,14.0,13.0,,,15.0,11.0,14.0,13.0,14.0,13.0,656.0,,676.0,,,,,,,,,660.0,,629.0,658.0,-15.618616700172424,-15.618616700172424,18.71607482433319,-3.0974581241607666,,,-2.4782708883285522,-3.115171432495117,-12.503445267677307,13.76109528541565,2.5934462547302246,1.363654613494873,-0.49386680126190186,0.8419294357299805,-1.857521414756775,,,,,,,,,,,,,,,,,,,18.096887588500977,-2.4782708883285522,-1.1156154785837447,1.3368624874523707,-0.2212470088686262,1.0,0.20249743989939892,0.6206983922339582,0.3011285782049637,0.960139654800077,0.9559019819652964,0.41820095233455923,0.0,0.0,0.0
smollm2-135m,toolshed,toolshed-0020-s1-hallucinated_entity-5,-35.54983997344971,-20.831698417663574,-37.4794340133667,-22.141959190368652,-9.433358669281006,-18.71258783340454,-5.822053909301758,-13.971030712127686,-6.134747743606567,-8.401887893676758,-3.0371999740600586,-12.243894338607788,-6.693167686462402,-14.966175079345703,-0.7900503613054752,-12.024922642856836,-0.2816927945241332,-13.300803474150598,-28.118748784065247,-15.087811589241028,-3.995493173599243,-12.11863088607788,-8.683229446411133,-17.258621215820312,-7.382174968719482,-14.377049446105957,-6.278877377510071,-13.837066650390625,-13.589817523956299,-26.289809703826904,-37.368287563323975,-20.106317043304443,-3.9784982204437256,-11.115484952926636,False,False,False,False,False,False,False,False,False,False,False,False,False,False,True,False,True,False,False,False,False,False,False,False,False,False,False,False,False,False,False,False,False,False,45.0,45.0,45.0,45.0,31.0,45.0,45.0,45.0,45.0,45.0,45.0,45.0,45.0,45.0,45.0,45.0,45.0,45.0,45.0,45.0,45.0,45.0,45.0,45.0,45.0,45.0,45.0,45.0,31.0,45.0,45.0,45.0,45.0,45.0,716.0,700.0,786.0,786.0,835.0,814.0,883.0,980.0,748.0,766.0,859.0,751.0,788.0,689.0,753.0,-31.546233654022217,-31.546233654022217,29.986112594604492,1.5601210594177246,31.089410185813904,0.456823468208313,-1.8435556888580322,-1.8184475898742676,-29.72778606414795,6.135286331176758,-0.7253813743591309,17.26197052001953,-8.148976802825928,14.718141555786133,-25.41094732284546,-34.331087589263916,2.784853935241699,-33.37279438972473,1.8265607357025146,-28.685058116912842,-2.861175537109375,-30.675119876861572,-0.8711137771606445,-36.5782372020185,5.032003547996283,-37.08659476879984,5.540361114777625,-31.233539819717407,-0.31269383430480957,-9.249538779258728,-22.29669487476349,0.11114645004272461,-31.65738010406494,33.38978934288025,-1.8435556888580322,-0.701027414533827,0.6663580576578776,0.034669356875949436,1.0,4.704338615489146e-11,0.9734177840460405,4.055012173548011e-07,0.9990842714915991,0.9992054872791656,0.9734177839989971,0.0,0.0,0.0
smollm2-135m,toolshed,toolshed-0020-s1-type_swap-3,-25.70746338367462,-25.633238911628723,-23.82313632965088,-22.141959190368652,-6.128115296363831,-8.551526069641113,-3.520684599876404,-3.6061514616012573,-5.371408462524414,-8.205656051635742,-2.4955735206604004,-3.9298970699310303,-3.477369785308838,-3.508641242980957,-0.36461461149156094,-3.1551218386739492,-0.11062224395573139,-5.345663407817483,-12.909486889839172,-15.087811589241028,-4.445496082305908,-3.5069384574890137,-4.162354946136475,-3.5950050354003906,-7.078619480133057,-11.988172054290771,-5.769700288772583,-11.08428430557251,-13.589814186096191,-26.28980255126953,-21.87346076965332,-20.106325149536133,-3.587460994720459,-8.280652523040771,False,False,False,False,False,False,False,False,False,False,False,False,False,False,True,False,True,False,False,False,False,True,False,False,False,False,False,False,False,False,False,False,False,False,45.0,45.0,45.0,45.0,31.0,45.0,45.0,45.0,45.0,45.0,45.0,45.0,45.0,45.0,45.0,45.0,45.0,45.0,45.0,45.0,45.0,45.0,45.0,45.0,45.0,45.0,45.0,45.0,31.0,45.0,45.0,45.0,45.0,45.0,718.0,700.0,770.0,770.0,819.0,798.0,851.0,932.0,748.0,762.0,810.0,751.0,769.0,689.0,753.0,-18.352776169776917,-18.352776169776917,14.794841289520264,3.557934880256653,16.103760480880737,2.249015688896179,0.06677639484405518,3.8340026140213013,-22.186778783798218,16.500173687934875,-5.52691376209259,1.7671356201171875,-0.08546686172485352,0.07422447204589844,-1.852602481842041,-19.37788724899292,1.0251110792160034,-17.427964687347412,-0.9248114824295044,-17.711105823516846,-0.6416703462600708,-18.396090984344482,0.04331481456756592,-21.50884615816176,3.156069988384843,-21.76283852569759,3.4100623559206724,-16.502052307128906,-1.8507238626480103,-8.963973879814148,-9.388802289962769,1.9496755599975586,-20.302451729774475,18.28599977493286,0.06677639484405518,-0.40783947043948704,0.3287742508782281,0.07906521956125895,1.0,0.00025217694192660844,0.500415195444813,0.48145239652317035,0.992678216211662,0.9909256839382254,0.5001630185028865,0.0,0.0,0.0
smollm2-135m,toolshed,toolshed-0021-s0-hallucinated_entity-2,-22.658955097198486,-25.081953525543213,,,-20.364909648895264,-25.15051031112671,-2.3227516412734985,-15.950245380401611,,,,,,,,,,,,,,,,,-3.343956232070923,-16.637017965316772,,,-29.4723482131958,-29.310580253601074,-23.96577739715576,-25.873953819274902,-1.8741647601127625,-15.251387357711792,False,False,,,False,False,True,False,,,,,,,,,,,,,,,,,False,False,,,False,False,False,False,True,False,10.0,9.0,,,8.0,11.0,10.0,9.0,,,,,,,,,,,,,,,,,10.0,9.0,,,8.0,11.0,10.0,9.0,10.0,9.0,638.0,,653.0,,,,,,,,,638.0,,611.0,668.0,-21.643025755882263,-21.643025755882263,20.62182116508484,1.0212045907974243,,,-0.4485868811607361,-1.3068222999572754,-20.336203455924988,9.923708438873291,0.7920002937316895,-1.9081764221191406,-13.627493739128113,-2.4229984283447266,-11.719317317008972,,,,,,,,,,,,,,,,,,,22.091612637043,-0.4485868811607361,-2.164302575588226,2.0621821165084837,0.10212045907974243,1.0,0.8641671281544733,0.9999987784245116,0.9185643203838693,0.999998313851155,0.9999984499512061,0.1358316502700383,0.0,1.0,0.0
smollm2-135m,toolshed,toolshed-0021-s1-drop_arg-0,-13.48288106918335,-24.689777851104736,-18.81118869781494,-29.27765464782715,-18.51894235610962,-19.086734414100647,-3.039645552635193,-11.846165299415588,-3.734445631504059,-13.363815307617188,-2.6177597045898438,-13.858327865600586,-2.7637500762939453,-11.346593737602234,-0.2762712277472019,-10.892628017812967,-0.1154205221682787,-13.114045375958085,-8.078366994857788,-6.823286414146423,-3.8666818141937256,-10.363247394561768,-2.9525381922721863,-10.582904756069183,-4.186763525009155,-18.12921905517578,-4.458619117736816,-24.79871654510498,-38.21747970581055,-34.060874938964844,-20.693607330322266,-31.367677688598633,-0.8613509833812714,-17.44746458530426,False,False,False,False,False,False,True,False,False,False,True,False,True,False,True,False,True,False,False,False,False,False,False,False,False,False,False,False,False,False,False,False,True,False,13.0,26.0,13.0,26.0,26.0,28.0,13.0,26.0,13.0,26.0,13.0,26.0,13.0,26.0,13.0,26.0,13.0,26.0,13.0,26.0,13.0,26.0,13.0,26.0,13.0,26.0,13.0,26.0,26.0,28.0,13.0,26.0,13.0,26.0,730.0,713.0,741.0,741.0,758.0,769.0,780.0,819.0,760.0,736.0,764.0,732.0,742.0,702.0,740.0,-17.653961777687073,-17.653961777687073,16.50684380531311,1.1471179723739624,16.23498821258545,1.4189735651016235,-2.1782945692539215,-7.210726261138916,-10.443235516548157,19.521512389183044,6.6778998374938965,-10.674070358276367,-8.806519746780396,-11.206896781921387,1.8675506114959717,-18.075847625732422,0.4218858480453491,-16.82692551612854,-0.8270362615585327,-17.74106913805008,0.08710736036300659,-17.92985725402832,0.27589547634124756,-20.417336102575064,2.763374324887991,-20.578186808153987,2.924225030466914,-16.959161698818207,-0.694800078868866,-12.615240335464478,-5.038721442222595,-1.8824186325073242,-15.771543145179749,19.832256346940994,-2.1782945692539215,-1.3579970598220825,1.2697572157933161,0.08823984402876633,1.0,0.9999752733697529,0.9998499722021613,0.9999864199718379,0.999999119218637,0.9999999373757756,-0.00012530116759157384,0.0,1.0,0.0
smollm2-135m,toolshed,toolshed-0021-s1-readonly_target-3,-38.6442449092865,-24.491737127304077,-45.63770294189453,-29.27765464782715,-19.337183475494385,-24.875364780426025,-5.263869047164917,-20.105427265167236,-4.699029445648193,-17.79363226890564,-2.0246006846427917,-17.525437712669373,-4.84785795211792,-19.8834490776062,-0.5860186070203781,-15.72913222014904,-0.30516061186790466,-17.48673613369465,-35.01308608055115,-11.846171140670776,-4.346416711807251,-18.480891466140747,-4.784822225570679,-19.56621742248535,-3.7492595911026,-15.557954549789429,-4.097350597381592,-17.02665090560913,-20.693583488464355,-38.2174711227417,-50.965617179870605,-31.367627143859863,-1.2746682167053223,-16.101499557495117,False,False,False,False,False,False,False,False,False,False,True,False,False,False,True,False,True,False,False,False,False,False,False,False,False,False,False,False,False,False,False,False,True,False,25.0,26.0,25.0,26.0,13.0,26.0,25.0,26.0,25.0,26.0,25.0,26.0,25.0,26.0,25.0,26.0,25.0,26.0,25.0,26.0,25.0,26.0,25.0,26.0,25.0,26.0,25.0,26.0,13.0,26.0,25.0,26.0,25.0,26.0,731.0,713.0,760.0,760.0,789.0,788.0,818.0,876.0,741.0,755.0,770.0,744.0,762.0,702.0,752.0,-45.70174813270569,-45.70174813270569,47.216357588768005,-1.514609456062317,46.868266582489014,-1.1665184497833252,-3.9892008304595947,-12.321372270584106,-33.38037586212158,11.262199878692627,6.875890016555786,19.597990036010742,-14.84155821800232,14.152507781982422,-34.43954825401306,-48.941016495227814,3.2392683625221252,-46.619200468063354,0.917452335357666,-46.18079495429993,0.4790468215942383,-46.117759227752686,0.41601109504699707,-50.37959857285023,4.677850440144539,-50.6604565680027,4.958708435297012,-46.26658773422241,0.5648396015167236,-15.952531099319458,-29.74921703338623,-5.327914237976074,-40.373833894729614,49.69094896316528,-3.9892008304595947,-1.8280699253082275,1.8886543035507202,-0.06058437824249267,1.0,7.128739627603712e-14,0.9999988657940108,7.13910312035157e-07,0.9999925604663924,0.9999996362618895,0.9999988657939395,0.0,0.0,0.0
smollm2-135m,toolshed,toolshed-0022-s0-hallucinated_entity-2,-35.12124061584473,-16.444767951965332,-37.55752372741699,-20.236374855041504,-8.020073652267456,-15.867801666259766,-3.7335093319416046,-6.896996736526489,-3.7335033416748047,-6.896986246109009,-0.8839633166790009,-3.85707551240921,-3.415307492017746,-7.167941093444824,-0.4220731034874916,-1.9774814620614052,-0.0705382414162159,-5.063164170831442,-26.492328643798828,-6.2614582777023315,-4.135424017906189,-13.774953603744507,-3.42985737323761,-8.289772510528564,-4.367576003074646,-11.940003871917725,-3.4175490736961365,-9.0283203125,-22.529911041259766,-22.65878915786743,-38.62740659713745,-20.17282724380493,-0.639511838555336,-8.267591774463654,False,False,False,False,False,False,False,False,False,False,True,False,False,False,True,False,True,False,False,False,False,False,False,False,False,False,False,False,False,False,False,False,True,False,15.0,12.0,15.0,12.0,12.0,14.0,15.0,12.0,15.0,12.0,15.0,12.0,15.0,12.0,15.0,12.0,15.0,12.0,15.0,12.0,15.0,12.0,15.0,12.0,15.0,12.0,15.0,12.0,12.0,14.0,15.0,12.0,15.0,12.0,649.0,634.0,680.0,680.0,699.0,708.0,737.0,794.0,667.0,666.0,723.0,655.0,682.0,623.0,661.0,-34.89389726519585,-34.89389726519585,34.259830594062805,0.6340666711330414,35.209857523441315,-0.31596025824546814,-3.0939974933862686,-3.5061659812927246,-31.387731283903122,13.275830507278442,3.7280592918395996,18.45457935333252,-3.1634874045848846,18.676472663879395,-21.618066757917404,-37.74344328045845,2.8495460152626038,-34.49198257923126,-0.40191468596458435,-35.19754922389984,0.30365195870399475,-35.212099105119705,0.31820183992385864,-38.20533349364996,3.311436228454113,-38.556868355721235,3.6629710905253887,-34.89390325546265,5.990266799926758e-06,-12.135077953338623,-22.758819311857224,-1.069882869720459,-33.82401439547539,37.987894758582115,-3.0939974933862686,-2.326259817679723,2.2839887062708537,0.042271111408869425,1.0,8.206431075262564e-09,0.9469378569436484,7.743030630744497e-09,0.9994858225807844,0.999513642404693,0.9469378487372173,0.0,0.0,0.0
smollm2-135m,toolshed,toolshed-0022-s1-date_format-3,-17.712881922721863,-10.716297030448914,,,-3.730028808116913,-20.361428260803223,-1.497155487537384,-8.830087840557098,,,,,,,,,,,,,,,,,-8.81165087223053,-17.15992498397827,,,-7.530169129371643,-21.390847206115723,-17.634117126464844,-9.820948600769043,-2.0462297201156616,-9.459275960922241,False,False,,,False,False,True,False,,,,,,,,,,,,,,,,,False,False,,,False,False,False,False,True,False,28.0,28.0,,,15.0,28.0,28.0,28.0,,,,,,,,,,,,,,,,,28.0,28.0,,,15.0,28.0,28.0,28.0,28.0,28.0,684.0,,730.0,,,,,,,,,700.0,,655.0,710.0,-16.13696163892746,-16.13696163892746,8.822466254234314,7.314495384693146,,,0.5490742325782776,0.07876479625701904,-16.21572643518448,0.9908607602119446,-0.8953484296798706,7.813168525695801,-7.332932353019714,6.996584892272949,-15.146100878715515,,,,,,,,,,,,,,,,,,,15.587887406349182,0.5490742325782776,-0.5763200585331235,0.31508808050836834,0.26123197802475523,1.0,3.715637432499342e-05,0.9026300714572276,0.0009141650020660551,0.9997632511985867,0.9993970337837224,0.9025929150829026,0.0,1.0,0.0
smollm2-135m,toolshed,toolshed-0023-s1-readonly_target-3,-34.09643471240997,-18.50013267993927,,,-20.97569966316223,-23.876660346984863,-2.921897530555725,-19.091517686843872,,,,,,,,,,,,,,,,,-4.278355836868286,-21.286570072174072,,,-27.211408615112305,-31.15359878540039,-44.54766654968262,-27.548093795776367,-3.4904700219631195,-15.435314983129501,False,False,,,False,False,True,False,,,,,,,,,,,,,,,,,False,False,,,False,False,False,False,False,False,21.0,21.0,,,12.0,21.0,21.0,21.0,,,,,,,,,,,,,,,,,21.0,21.0,,,12.0,21.0,21.0,21.0,21.0,21.0,681.0,,706.0,,,,,,,,,690.0,,652.0,697.0,-41.62576901912689,-41.62576901912689,40.26931071281433,1.356458306312561,,,0.5685724914073944,-10.451231837272644,-31.174537181854248,8.456576108932495,9.047961115837097,16.99957275390625,-16.169620156288147,15.596302032470703,-33.1691929101944,,,,,,,,,,,,,,,,,,,41.0571965277195,0.5685724914073944,-1.9821794771012806,1.9175862244197301,0.06459325268155053,1.0,1.706181169592617e-08,0.9999998897964023,1.6850469888660718e-07,0.9999999589392959,0.9999935074257278,0.9999998727345906,0.0,1.0,0.0
smollm2-135m,toolshed,toolshed-0024-s1-hallucinated_entity-2,-27.81892442703247,-14.396570682525635,-29.52024507522583,-16.98995542526245,-23.33185052871704,-24.524115085601807,-3.467344045639038,-15.499571323394775,-3.2607016563415527,-17.931880474090576,-3.1203246116638184,-15.581172227859497,-3.058205723762512,-15.76151156425476,-0.3510035201907158,-14.953533761203289,-0.07075587846338749,-17.68459793739021,-27.229269981384277,-4.89196515083313,-3.5335594415664673,-16.9237699508667,-3.0716618299484253,-13.936380863189697,-4.290842711925507,-17.08558464050293,-4.217874050140381,-17.294150590896606,-22.469672203063965,-18.193243980407715,-30.619698524475098,-14.816621780395508,-4.626241445541382,-15.644290685653687,False,False,False,False,False,False,False,False,False,False,False,False,False,False,True,False,True,False,False,False,False,False,False,False,False,False,False,False,False,False,False,False,False,False,15.0,14.0,15.0,14.0,14.0,16.0,15.0,14.0,15.0,14.0,15.0,14.0,15.0,14.0,15.0,14.0,15.0,14.0,15.0,14.0,15.0,14.0,15.0,14.0,15.0,14.0,15.0,14.0,14.0,16.0,15.0,14.0,15.0,14.0,698.0,683.0,730.0,730.0,749.0,758.0,788.0,846.0,718.0,715.0,773.0,704.0,731.0,672.0,709.0,-27.15235447883606,-27.15235447883606,26.32885581254959,0.8234986662864685,26.401824474334717,0.7505300045013428,1.1588973999023438,-2.800774097442627,-24.351580381393433,-0.6829495429992676,0.42005109786987305,15.80307674407959,-12.032227277755737,13.422353744506836,-27.835304021835327,-27.49937391281128,0.3470194339752197,-27.08613908290863,-0.0662153959274292,-27.548036694526672,0.3956822156906128,-27.561492800712585,0.4091383218765259,-30.268695004284382,3.1163405254483223,-30.54894264601171,3.3965881671756506,-27.358996868133545,0.20664238929748535,-3.3904285430908203,-23.76192593574524,-1.0994534492492676,-26.052901029586792,25.993457078933716,1.1588973999023438,-1.8101569652557372,1.7552570541699728,0.054899911085764565,1.0,1.3244110808152203e-07,0.9999940476009967,1.4816485185985545e-06,0.9999972246805601,0.9999835973170653,0.9999939151598887,0.0,0.0,0.0
smollm2-135m,toolshed,toolshed-0024-s2-drop_arg-0,-14.987648487091064,-25.460662364959717,-20.355884552001953,-28.27391529083252,-32.0072078704834,-32.94363212585449,-4.966009616851807,-23.375707626342773,-9.667029857635498,-18.897305488586426,-4.604483723640442,-23.35516047477722,-4.4768266677856445,-22.88759708404541,-0.26309963315725327,-22.21598958224058,-0.15932690352201462,-23.01798828691244,-9.792450428009033,-6.993053674697876,-5.335194289684296,-23.40931510925293,-4.150738596916199,-21.49293875694275,-4.503040552139282,-24.63882350921631,-4.158179402351379,-27.974721431732178,-33.76465320587158,-35.75751972198486,-23.474371910095215,-29.486266136169434,-4.539534211158752,-19.906009912490845,False,False,False,False,False,False,False,False,False,False,False,False,False,False,True,False,True,False,False,False,False,False,False,False,False,False,False,False,False,False,False,False,False,False,24.0,35.0,24.0,35.0,35.0,36.0,24.0,35.0,24.0,35.0,24.0,35.0,24.0,35.0,24.0,35.0,24.0,35.0,24.0,35.0,24.0,35.0,24.0,35.0,24.0,35.0,24.0,35.0,35.0,36.0,24.0,35.0,24.0,35.0,736.0,719.0,758.0,758.0,786.0,786.0,808.0,858.0,775.0,753.0,784.0,749.0,759.0,708.0,759.0,-18.508362293243408,-18.508362293243408,18.971331357955933,-0.4629690647125244,19.316192507743835,-0.8078302145004272,-0.4264754056930542,-8.48672342300415,-10.021638870239258,6.11055850982666,4.025603771209717,-6.011894226074219,-18.409698009490967,-10.473013877868652,-12.397803783416748,-18.869888186454773,0.36152589321136475,-18.13917762041092,-0.369184672832489,-19.323633313179016,0.8152710199356079,-18.99754524230957,0.4891829490661621,-23.21127227693796,4.702909983694553,-23.3150450065732,4.806682713329792,-13.807342052459717,-4.701020240783691,-13.681921482086182,-4.826440811157227,-3.1184873580932617,-15.389874935150146,18.934837698936462,-0.4264754056930542,-0.7711817622184753,0.7904721399148306,-0.019290377696355183,1.0,0.9975181403101963,0.9999999898870567,0.9999717111314215,0.9999999982005467,0.999999787956822,0.0024818495768604842,0.0,0.0,0.0
smollm2-135m,toolshed,toolshed-0024-s2-name_for_email-3,-28.645477771759033,-25.436760425567627,-30.216132164001465,-28.273917198181152,-10.225363492965698,-14.983555555343628,-6.65825080871582,-9.01569676399231,-3.2869168519973755,-8.542177319526672,-3.830154597759247,-7.441651105880737,-5.716690301895142,-8.38656759262085,-0.33131788671016693,-4.915277898311615,-0.14248259738087654,-6.1730292327702045,-31.828046560287476,-23.375709295272827,-12.533688068389893,-13.58682632446289,-7.75230073928833,-10.932140827178955,-9.817335605621338,-13.170853614807129,-8.378808975219727,-11.718828201293945,-23.474385738372803,-33.76463270187378,-31.304227352142334,-29.48629140853882,-5.500520706176758,-8.039682865142822,False,False,False,False,False,False,False,False,False,False,False,False,False,False,True,False,True,False,False,False,False,False,False,False,False,False,False,False,False,False,False,False,False,False,28.0,35.0,28.0,35.0,24.0,35.0,28.0,35.0,28.0,35.0,28.0,35.0,28.0,35.0,28.0,35.0,28.0,35.0,28.0,35.0,28.0,35.0,28.0,35.0,28.0,35.0,28.0,35.0,24.0,35.0,28.0,35.0,28.0,35.0,736.0,719.0,773.0,773.0,805.0,801.0,838.0,903.0,758.0,765.0,786.0,753.0,769.0,708.0,755.0,-24.645976543426514,-24.645976543426514,21.486891746520996,3.1590847969055176,22.925418376922607,1.7205581665039062,-1.1577301025390625,-2.658749580383301,-21.987226963043213,20.47059464454651,4.049530982971191,1.8179359436035156,-2.3574459552764893,3.2087173461914062,-4.175381898880005,-27.474072754383087,2.8280962109565735,-18.77053928375244,-5.875437259674072,-23.551926612854004,-1.0940499305725098,-25.587537050247192,0.9415605068206787,-30.972909465432167,6.326932922005653,-31.161744754761457,6.515768211334944,-28.01731050014496,3.371333956718445,0.5238192081451416,-25.169795751571655,-1.0880951881408691,-23.557881355285645,25.803706645965576,-1.1577301025390625,-0.8802134479795184,0.7673889909471784,0.11282445703233991,1.0,0.0003965459880626736,0.8903599550956883,0.03883898828295051,0.9662198488492418,0.9268420363453327,0.8899634091076256,0.0,0.0,0.0
smollm2-135m,toolshed,toolshed-0025-s0-date_format-3,-29.875657081604004,-18.924763679504395,-30.316619873046875,-19.61256217956543,-11.373307585716248,-14.915763258934021,-2.3743293285369873,-6.873340487480164,-2.3743255138397217,-6.87335205078125,-1.7614291906356812,-8.066898107528687,-2.626134753227234,-7.289819955825806,-0.3771013617515564,-5.258978933095932,-0.09131728857755661,-8.799508564174175,-18.367777466773987,-4.9444979429244995,-2.5240625143051147,-5.391506552696228,-2.2176597118377686,-7.701525688171387,-4.062494874000549,-8.638837933540344,-2.5781407356262207,-6.009298920631409,-21.51758575439453,-25.838393211364746,-30.902152061462402,-18.99795627593994,-2.031128764152527,-7.26265013217926,False,False,False,False,False,False,True,False,True,False,True,False,True,False,True,False,True,False,False,False,True,False,True,False,False,False,True,False,False,False,False,False,True,False,9.0,17.0,9.0,17.0,17.0,17.0,9.0,17.0,9.0,17.0,9.0,17.0,9.0,17.0,9.0,17.0,9.0,17.0,9.0,17.0,9.0,17.0,9.0,17.0,9.0,17.0,9.0,17.0,17.0,17.0,9.0,17.0,9.0,17.0,641.0,624.0,660.0,660.0,673.0,688.0,707.0,754.0,662.0,644.0,674.0,639.0,657.0,613.0,689.0,-28.527822732925415,-28.527822732925415,26.839657187461853,1.688165545463562,28.32401132583618,0.2038114070892334,-0.34320056438446045,-1.0264949798583984,-27.501327753067017,12.124615788459778,0.07319259643554688,11.904195785522461,-4.499011158943176,10.95089340209961,-16.403206944465637,-29.14072287082672,0.6129001379013062,-28.378089547157288,-0.14973318576812744,-28.684492349624634,0.15666961669921875,-28.27601730823517,-0.2518054246902466,-30.525050699710846,1.997227966785431,-30.810834772884846,2.2830120399594307,-28.52782654762268,3.814697265625e-06,-12.534374594688416,-15.993448138237,-0.5855321884155273,-27.942290544509888,28.871023297309875,-0.34320056438446045,-3.1697580814361572,2.982184131940206,0.18757394949595133,1.0,6.2520220906838155e-06,0.9888779919552718,1.7542028210249653e-05,0.9898123891476621,0.9946830344248466,0.9888717399331811,0.0,1.0,0.0
smollm2-135m,toolshed,toolshed-0025-s1-hallucinated_entity-2,-17.54674530029297,-7.493159770965576,-20.75978183746338,-11.434085607528687,-10.609306812286377,-16.88716173171997,-4.942220330238342,-7.478471040725708,-9.728297233581543,-4.970185607671738,-2.2575210332870483,-5.966821670532227,-4.990840911865234,-7.530625581741333,-1.418189212679863,-4.937221094965935,-0.9264061599969864,-6.058785989880562,-17.61634349822998,-8.750274330377579,-3.5844883024692535,-7.265508651733398,-5.569564580917358,-6.127161026000977,-5.631976366043091,-7.025301456451416,-5.899785041809082,-7.4758923053741455,-8.561338901519775,-14.451828002929688,-24.179697036743164,-11.746035099029541,-1.8020896911621094,-4.493233680725098,False,False,False,False,False,False,False,False,False,False,True,False,False,False,False,False,False,False,False,False,False,False,False,False,False,False,False,False,False,False,False,False,False,False,13.0,13.0,13.0,13.0,13.0,11.0,13.0,13.0,13.0,13.0,13.0,13.0,13.0,13.0,13.0,13.0,13.0,13.0,13.0,13.0,13.0,13.0,13.0,13.0,13.0,13.0,13.0,13.0,13.0,11.0,13.0,13.0,13.0,13.0,731.0,716.0,755.0,755.0,772.0,783.0,805.0,855.0,750.0,742.0,774.0,735.0,752.0,705.0,737.0,-19.237476706504822,-19.237476706504822,18.547720670700073,0.6897560358047485,18.279911994934082,0.9575647115707397,-3.140130639076233,-6.632951736450195,-12.604524970054626,4.267564058303833,4.252875328063965,12.433661937713623,-2.5362507104873657,10.053585529327393,-14.969912648200989,-21.922176003456116,2.684699296951294,-20.59520873427391,1.3577320277690887,-18.610132455825806,-0.6273442506790161,-19.18885612487793,-0.04862058162689209,-22.7615078240633,3.5240311175584793,-23.253290876746178,4.015814170241356,-14.451399803161621,-4.786076903343201,-6.563353538513184,-12.674123167991638,-3.419915199279785,-15.817561507225037,22.377607345581055,-3.140130639076233,-1.479805900500371,1.4267477439000056,0.053058156600365274,1.0,1.5785836654894846e-07,0.9236791063476082,4.3029330954521334e-05,0.8011225443704232,0.9365020440886429,0.9236789484892416,0.0,0.0,0.0
smollm2-135m,toolshed,toolshed-0026-s1-date_format-4,-32.32638883590698,-22.008817195892334,,,-10.395657300949097,-10.594280481338501,-2.979559898376465,-8.383931875228882,,,,,,,,,,,,,,,,,-8.246054887771606,-15.005855560302734,,,-13.383748054504395,-23.263924598693848,-27.548773765563965,-18.26747226715088,-4.239927053451538,-10.534361600875854,False,False,,,False,False,True,False,,,,,,,,,,,,,,,,,False,False,,,False,False,False,False,False,False,44.0,44.0,,,31.0,44.0,44.0,44.0,,,,,,,,,,,,,,,,,44.0,44.0,,,31.0,44.0,44.0,44.0,44.0,44.0,712.0,,774.0,,,,,,,,,745.0,,684.0,747.0,-24.5692138671875,-24.5692138671875,19.30271887779236,5.266494989395142,,,1.2603671550750732,4.777615070343018,-29.346828937530518,9.883540391921997,-3.741344928741455,9.281301498413086,-5.404371976852417,10.317571640014648,-14.685673475265503,,,,,,,,,,,,,,,,,,,23.308846712112427,1.2603671550750732,-0.5583912242542614,0.4386981563134627,0.11969306794079868,1.0,6.996976816480817e-07,0.9944395830521066,3.304617649910085e-05,0.9988418825280366,0.9981568503376841,0.9944388833544249,0.0,1.0,0.0
smollm2-135m,toolshed,toolshed-0026-s1-drop_arg-0,-13.706849575042725,-22.60954523086548,,,-18.856929302215576,-22.007861495018005,-3.1373419761657715,-13.125970244407654,,,,,,,,,,,,,,,,,-6.87918895483017,-18.949599266052246,,,-23.263896942138672,-26.06538963317871,-13.383735656738281,-18.267454147338867,-2.774587869644165,-11.444786310195923,False,False,,,False,False,True,False,,,,,,,,,,,,,,,,,False,False,,,False,False,False,False,False,False,31.0,44.0,,,44.0,44.0,31.0,44.0,,,,,,,,,,,,,,,,,31.0,44.0,,,44.0,44.0,31.0,44.0,31.0,44.0,712.0,,743.0,,,,,,,,,732.0,,684.0,734.0,-10.24639368057251,-10.24639368057251,6.504546701908112,3.741846978664398,,,-0.36275410652160645,0.32311391830444336,-10.569507598876953,5.141483902931213,-4.342091083526611,-4.883718490600586,-9.988628268241882,-8.902695655822754,-5.104909777641296,,,,,,,,,,,,,,,,,,,10.609147787094116,-0.36275410652160645,-0.33052882840556486,0.20982408715832618,0.12070474124723865,1.0,0.9924345673842271,0.9999539276331276,0.9998639967354316,0.9999942735572852,0.9998284044066242,0.007519360248900542,0.0,1.0,0.0
smollm2-135m,toolshed,toolshed-0026-s1-type_swap-3,-24.902933597564697,-23.372129917144775,-22.914180278778076,-19.587342739105225,-6.206496357917786,-7.529321193695068,-3.802911400794983,-3.2260161638259888,-5.771531343460083,-6.971707105636597,-2.5594263076782227,-3.8374569416046143,-3.7900497913360596,-3.153698444366455,-0.3606738243252039,-2.551240662112832,-0.0968526117503643,-4.9486127234995365,-11.941121339797974,-13.125979661941528,-4.694592714309692,-2.9262843132019043,-4.217321693897247,-3.129434883594513,-7.941352963447571,-11.936222076416016,-6.952881336212158,-11.6505765914917,-13.383735656738281,-23.263896942138672,-21.651330947875977,-18.267454147338867,-3.923240900039673,-7.6236348152160645,False,False,False,False,False,False,False,False,False,False,False,False,False,False,True,False,True,False,False,False,False,True,False,False,False,False,False,False,False,False,False,False,False,False,44.0,44.0,44.0,44.0,31.0,44.0,44.0,44.0,44.0,44.0,44.0,44.0,44.0,44.0,44.0,44.0,44.0,44.0,44.0,44.0,44.0,44.0,44.0,44.0,44.0,44.0,44.0,44.0,31.0,44.0,44.0,44.0,44.0,44.0,713.0,695.0,764.0,764.0,812.0,792.0,844.0,924.0,743.0,756.0,803.0,745.0,762.0,684.0,747.0,-17.848419547080994,-17.848419547080994,13.709977984428406,4.138441562652588,14.698449611663818,3.1499699354171753,0.12032949924468994,3.2516026496887207,-21.100022196769714,15.041437983512878,-5.104675769805908,3.3838768005371094,0.5768952369689941,1.5308036804199219,-2.8069815635681152,-19.091904640197754,1.2434850931167603,-16.956738233566284,-0.8916813135147095,-17.43400925397873,-0.4144102931022644,-17.861281156539917,0.01286160945892334,-21.290657123550773,3.442237576469779,-21.554478336125612,3.7060587890446186,-15.879799604415894,-1.9686199426651,-9.710209608078003,-8.13820993900299,1.2628493309020996,-19.111268877983093,17.728090047836304,0.12032949924468994,-0.4056458987972953,0.3115904087370092,0.09405549006028609,1.0,0.0002546956816410739,0.3454262158501426,0.17787612817908677,0.9819229402009371,0.97588225154065,0.34517152016850156,0.0,0.0,0.0
smollm2-135m,toolshed,toolshed-0029-s0-type_swap-3,-23.834723949432373,-19.2698712348938,,,-11.967905163764954,-13.612069249153137,-2.2918092012405396,-5.055770993232727,,,,,,,,,,,,,,,,,-1.234912931919098,-5.113717019557953,,,-24.223156452178955,-22.280014514923096,-21.53203058242798,-16.987303256988525,-3.7166691422462463,-6.2583425641059875,False,False,,,False,False,False,False,,,,,,,,,,,,,,,,,True,False,,,False,False,False,False,False,False,21.0,21.0,,,15.0,21.0,21.0,21.0,,,,,,,,,,,,,,,,,21.0,21.0,,,15.0,21.0,21.0,21.0,21.0,21.0,639.0,,663.0,,,,,,,,,648.0,,610.0,653.0,-19.24022138118744,-19.24022138118744,20.29711765050888,-1.0568962693214417,,,1.4248599410057068,2.3026933670043945,-21.542914748191833,11.931532263755798,-2.2825679779052734,4.544727325439453,-2.7639617919921875,4.564852714538574,-7.308689117431641,,,,,,,,,,,,,,,,,,,17.815361440181732,1.4248599410057068,-0.9162010181517828,0.9665294119289943,-0.05032839377721151,1.0,0.010451955085472283,0.940630766257919,0.01030413197464666,0.979743281981244,0.9270121323083342,0.9301788111724467,0.0,0.0,0.0
smollm2-135m,toolshed,toolshed-0029-s1-drop_arg-0,-16.42016863822937,-19.51429057121277,-27.874077796936035,-30.315423011779785,-11.313762664794922,-14.265526533126831,-2.0455849170684814,-6.100773096084595,-3.7551307678222656,-6.426926612854004,-1.3243229687213898,-7.0658581256866455,-1.9108802676200867,-6.000959157943726,-0.20474576950073242,-7.358132585883141,-0.07590534538030624,-8.884703319519758,-8.827892303466797,-5.8730884194374084,-4.059921383857727,-8.206342577934265,-2.3616687059402466,-5.0190887451171875,-6.063223838806152,-14.969121217727661,-4.487829923629761,-17.987833738327026,-28.896639347076416,-32.06751298904419,-28.38292169570923,-27.845598697662354,-1.27019864320755,-11.602962672710419,False,False,False,False,False,False,True,False,False,False,True,False,True,False,True,False,True,False,False,False,False,False,False,False,False,False,True,False,False,False,False,False,True,False,12.0,22.0,12.0,22.0,22.0,24.0,12.0,22.0,12.0,22.0,12.0,22.0,12.0,22.0,12.0,22.0,12.0,22.0,12.0,22.0,12.0,22.0,12.0,22.0,12.0,22.0,12.0,22.0,22.0,24.0,12.0,22.0,12.0,22.0,681.0,664.0,691.0,691.0,707.0,719.0,729.0,767.0,707.0,686.0,714.0,682.0,692.0,653.0,689.0,-26.337336778640747,-26.337336778640747,22.319697856903076,4.017638921737671,23.895091772079468,2.4422450065612793,-0.7753862738609314,-11.962753057479858,-14.374583721160889,21.74482560157776,8.331308126449585,0.537322998046875,-4.055188179016113,-3.0941219329833984,-4.592511177062988,-27.05859872698784,0.7212619483470917,-24.3230003118515,-2.0143364667892456,-26.021252989768982,-0.31608378887176514,-26.472041428089142,0.13470464944839478,-28.178175926208496,1.840839147567749,-28.307016350328922,1.9696795716881752,-24.627790927886963,-1.7095458507537842,-19.55502939224243,-6.782307386398315,-0.5088438987731934,-25.828492879867554,27.11272305250168,-0.7753862738609314,-2.1947780648867288,1.8599748214085896,0.3348032434781392,1.0,0.299868599730044,0.9828671224724453,0.9566496283323503,0.9998644314249436,0.9999674520632355,0.6829985227424014,0.0,1.0,0.0
smollm2-135m,toolshed,toolshed-0029-s1-readonly_target-3,-34.15787959098816,-17.953234434127808,-46.429341316223145,-30.315423011779785,-21.25447106361389,-24.03501319885254,-2.8752933740615845,-19.23910355567932,-2.1185763478279114,-16.251384019851685,-0.9703483730554581,-18.014885246753693,-3.0853978395462036,-18.835967540740967,-0.4321833550930023,-16.70006635785103,-0.17827357351779938,-20.85459776222706,-29.506628036499023,-6.100785732269287,-4.3672566413879395,-19.231632471084595,-2.9422487020492554,-18.767881870269775,-4.320539236068726,-20.578332662582397,-3.1015864610671997,-21.365878105163574,-28.38291883468628,-28.896636486053467,-43.994691371917725,-27.8456130027771,-1.559623807668686,-15.69894489645958,False,False,False,False,False,False,False,False,False,False,True,False,False,False,True,False,True,False,False,False,False,False,False,False,False,False,False,False,False,False,False,False,True,False,22.0,22.0,22.0,22.0,12.0,22.0,22.0,22.0,22.0,22.0,22.0,22.0,22.0,22.0,22.0,22.0,22.0,22.0,22.0,22.0,22.0,22.0,22.0,22.0,22.0,22.0,22.0,22.0,12.0,22.0,22.0,22.0,22.0,22.0,682.0,664.0,708.0,708.0,734.0,736.0,763.0,818.0,691.0,703.0,718.0,692.0,710.0,653.0,699.0,-41.11939799785614,-41.11939799785614,39.674152135849,1.4452458620071411,40.893104910850525,0.22629308700561523,-1.3156695663928986,-9.836811780929565,-31.282586216926575,8.606509447097778,9.892378568649292,16.149078369140625,-16.363810181617737,16.20464515686035,-32.51288855075836,-43.02434299886227,1.9049450010061264,-39.627434730529785,-1.491963267326355,-41.05244266986847,-0.0669553279876709,-40.90929353237152,-0.21010446548461914,-43.56250801682472,2.443110018968582,-43.816417798399925,2.697019800543785,-41.87611502408981,0.7567170262336731,-14.488063335418701,-26.63133466243744,2.43464994430542,-43.55404794216156,42.43506756424904,-1.3156695663928986,-1.8690635453570972,1.8033705516295,0.06569299372759732,1.0,5.01314543028664e-08,0.9999999107153732,9.170900621805069e-08,0.9999999130379058,0.9999992766132343,0.9999998605839189,0.0,0.0,0.0
smollm2-135m,toolshed,toolshed-0030-s2-drop_arg-0,-14.348917722702026,-28.13239359855652,-18.596282958984375,-28.010951042175293,-30.334776639938354,-29.79754328727722,-3.9885209798812866,-19.686829328536987,-5.344685196876526,-18.258055210113525,-3.3446751832962036,-18.37571096420288,-3.827303171157837,-19.929781079292297,-0.42154981195926666,-17.341743007302284,-0.1965876892209053,-18.61333617568016,-6.664655923843384,-4.51334273815155,-4.723112225532532,-20.683820724487305,-3.351241946220398,-19.371423363685608,-4.2566423416137695,-22.992250680923462,-2.6402931213378906,-22.019044876098633,-31.58570384979248,-31.07047939300537,-16.17084503173828,-23.73109531402588,-3.5307751893997192,-19.012903928756714,False,False,False,False,False,False,False,False,False,False,False,False,False,False,True,False,True,False,False,False,False,False,True,False,False,False,False,False,False,False,False,False,False,False,23.0,31.0,23.0,31.0,31.0,32.0,23.0,31.0,23.0,31.0,23.0,31.0,23.0,31.0,23.0,31.0,23.0,31.0,23.0,31.0,23.0,31.0,23.0,31.0,23.0,31.0,23.0,31.0,31.0,32.0,23.0,31.0,23.0,31.0,729.0,712.0,750.0,750.0,777.0,778.0,799.0,848.0,764.0,745.0,776.0,741.0,751.0,701.0,752.0,-12.182324051856995,-12.182324051856995,11.914202690124512,0.2681213617324829,13.53055191040039,-1.348227858543396,-0.4577457904815674,-1.8219273090362549,-10.36039674282074,4.044265985488892,-4.40129828453064,-7.560250282287598,-15.6983083486557,-13.783475875854492,-8.138058066368103,-12.826169848442078,0.643845796585083,-11.44773280620575,-0.7345912456512451,-12.819603085517883,0.6372790336608887,-12.343541860580444,0.1612178087234497,-15.749295219779015,3.56697116792202,-15.974257342517376,3.7919332906603813,-10.826159834861755,-1.3561642169952393,-9.506189107894897,-2.676134943962097,2.4254379272460938,-14.607761979103088,12.640069842338562,-0.4577457904815674,-0.5296662631242172,0.5180088126141092,0.011657450510107952,1.0,0.9994789864761183,0.9999998478264381,0.9999989674477504,0.9999999927015828,0.9999998111152749,0.0005208613503198123,0.0,0.0,0.0
smollm2-135m,toolshed,toolshed-0030-s2-name_for_email-3,-30.646777629852295,-28.004348278045654,,,-11.659552335739136,-17.88248324394226,-4.405189514160156,-10.746296644210815,,,,,,,,,,,,,,,,,-5.1854565143585205,-11.525466918945312,,,-16.17083978652954,-31.58571767807007,-25.291890621185303,-23.731099605560303,-3.426532804965973,-9.855496406555176,False,False,,,False,False,False,False,,,,,,,,,,,,,,,,,False,False,,,False,False,False,False,False,False,24.0,31.0,,,23.0,31.0,24.0,31.0,,,,,,,,,,,,,,,,,24.0,31.0,,,23.0,31.0,24.0,31.0,24.0,31.0,729.0,,762.0,,,,,,,,,742.0,,701.0,744.0,-20.886701107025146,-20.886701107025146,20.106434106826782,0.7802670001983643,,,-0.9786567091941833,5.354887008666992,-26.24158811569214,12.984802961349487,-4.273248672485352,1.560791015625,-6.341107130050659,2.6424293518066406,-7.901898145675659,,,,,,,,,,,,,,,,,,,21.86535781621933,-0.9786567091941833,-0.8702792127927145,0.8377680877844492,0.032511125008265175,1.0,0.00010927084756680469,0.9975352547554319,0.06645715828671418,0.9982388233355052,0.998388478351651,0.9974259839078651,0.0,0.0,0.0
smollm2-135m,toolshed,toolshed-0033-s1-drop_arg-0,-14.5039644241333,-32.116957664489746,-19.206958293914795,-34.52215909957886,-24.79858160018921,-26.000955283641815,-2.2213533520698547,-19.013507544994354,-4.3790682554244995,-19.793128967285156,-2.3022356629371643,-20.535502552986145,-2.1902194023132324,-18.583550453186035,-0.2127787061035633,-19.250670988112688,-0.08760390989482403,-20.356712458655238,-8.30115795135498,-6.66202700138092,-3.4041974544525146,-19.326035499572754,-3.1022607684135437,-18.450028836727142,-3.570446729660034,-25.918057680130005,-4.267954587936401,-30.717361450195312,-46.42698097229004,-37.51183891296387,-22.953983306884766,-35.78747367858887,-0.7134640514850616,-23.684476166963577,False,False,False,False,False,False,True,False,False,False,True,False,True,False,True,False,True,False,False,False,False,False,False,False,False,False,False,False,False,False,False,False,True,False,13.0,28.0,13.0,28.0,28.0,30.0,13.0,28.0,13.0,28.0,13.0,28.0,13.0,28.0,13.0,28.0,13.0,28.0,13.0,28.0,13.0,28.0,13.0,28.0,13.0,28.0,13.0,28.0,28.0,30.0,13.0,28.0,13.0,28.0,756.0,739.0,767.0,767.0,784.0,795.0,806.0,845.0,788.0,762.0,790.0,758.0,768.0,728.0,766.0,-20.73262995481491,-20.73262995481491,19.38353657722473,1.3490933775901794,18.686028718948364,2.0466012358665466,-1.507889300584793,-8.450018882751465,-12.282611072063446,16.773966133594513,3.670516014099121,-12.833490371704102,-16.7921541929245,-17.612993240356445,-3.958663821220398,-20.6517476439476,-0.08088231086730957,-19.54978585243225,-1.18284410238266,-19.851722538471222,-0.880907416343689,-20.763763904571533,0.031133949756622314,-22.741204600781202,2.0085746459662914,-22.86637939698994,2.1337494421750307,-18.574915051460266,-2.1577149033546448,-14.652825355529785,-6.079804599285126,-3.7470250129699707,-16.98560494184494,22.240519255399704,-1.507889300584793,-1.5948176888319163,1.4910412751711333,0.10377641366078304,1.0,0.9999968541051999,0.999999948832728,0.9999999775728433,0.9999999998029594,0.999999999894363,3.0947275281301145e-06,0.0,1.0,0.0
smollm2-135m,toolshed,toolshed-0033-s1-readonly_target-3,-45.112802028656006,-30.644118785858154,,,-19.547231674194336,-26.121492385864258,-4.86709189414978,-21.201278686523438,,,,,,,,,,,,,,,,,-3.4095005989074707,-15.994718074798584,,,-22.953990936279297,-46.42698097229004,-56.78989601135254,-35.7874641418457,-0.8144101202487946,-15.857070803642273,False,False,,,False,False,False,False,,,,,,,,,,,,,,,,,False,False,,,False,False,False,False,True,False,27.0,28.0,,,13.0,28.0,27.0,28.0,,,,,,,,,,,,,,,,,27.0,28.0,,,13.0,28.0,27.0,28.0,27.0,28.0,757.0,,788.0,,,,,,,,,772.0,,728.0,780.0,-51.92280411720276,-51.92280411720276,53.38039541244507,-1.4575912952423096,,,-4.052681773900986,-11.677093982696533,-40.245710134506226,14.586185455322266,5.143345355987549,21.002431869506836,-16.334186792373657,14.468683242797852,-37.33661866188049,,,,,,,,,,,,,,,,,,,55.975485891103745,-4.052681773900986,-1.9230668191556577,1.97705168194241,-0.05398486278675221,1.0,2.0195377526142828e-15,0.9999994976384298,5.203918438962418e-07,0.9999965777793273,0.9999997068733231,0.9999994976384278,0.0,0.0,0.0
smollm2-135m,toolshed,toolshed-0034-s1-date_format-3,-18.155540466308594,-11.529977798461914,,,-3.9201820492744446,-20.333409786224365,-1.6137016415596008,-8.524711668491364,,,,,,,,,,,,,,,,,-8.591666460037231,-16.60894536972046,,,-7.4619423151016235,-22.325966835021973,-17.321282386779785,-9.9176926612854,-2.3228305280208588,-9.260552495718002,False,False,,,False,False,True,False,,,,,,,,,,,,,,,,,False,False,,,False,False,False,False,True,False,27.0,28.0,,,15.0,28.0,27.0,28.0,,,,,,,,,,,,,,,,,27.0,28.0,,,15.0,28.0,27.0,28.0,27.0,28.0,684.0,,728.0,,,,,,,,,699.0,,655.0,708.0,-15.707580745220184,-15.707580745220184,8.729615926742554,6.977964818477631,,,0.7091288864612579,0.8342580795288086,-16.541838824748993,1.3929809927940369,-1.6122851371765137,7.403589725494385,-6.911010026931763,6.62556266784668,-14.314599752426147,,,,,,,,,,,,,,,,,,,14.998451858758926,0.7091288864612579,-0.5817622498229698,0.32331910839787237,0.25844314142509744,1.0,4.812520761917398e-05,0.9085887203959009,0.0013242780664458405,0.9996703926865564,0.9990304630532674,0.9085405951882817,0.0,1.0,0.0
smollm2-135m,toolshed,toolshed-0034-s1-drop_arg-0,-9.267109751701355,-13.503432154655457,,,-15.944665908813477,-17.344810724258423,-2.6296818256378174,-6.904539346694946,,,,,,,,,,,,,,,,,-9.511640548706055,-18.072977542877197,,,-22.32597589492798,-22.65167760848999,-7.461933851242065,-9.91768503189087,-1.043194741010666,-7.969749242067337,False,False,,,False,False,False,False,,,,,,,,,,,,,,,,,False,False,,,False,False,False,False,True,False,15.0,28.0,,,28.0,28.0,15.0,28.0,,,,,,,,,,,,,,,,,15.0,28.0,,,28.0,28.0,15.0,28.0,15.0,28.0,684.0,,697.0,,,,,,,,,687.0,,655.0,694.0,-4.832252025604248,-4.832252025604248,-2.0497066974639893,6.881958723068237,,,-1.5864870846271515,1.8051759004592896,-6.637427926063538,3.013145685195923,-3.5857471227645874,-2.4557511806488037,-4.274857521057129,-4.236322402954102,-1.8191063404083252,,,,,,,,,,,,,,,,,,,6.4187391102313995,-1.5864870846271515,-0.3221501350402832,-0.13664711316426595,0.45879724820454915,1.0,0.9209804957059511,0.986274912172555,0.9857454556202222,0.9998086733419449,0.9990195857741875,0.06529441646660394,0.0,0.0,0.0
smollm2-135m,toolshed,toolshed-0035-s1-readonly_target-3,-34.77976739406586,-18.69166123867035,-47.272422313690186,-31.513305187225342,-20.849192142486572,-23.366882801055908,-2.7615939378738403,-18.653786182403564,-2.3396570086479187,-15.773410439491272,-0.8320928663015366,-17.586538791656494,-2.9630783200263977,-18.019139766693115,-0.4426017701625824,-16.670143872499466,-0.1817575842142105,-21.16708754748106,-29.499119877815247,-6.231529355049133,-4.183368682861328,-18.401166200637817,-2.7974356412887573,-18.23558235168457,-4.702879905700684,-21.155823230743408,-3.1303268671035767,-21.15739870071411,-28.506446838378906,-29.96816062927246,-44.87173652648926,-28.427045822143555,-2.8331292271614075,-15.217481434345245,False,False,False,False,False,False,True,False,False,False,True,False,False,False,True,False,True,False,False,False,False,False,True,False,False,False,False,False,False,False,False,False,False,False,21.0,21.0,21.0,21.0,12.0,21.0,21.0,21.0,21.0,21.0,21.0,21.0,21.0,21.0,21.0,21.0,21.0,21.0,21.0,21.0,21.0,21.0,21.0,21.0,21.0,21.0,21.0,21.0,12.0,21.0,21.0,21.0,21.0,21.0,681.0,663.0,706.0,706.0,731.0,734.0,760.0,814.0,690.0,701.0,716.0,690.0,708.0,652.0,697.0,-42.11014258861542,-42.11014258861542,40.168856620788574,1.9412859678268433,41.74140965938568,0.36873292922973633,0.07153528928756714,-10.0919691324234,-32.01817345619202,9.77325963973999,9.735384583473206,16.444690704345703,-15.892192244529724,16.088106155395508,-32.33688294887543,-44.03964366018772,1.9295010715723038,-40.68836784362793,-1.4217747449874878,-42.0743008852005,-0.03584170341491699,-41.90865820646286,-0.20148438215255737,-44.429134756326675,2.318992167711258,-44.68997894227505,2.57983635365963,-42.53207951784134,0.42193692922592163,-15.372616648674011,-26.737525939941406,2.4006857872009277,-44.510828375816345,42.03860729932785,0.07153528928756714,-2.005244885172163,1.9128026962280273,0.09244218894413539,1.0,3.374365400773454e-08,0.9999998595767186,1.0304436034840285e-07,0.9999999284552992,0.9999958164751062,0.9999998258330646,0.0,1.0,0.0
smollm2-135m,toolshed,toolshed-0036-s2-name_for_email-3,-31.453444004058838,-28.669046878814697,-30.302014350891113,-29.3939790725708,-11.986255645751953,-18.212669372558594,-4.845416307449341,-11.44210433959961,-6.720003128051758,-13.438674926757812,-3.2933011651039124,-12.13711428642273,-4.156267404556274,-11.066721677780151,-0.38444942235946655,-9.837596267461777,-0.18337929993867874,-11.59950428456068,-27.49110245704651,-19.97349190711975,-9.814745664596558,-15.655466318130493,-7.017008066177368,-13.240547180175781,-12.183308362960815,-17.44981360435486,-6.496130466461182,-15.226489067077637,-18.365057468414307,-35.567208766937256,-28.818864345550537,-27.31076955795288,-7.377414703369141,-13.177379131317139,False,False,False,False,False,False,False,False,False,False,False,False,True,False,True,False,True,False,False,False,False,False,False,False,False,False,False,False,False,False,False,False,False,False,32.0,38.0,32.0,38.0,22.0,38.0,32.0,38.0,32.0,38.0,32.0,38.0,32.0,38.0,32.0,38.0,32.0,38.0,32.0,38.0,32.0,38.0,32.0,38.0,32.0,38.0,32.0,38.0,22.0,38.0,32.0,38.0,32.0,38.0,736.0,719.0,777.0,777.0,813.0,805.0,846.0,915.0,756.0,769.0,790.0,757.0,775.0,708.0,759.0,-23.973448038101196,-23.973448038101196,16.63555598258972,7.337892055511475,22.322733879089355,1.6507141590118408,2.5319983959198,2.634579658508301,-26.608027696609497,15.868665218353271,-1.3582773208618164,1.5080947875976562,-6.5966880321502686,2.7843971252441406,-8.104782819747925,-25.525563180446625,1.5521151423454285,-19.00411868095398,-4.969329357147217,-21.80185627937317,-2.1715917587280273,-24.662596940994263,0.6891489028930664,-28.43441492319107,4.460966885089874,-28.63548504561186,4.662037007510662,-22.09886121749878,-1.874586820602417,-1.3277618885040283,-22.645686149597168,1.4831500053405762,-25.456598043441772,21.441449642181396,2.5319983959198,-0.7491702511906624,0.5198611244559288,0.22930912673473358,1.0,2.8833690911149568e-05,0.9978461156594346,0.05817317264516086,0.994864887788772,0.9969814766262279,0.9978172819685235,0.0,0.0,0.0
smollm2-135m,toolshed,toolshed-0037-s0-date_format-2,-27.824390411376953,-19.852590560913086,-29.45631217956543,-20.658935546875,-10.409618973731995,-13.35946810245514,-2.26656711101532,-5.160918831825256,-2.266554117202759,-5.160908937454224,-1.5958358645439148,-5.5440903306007385,-2.253468632698059,-5.686074376106262,-0.3421179950237274,-4.200965493917465,-0.060829528607428074,-7.262962051667273,-17.7845938205719,-5.030216455459595,-1.8480170369148254,-4.165573418140411,-2.16763973236084,-4.306300163269043,-3.796886444091797,-7.047739505767822,-2.173831880092621,-5.930868446826935,-22.880109786987305,-26.305513381958008,-30.210094451904297,-20.362095832824707,-1.8973910212516785,-8.207669913768768,False,False,False,False,False,False,True,False,True,False,True,False,True,False,True,False,True,False,False,False,True,False,True,False,False,False,True,False,False,False,False,False,True,False,17.0,17.0,17.0,17.0,17.0,17.0,17.0,17.0,17.0,17.0,17.0,17.0,17.0,17.0,17.0,17.0,17.0,17.0,17.0,17.0,17.0,17.0,17.0,17.0,17.0,17.0,17.0,17.0,17.0,17.0,17.0,17.0,17.0,17.0,640.0,623.0,675.0,675.0,696.0,703.0,738.0,801.0,661.0,659.0,689.0,646.0,673.0,612.0,704.0,-27.943527340888977,-27.943527340888977,26.4132080078125,1.530319333076477,28.036262571811676,-0.09273523092269897,-0.36917608976364136,-2.3857040405273438,-25.557823300361633,15.20117700099945,0.5095052719116211,9.84799861907959,-2.8943517208099365,7.971799850463867,-12.742350339889526,-28.614258587360382,0.670731246471405,-28.36207741498947,0.4185500741004944,-28.042454719543457,0.09892737865447998,-27.956625819206238,0.013098478317260742,-29.86797645688057,1.9244491159915924,-30.14926492329687,2.2057375824078918,-27.943540334701538,1.2993812561035156e-05,-12.425500631332397,-15.51802670955658,-0.7537822723388672,-27.18974506855011,28.31270343065262,-0.36917608976364136,-1.643736902405234,1.5537181181066178,0.0900187842986163,1.0,4.8788966325499004e-05,0.9472918709072858,0.00034493835146005993,0.9627037541293841,0.9981857711345884,0.9472430819409603,0.0,1.0,0.0
smollm2-135m,toolshed,toolshed-0038-s1-date_format-4,-33.919132232666016,-24.228689193725586,,,-10.799798727035522,-11.009546995162964,-2.700984001159668,-8.376549482345581,,,,,,,,,,,,,,,,,-7.689476490020752,-14.468955039978027,,,-12.353103637695312,-27.07334327697754,-28.044065475463867,-18.5320463180542,-3.543588399887085,-9.807890176773071,False,False,,,False,False,True,False,,,,,,,,,,,,,,,,,False,False,,,False,False,False,False,False,False,47.0,47.0,,,31.0,47.0,47.0,47.0,,,,,,,,,,,,,,,,,47.0,47.0,,,31.0,47.0,47.0,47.0,47.0,47.0,721.0,,786.0,,,,,,,,,757.0,,693.0,759.0,-25.3430814743042,-25.3430814743042,20.354588985443115,4.988492488861084,,,0.842604398727417,5.875066757202148,-31.218148231506348,10.155496835708618,-5.696642875671387,9.512019157409668,-5.675565481185913,9.69044303894043,-15.187584638595581,,,,,,,,,,,,,,,,,,,24.500477075576782,0.842604398727417,-0.5392144994532808,0.4330763613924067,0.10613813806087413,1.0,1.5296864552592777e-07,0.9960367433646333,6.186815873958979e-05,0.9988644234367374,0.9981005729864331,0.9960365903959878,0.0,1.0,0.0
smollm2-135m,toolshed,toolshed-0038-s1-type_swap-3,-26.687703490257263,-25.45761811733246,,,-5.838974475860596,-7.94610071182251,-2.921921968460083,-3.0893826484680176,,,,,,,,,,,,,,,,,-7.3207443952560425,-12.183974742889404,,,-12.353110313415527,-27.073347091674805,-21.901063919067383,-18.53204917907715,-3.081032872200012,-7.777807235717773,False,False,,,False,False,True,False,,,,,,,,,,,,,,,,,False,False,,,False,False,False,False,False,False,47.0,47.0,,,31.0,47.0,47.0,47.0,,,,,,,,,,,,,,,,,47.0,47.0,,,31.0,47.0,47.0,47.0,47.0,47.0,722.0,,776.0,,,,,,,,,757.0,,693.0,759.0,-18.9791419506073,-18.9791419506073,14.58031952381134,4.3988224267959595,,,0.1591109037399292,4.78663957118988,-23.76578152179718,15.44266653060913,-6.92556893825531,3.3690147399902344,-0.16746068000793457,1.2300853729248047,-3.536475419998169,,,,,,,,,,,,,,,,,,,18.82003104686737,0.1591109037399292,-0.4038115308639851,0.3102195643364115,0.09359196652757361,1.0,7.119445031850969e-05,0.5245269454021808,0.22616648382127202,0.9923337380817957,0.9909578440939586,0.5244557509518623,0.0,1.0,0.0
smollm2-135m,toolshed,toolshed-0041-s1-readonly_target-3,-34.08840799331665,-18.224133014678955,,,-21.60710370540619,-24.458603382110596,-2.666898488998413,-19.543306708335876,,,,,,,,,,,,,,,,,-4.501715302467346,-21.97112226486206,,,-29.136404514312744,-28.533554553985596,-43.68421983718872,-28.325376987457275,-2.6147624850273132,-16.125522792339325,False,False,,,False,False,False,False,,,,,,,,,,,,,,,,,False,False,,,False,False,False,False,False,False,21.0,21.0,,,12.0,21.0,21.0,21.0,,,,,,,,,,,,,,,,,21.0,21.0,,,12.0,21.0,21.0,21.0,21.0,21.0,679.0,,704.0,,,,,,,,,688.0,,650.0,695.0,-41.01732134819031,-41.01732134819031,39.182504534721375,1.834816813468933,,,-0.052136003971099854,-9.59581184387207,-31.421509504318237,8.782070279121399,10.10124397277832,15.358842849731445,-16.876408219337463,15.864274978637695,-32.23525106906891,,,,,,,,,,,,,,,,,,,41.06945735216141,-0.052136003971099854,-1.9532057784852528,1.8658335492724465,0.08737222921280634,1.0,9.469146739495864e-08,0.9999999468628001,1.2889404746706752e-07,0.9999999741099468,0.9999986437156104,0.9999998521713327,0.0,0.0,0.0
smollm2-135m,toolshed,toolshed-0042-s2-name_for_email-3,-23.525047302246094,-27.942073822021484,-25.623008251190186,-29.887986660003662,-13.754117012023926,-18.96928310394287,-4.447089195251465,-12.293669700622559,-5.52312970161438,-14.834944725036621,-2.820851683616638,-12.561660051345825,-4.016357183456421,-12.254760026931763,-0.274677999317646,-9.828312791883945,-0.14002109691500664,-10.901681039482355,-25.403748035430908,-20.202768802642822,-7.306676387786865,-14.222122192382812,-5.364075064659119,-13.689380168914795,-8.9334077835083,-18.44382381439209,-7.375409126281738,-16.51676607131958,-23.64897632598877,-36.44426250457764,-26.37675952911377,-31.46705150604248,-4.571426630020142,-12.291499137878418,False,False,False,False,False,False,False,False,False,False,True,False,False,False,True,False,True,False,False,False,False,False,False,False,False,False,False,False,False,False,False,False,False,False,26.0,32.0,26.0,32.0,23.0,32.0,26.0,32.0,26.0,32.0,26.0,32.0,26.0,32.0,26.0,32.0,26.0,32.0,26.0,32.0,26.0,32.0,26.0,32.0,26.0,32.0,26.0,32.0,23.0,32.0,26.0,32.0,26.0,32.0,732.0,715.0,767.0,767.0,797.0,795.0,830.0,893.0,753.0,759.0,780.0,747.0,767.0,704.0,750.0,-21.929670333862305,-21.929670333862305,17.44335174560547,4.486318588256836,19.00135040283203,2.9283199310302734,0.12433743476867676,-2.851712226867676,-19.07795810699463,19.173381805419922,3.524977684020996,-5.090291976928711,-7.846580505371094,-4.417026519775391,-2.756288528442383,-23.55590784549713,1.6262375116348267,-19.070083141326904,-2.8595871925354004,-21.01268446445465,-0.9169858694076538,-22.36040234565735,0.43073201179504395,-26.102081529796124,4.172411195933819,-26.236738432198763,4.307068098336458,-20.85362982749939,-1.076040506362915,-0.9730114936828613,-20.956658840179443,-0.753751277923584,-21.17591905593872,21.805332899093628,0.12433743476867676,-0.843448858994704,0.6708981440617487,0.17255071493295523,1.0,0.06133037821215075,0.9995178683101064,0.9880738800022963,0.9999259292695489,0.9995563684745918,0.9381874900979557,0.0,0.0,0.0
smollm2-135m,toolshed,toolshed-0043-s0-date_format-3,-29.269190311431885,-18.815760135650635,-29.91404151916504,-19.743746757507324,-11.418512463569641,-14.744802594184875,-1.9669619798660278,-6.516794323921204,-1.9669660329818726,-6.516788482666016,-1.3684386610984802,-7.8700496554374695,-2.3001060485839844,-6.972007513046265,-0.3345274440944195,-5.398970913141966,-0.0841318741440773,-8.852258458733559,-17.781986832618713,-4.551623225212097,-2.217981278896332,-5.19391006231308,-1.8096203804016113,-5.9591405391693115,-3.4082126021385193,-8.049003779888153,-2.1202123165130615,-5.604113936424255,-21.90333366394043,-25.243590354919434,-29.905580520629883,-19.161174774169922,-1.5968749523162842,-7.047680675983429,False,False,False,False,False,False,True,False,True,False,True,False,True,False,True,False,True,False,False,False,True,False,True,False,False,False,True,False,False,False,False,False,True,False,9.0,17.0,9.0,17.0,17.0,17.0,9.0,17.0,9.0,17.0,9.0,17.0,9.0,17.0,9.0,17.0,9.0,17.0,9.0,17.0,9.0,17.0,9.0,17.0,9.0,17.0,9.0,17.0,17.0,17.0,9.0,17.0,9.0,17.0,641.0,624.0,660.0,660.0,673.0,688.0,707.0,754.0,662.0,644.0,674.0,639.0,657.0,613.0,689.0,-27.938618540763855,-27.938618540763855,26.497367918491364,1.4412506222724915,27.78536820411682,0.1532503366470337,-0.37008702754974365,-0.636390209197998,-27.302228331565857,12.644380450248718,0.3454146385192871,10.744405746459961,-4.549832344055176,10.45343017578125,-15.294238090515137,-28.537141859531403,0.5985233187675476,-27.68759924173355,-0.25101929903030396,-28.09596014022827,0.1573415994644165,-27.6054744720459,-0.33314406871795654,-29.571053076535463,1.6324345357716084,-29.821448646485806,1.8828301057219505,-27.93861448764801,-4.0531158447265625e-06,-12.12359368801117,-15.815024852752686,0.00846099853515625,-27.94707953929901,28.3087055683136,-0.37008702754974365,-3.1042909489737616,2.944151990943485,0.16013895803027683,1.0,2.0216557181110546e-05,0.9894618684901313,2.8848313492701537e-05,0.9904421738984818,0.9957255052903258,0.9894416519329502,0.0,1.0,0.0
smollm2-135m,toolshed,toolshed-0044-s1-type_swap-3,-25.876544952392578,-26.295377731323242,,,-5.703827142715454,-8.192303895950317,-3.3387739658355713,-2.969416379928589,,,,,,,,,,,,,,,,,-6.75261378288269,-11.289219379425049,,,-13.327570915222168,-27.050572395324707,-19.848992347717285,-20.10061550140381,-3.3778955936431885,-7.3952860832214355,False,False,,,False,False,False,True,,,,,,,,,,,,,,,,,False,False,,,False,False,False,False,False,False,44.0,44.0,,,31.0,44.0,44.0,44.0,,,,,,,,,,,,,,,,,44.0,44.0,,,31.0,44.0,44.0,44.0,44.0,44.0,715.0,,766.0,,,,,,,,,747.0,,686.0,749.0,-16.510218381881714,-16.510218381881714,13.096378564834595,3.413839817047119,,,0.03912162780761719,6.027552604675293,-22.537770986557007,17.13119912147522,-6.194762229919434,-0.25162315368652344,0.3693575859069824,-0.41883277893066406,0.6209807395935059,,,,,,,,,,,,,,,,,,,16.471096754074097,0.03912162780761719,-0.3752322359518571,0.29764496738260443,0.0775872685692527,1.0,0.001467734985123075,0.39237998609642455,0.6032039104054473,0.9894037843089505,0.9823183921557731,0.39091225111130146,0.0,0.0,0.0
smollm2-135m,toolshed,toolshed-0047-s0-type_swap-3,-22.883302211761475,-18.637632846832275,-21.21588373184204,-17.406527996063232,-10.870044469833374,-14.09009051322937,-2.6649771332740784,-5.5097527503967285,-2.6649779081344604,-5.509751796722412,-0.8079274296760559,-5.1223912835121155,-1.7903850376605988,-4.667891025543213,-0.10785339400172234,-5.040642526000738,-0.06410863529890776,-6.121155350469053,-16.063005208969116,-6.0346057415008545,-0.7573603689670563,-3.3359790444374084,-1.0595811605453491,-2.468145787715912,-1.703525334596634,-5.408104300498962,-2.1806658506393433,-6.210325479507446,-22.749671459197998,-21.845113277435303,-21.393300533294678,-16.957621097564697,-3.8052138090133667,-7.278897643089294,False,False,False,False,False,False,False,False,False,False,True,False,True,False,True,False,True,False,False,False,True,False,True,False,True,False,True,False,False,False,False,False,False,False,21.0,21.0,21.0,21.0,15.0,21.0,21.0,21.0,21.0,21.0,21.0,21.0,21.0,21.0,21.0,21.0,21.0,21.0,21.0,21.0,21.0,21.0,21.0,21.0,21.0,21.0,21.0,21.0,15.0,21.0,21.0,21.0,21.0,21.0,639.0,621.0,663.0,663.0,688.0,691.0,716.0,769.0,653.0,655.0,692.0,648.0,666.0,610.0,653.0,-18.7283234000206,-18.7283234000206,19.689775198698044,-0.9614517986774445,19.212634682655334,-0.4843112826347351,1.1402366757392883,1.4900016784667969,-20.218325078487396,11.447868347167969,-1.6800117492675781,4.4356794357299805,-2.84477561712265,4.245669364929199,-7.280455052852631,-20.585373103618622,1.8570497035980225,-20.63594016432762,1.907616764307022,-20.33371937274933,1.6053959727287292,-19.60291549563408,0.8745920956134796,-21.285447139292955,2.557123739272356,-21.32919189799577,2.6008684979751706,-18.728322625160217,-7.748603820800781e-07,-5.3302953243255615,-13.398028075695038,-0.17741680145263672,-18.550906598567963,17.58808672428131,1.1402366757392883,-0.8918249238105047,0.9376083427951449,-0.04578341898464021,1.0,0.011587012440327284,0.9447942583599321,0.0141238014802904,0.9759805553160782,0.9699296478831906,0.9332072459196048,0.0,0.0,0.0
smollm2-135m,toolshed,toolshed-0047-s1-readonly_target-3,-34.471821546554565,-18.31600832939148,-46.93514108657837,-31.086985111236572,-20.862661242485046,-24.005840301513672,-2.9886571168899536,-19.266664385795593,-2.060114949941635,-15.897725343704224,-0.886687844991684,-17.67196476459503,-3.0685386657714844,-18.60697841644287,-0.41717441380023956,-16.976895436644554,-0.1504467912018299,-21.51897296682,-29.040440261363983,-6.441843211650848,-4.190403938293457,-18.822908639907837,-2.940322518348694,-18.67284619808197,-5.277153730392456,-21.324841022491455,-3.48147451877594,-21.258790016174316,-26.544395923614502,-29.938625812530518,-44.00857591629028,-26.512686252593994,-3.5339353680610657,-15.919612467288971,False,False,False,False,False,False,True,False,False,False,True,False,False,False,True,False,True,False,False,False,False,False,True,False,False,False,False,False,False,False,False,False,False,False,22.0,22.0,22.0,22.0,12.0,22.0,22.0,22.0,22.0,22.0,22.0,22.0,22.0,22.0,22.0,22.0,22.0,22.0,22.0,22.0,22.0,22.0,22.0,22.0,22.0,22.0,22.0,22.0,12.0,22.0,22.0,22.0,22.0,22.0,682.0,664.0,708.0,708.0,734.0,736.0,763.0,818.0,691.0,703.0,718.0,692.0,712.0,653.0,699.0,-41.01991879940033,-41.01991879940033,38.73142218589783,2.2884966135025024,40.52710139751434,0.49281740188598633,0.5452782511711121,-9.536754369735718,-31.483164429664612,7.246021866798401,8.196677923202515,17.49588966369629,-16.27800726890564,16.155813217163086,-33.77389693260193,-43.1218880712986,2.1019692718982697,-39.818171977996826,-1.2017468214035034,-41.06825339794159,0.048334598541259766,-40.9400372505188,-0.07988154888153076,-43.591401502490044,2.571482703089714,-43.85812912508845,2.8382103256881237,-41.94846096634865,0.9285421669483185,-14.9681356549263,-26.05178314447403,2.926565170288086,-43.946483969688416,40.47464054822922,0.5452782511711121,-1.864541763609106,1.760519190268083,0.10402257334102284,1.0,1.2598476985485476e-08,0.9999998967577388,9.629847892277034e-08,0.9999998927053877,0.9999958220141316,0.9999998841592618,0.0,1.0,0.0
smollm2-135m,toolshed,toolshed-0048-s2-name_for_email-3,-28.8679780960083,-26.619698524475098,-27.454329013824463,-25.943434238433838,-8.326182007789612,-15.52947723865509,-4.01311981678009,-6.93893826007843,-12.003925323486328,-17.00387191772461,-2.924591153860092,-7.925297260284424,-3.9941097497940063,-7.0074721574783325,-0.41848622262477875,-5.288305088877678,-0.17066707462072372,-6.733290746808052,-28.879169583320618,-18.96959698200226,-7.44909405708313,-10.276007890701294,-5.562425971031189,-9.67285442352295,-5.2470269203186035,-9.953623294830322,-2.994382619857788,-8.899926543235779,-14.624990463256836,-29.9803409576416,-23.419445037841797,-21.849075317382812,-3.49248206615448,-7.094332218170166,False,False,False,False,False,False,False,False,False,False,False,False,False,False,True,False,True,False,False,False,False,False,False,False,False,False,False,False,False,False,False,False,False,False,23.0,30.0,23.0,30.0,22.0,30.0,23.0,30.0,23.0,30.0,23.0,30.0,23.0,30.0,23.0,30.0,23.0,30.0,23.0,30.0,23.0,30.0,23.0,30.0,23.0,30.0,23.0,30.0,22.0,30.0,23.0,30.0,23.0,30.0,727.0,710.0,758.0,758.0,785.0,786.0,817.0,876.0,747.0,750.0,771.0,739.0,757.0,699.0,742.0,-19.406325221061707,-19.406325221061707,18.172418117523193,1.2339071035385132,20.42506241798401,-1.0187371969223022,-0.5206377506256104,5.448533058166504,-24.85485827922821,14.910137057304382,-4.770623207092285,1.5703697204589844,-2.92581844329834,2.248279571533203,-4.496188163757324,-20.494853883981705,1.0885286629199982,-15.970350980758667,-3.4359742403030396,-17.857019066810608,-1.5493061542510986,-19.42533528804779,0.019010066986083984,-23.000958815217018,3.5946335941553116,-23.248777963221073,3.8424527421593666,-11.415519714355469,-7.990805506706238,5.459724545478821,-24.866049766540527,4.034883975982666,-23.441209197044373,19.926962971687317,-0.5206377506256104,-0.8437532704809437,0.7901051355444867,0.05364813493645709,1.0,0.00015143791908965958,0.9371867185137466,0.09549796886993732,0.9910454301343748,0.9734508641760479,0.9370352805946569,0.0,0.0,0.0
smollm2-135m,toolshed,toolshed-0050-s1-date_format-4,-36.79161047935486,-26.20394492149353,-33.678199768066406,-23.162567138671875,-10.729108095169067,-10.975107431411743,-2.67205274105072,-8.409172296524048,-4.7671613693237305,-10.721315383911133,-1.8488343358039856,-10.682501912117004,-3.2110875844955444,-9.065855503082275,-0.3022701991721988,-9.591718818061054,-0.16320546483621,-10.175048937555403,-30.177618622779846,-14.03702700138092,-3.8672763109207153,-9.57211709022522,-2.427869737148285,-10.270584881305695,-7.247022390365601,-13.920377254486084,-5.447247743606567,-12.18133544921875,-13.84405517578125,-25.979100227355957,-30.823283195495605,-20.59389019012451,-3.5137059688568115,-9.931389570236206,False,False,False,False,False,False,True,False,False,False,True,False,False,False,True,False,True,False,False,False,False,False,True,False,False,False,False,False,False,False,False,False,False,False,44.0,44.0,44.0,44.0,31.0,44.0,44.0,44.0,44.0,44.0,44.0,44.0,44.0,44.0,44.0,44.0,44.0,44.0,44.0,44.0,44.0,44.0,44.0,44.0,44.0,44.0,44.0,44.0,31.0,44.0,44.0,44.0,44.0,44.0,712.0,695.0,774.0,774.0,822.0,802.0,864.0,954.0,743.0,758.0,788.0,745.0,773.0,684.0,747.0,-28.151230454444885,-28.151230454444885,23.576260805130005,4.57496964931488,25.376035451889038,2.775195002555847,0.8416532278060913,5.968327283859253,-34.11955773830414,12.184717893600464,-5.6100547313690186,10.229393005371094,-5.737119555473328,10.587665557861328,-15.966512560844421,-28.97444885969162,0.8232184052467346,-26.95600688457489,-1.1952235698699951,-28.39541345834732,0.2441830039024353,-27.61219561100006,-0.5390348434448242,-30.521012996323407,2.3697825418785214,-30.660077730659395,2.50884727621451,-26.056121826171875,-2.0951086282730103,-0.6456645727157593,-27.505565881729126,2.854916572570801,-31.006147027015686,27.309577226638794,0.8416532278060913,-0.6398006921464746,0.5358241092075001,0.10397658293897455,1.0,4.221864827184533e-08,0.9962256408607841,2.5224601673743635e-05,0.9987374454834614,0.9983702272704901,0.9962255986421359,0.0,1.0,0.0
smollm2-135m,toolshed,toolshed-0051-s1-readonly_target-3,-46.72556018829346,-30.75339412689209,-54.907315731048584,-36.89454984664917,-20.14649248123169,-25.358721256256104,-5.3846515417099,-20.673872470855713,-5.799436926841736,-18.54901123046875,-2.326431632041931,-19.313512802124023,-5.276008605957031,-20.510868072509766,-0.6969116926193237,-17.336940348148346,-0.2882067561149597,-19.44676849246025,-41.830481231212616,-19.932036101818085,-4.909421920776367,-19.522645950317383,-4.942854642868042,-20.20580768585205,-4.385677814483643,-16.747714042663574,-4.430562138557434,-18.535284280776978,-25.035244941711426,-49.54642963409424,-60.88505840301514,-39.66844654083252,-1.4198975563049316,-17.191400408744812,False,False,False,False,False,False,False,False,False,False,False,False,False,False,True,False,True,False,False,False,False,False,False,False,False,False,False,False,False,False,False,False,True,False,32.0,33.0,32.0,33.0,13.0,33.0,32.0,33.0,32.0,33.0,32.0,33.0,32.0,33.0,32.0,33.0,32.0,33.0,32.0,33.0,32.0,33.0,32.0,33.0,32.0,33.0,32.0,33.0,13.0,33.0,32.0,33.0,32.0,33.0,787.0,769.0,823.0,823.0,859.0,851.0,888.0,953.0,797.0,818.0,833.0,807.0,825.0,758.0,815.0,-55.50040686130524,-55.50040686130524,56.499380588531494,-0.9989737272262573,56.4544962644577,-0.9540894031524658,-3.9647539854049683,-14.15949821472168,-41.34090864658356,18.994574069976807,8.91505241394043,21.216611862182617,-15.289220929145813,15.972166061401367,-36.50583279132843,-58.558626770973206,3.0582199096679688,-55.97563648223877,0.4752296209335327,-55.942203760147095,0.4417968988418579,-55.609049797058105,0.10864293575286865,-60.18814671039581,4.687739849090576,-60.59685164690018,5.09644478559494,-55.0856214761734,-0.41478538513183594,-19.05457717180252,-36.445829689502716,-5.977742671966553,-49.522664189338684,59.465160846710205,-3.9647539854049683,-1.7343877144157887,1.7656056433916092,-0.03121792897582054,1.0,2.6954026112395146e-16,0.9999993806483053,1.1571145783314807e-07,0.9999957220665602,0.9999998585759473,0.9999993806483051,0.0,0.0,0.0
smollm2-135m,toolshed,toolshed-0052-s1-date_format-3,-18.822275400161743,-11.746069192886353,-17.98740005493164,-10.67367935180664,-3.9359625577926636,-20.478210926055908,-1.6254347562789917,-8.603842616081238,-2.9385608434677124,-10.82433795928955,-1.0966186821460724,-11.571089804172516,-1.524072527885437,-8.922552824020386,-0.2801273688673973,-9.59322725981474,-0.1128363385796547,-12.280038088560104,-14.834906101226807,-6.886664390563965,-2.4268094897270203,-6.358593285083771,-1.9982402920722961,-9.404865324497223,-8.986868858337402,-17.261457920074463,-4.824988007545471,-14.431026458740234,-7.091674208641052,-22.66961908340454,-17.713100910186768,-9.712032794952393,-3.4961757361888885,-10.807700842618942,False,False,False,False,False,False,True,False,False,False,True,False,True,False,True,False,True,False,False,False,True,False,True,False,False,False,False,False,False,False,False,False,False,False,29.0,29.0,29.0,29.0,16.0,29.0,29.0,29.0,29.0,29.0,29.0,29.0,29.0,29.0,29.0,29.0,29.0,29.0,29.0,29.0,29.0,29.0,29.0,29.0,29.0,29.0,29.0,29.0,16.0,29.0,29.0,29.0,29.0,29.0,688.0,670.0,735.0,735.0,768.0,763.0,811.0,887.0,702.0,718.0,749.0,705.0,732.0,659.0,715.0,-16.087666153907776,-16.087666153907776,8.726232051849365,7.361434102058411,12.888112902641296,3.1995532512664795,1.8707409799098969,1.1091744899749756,-17.19684064388275,1.1081901788711548,-2.03403639793396,8.001068115234375,-6.978407859802246,7.076206207275391,-14.979475975036621,-16.616482228040695,0.5288160741329193,-15.286291420459747,-0.8013747334480286,-15.714860618114471,-0.37280553579330444,-16.18902838230133,0.10136222839355469,-17.43297354131937,1.3453073874115944,-17.600264571607113,1.512598417699337,-14.774540066719055,-1.3131260871887207,-2.878194808959961,-13.209471344947815,0.27429914474487305,-16.36196529865265,14.216925173997879,1.8707409799098969,-0.5547471087554405,0.3009045535120471,0.2538425552433935,1.0,2.2732839935334686e-05,0.9089746700779779,0.0008442593505300215,0.9997451521715336,0.9993326478440026,0.9089519372380426,0.0,1.0,0.0
smollm2-135m,toolshed,toolshed-0053-s1-readonly_target-3,-34.50973916053772,-18.62875008583069,,,-21.11543607711792,-23.638984203338623,-2.8523181676864624,-19.013679027557373,,,,,,,,,,,,,,,,,-4.705700397491455,-21.282906532287598,,,-28.08329153060913,-29.69755506515503,-44.41844129562378,-27.747798442840576,-3.040961742401123,-15.422189235687256,False,False,,,False,False,True,False,,,,,,,,,,,,,,,,,False,False,,,False,False,False,False,False,False,22.0,22.0,,,12.0,22.0,22.0,22.0,,,,,,,,,,,,,,,,,22.0,22.0,,,12.0,22.0,22.0,22.0,22.0,22.0,682.0,,708.0,,,,,,,,,692.0,,653.0,699.0,-41.56612312793732,-41.56612312793732,39.712740898132324,1.8533822298049927,,,0.18864357471466064,-9.90870213508606,-31.657420992851257,8.734119415283203,9.119048357009888,16.670642852783203,-16.16136085987091,15.880989074707031,-32.832003712654114,,,,,,,,,,,,,,,,,,,41.377479553222656,0.18864357471466064,-1.8893692330880598,1.805124586278742,0.08424464680931786,1.0,3.0984971052799756e-08,0.999999891589163,1.267576043421791e-07,0.9999999368154608,0.9999958033823977,0.999999860604192,0.0,1.0,0.0
smollm2-135m,toolshed,toolshed-0054-s2-name_for_email-3,-29.450557708740234,-26.722824096679688,-27.148642539978027,-25.25896167755127,-7.776361465454102,-15.299344539642334,-4.717628717422485,-6.637969017028809,-12.066266059875488,-16.29970359802246,-3.1391839385032654,-7.189272403717041,-4.6084513664245605,-6.655215501785278,-0.5045264363288879,-4.674291640520096,-0.19984843581914902,-6.104678936302662,-28.116840839385986,-19.543312549591064,-8.63880443572998,-10.710834503173828,-5.9583048820495605,-9.15880298614502,-5.998780965805054,-10.090413808822632,-3.7731521129608154,-8.462313652038574,-14.42067575454712,-30.292850971221924,-23.4776291847229,-21.080753803253174,-3.8662118911743164,-6.657264947891235,False,False,False,False,False,False,False,False,False,False,False,False,False,False,True,False,True,False,False,False,False,False,False,False,False,False,False,False,False,False,False,False,False,False,23.0,30.0,23.0,30.0,22.0,30.0,23.0,30.0,23.0,30.0,23.0,30.0,23.0,30.0,23.0,30.0,23.0,30.0,23.0,30.0,23.0,30.0,23.0,30.0,23.0,30.0,23.0,30.0,22.0,30.0,23.0,30.0,23.0,30.0,727.0,710.0,758.0,758.0,785.0,786.0,817.0,876.0,747.0,750.0,771.0,739.0,757.0,699.0,742.0,-18.760000467300415,-18.760000467300415,17.478848218917847,1.2811522483825684,19.704477071762085,-0.9444766044616699,-0.851416826248169,5.972928524017334,-24.73292899131775,14.442784786224365,-5.642070293426514,2.3968753814697266,-1.9203402996063232,2.727733612060547,-4.31721568107605,-20.338445246219635,1.57844477891922,-14.83882474899292,-3.921175718307495,-17.51932430267334,-1.2406761646270752,-18.86917781829834,0.1091773509979248,-22.973102748394012,4.213102281093597,-23.27778074890375,4.517780281603336,-11.411363124847412,-7.348637342453003,4.639211654663086,-23.3992121219635,3.671013355255127,-22.431013822555542,19.611417293548584,-0.851416826248169,-0.8156521942304529,0.7599499225616455,0.05570227166880732,1.0,0.00011641487880039874,0.8378510207976764,0.06135655879166366,0.9835627743342524,0.9421904289372807,0.8377346059188759,0.0,0.0,0.0
smollm2-135m,toolshed,toolshed-0056-s1-type_swap-3,-27.24927306175232,-27.013116598129272,,,-6.0921279191970825,-8.031155109405518,-3.4461365938186646,-3.0647629499435425,,,,,,,,,,,,,,,,,-7.36971378326416,-11.713870525360107,,,-12.937135219573975,-27.317349910736084,-22.191068172454834,-19.66401243209839,-3.690574884414673,-7.394199371337891,False,False,,,False,False,False,True,,,,,,,,,,,,,,,,,False,False,,,False,False,False,False,False,False,44.0,44.0,,,31.0,44.0,44.0,44.0,,,,,,,,,,,,,,,,,44.0,44.0,,,31.0,44.0,44.0,44.0,44.0,44.0,715.0,,766.0,,,,,,,,,747.0,,686.0,749.0,-18.74493157863617,-18.74493157863617,14.821354389190674,3.9235771894454956,,,0.2444382905960083,5.058204889297485,-23.803136467933655,16.599249482154846,-7.349104166030884,2.5270557403564453,0.38137364387512207,0.23615646362304688,-2.1456820964813232,,,,,,,,,,,,,,,,,,,18.50049328804016,0.2444382905960083,-0.42602117224173114,0.33684896339069714,0.089172208851034,1.0,9.561061699631732e-05,0.39286043912519963,0.4412337461247777,0.987183932779276,0.9759581697637909,0.3927648285082033,0.0,0.0,0.0
smollm2-135m,toolshed,toolshed-0059-s0-type_swap-3,-24.044821739196777,-19.550456047058105,-22.101069927215576,-18.298723697662354,-10.813703179359436,-14.438164353370667,-2.5460652709007263,-5.166218638420105,-2.5460480451583862,-5.16620397567749,-0.5840568989515305,-4.684823662042618,-1.7003609538078308,-4.414024710655212,-0.12542018108069897,-4.823034858331084,-0.0870841983705759,-5.966353544965386,-13.980056285858154,-5.5862343311309814,-0.8538161814212799,-3.141932189464569,-1.1270035803318024,-2.3168995678424835,-1.9564644694328308,-5.631713509559631,-2.223881021142006,-5.730662822723389,-23.510231494903564,-23.38484239578247,-23.091137409210205,-18.22348642349243,-3.8186694383621216,-7.023800253868103,False,False,False,False,False,False,False,False,False,False,True,False,True,False,True,False,True,False,False,False,True,False,True,False,True,False,True,False,False,False,False,False,False,False,21.0,21.0,21.0,21.0,15.0,21.0,21.0,21.0,21.0,21.0,21.0,21.0,21.0,21.0,21.0,21.0,21.0,21.0,21.0,21.0,21.0,21.0,21.0,21.0,21.0,21.0,21.0,21.0,15.0,21.0,21.0,21.0,21.0,21.0,639.0,621.0,663.0,663.0,688.0,691.0,716.0,769.0,653.0,655.0,692.0,648.0,664.0,610.0,653.0,-20.54507213830948,-20.54507213830948,21.134672939777374,-0.5896008014678955,20.8672563880682,-0.3221842497587204,1.2726041674613953,0.9536843299865723,-21.49875646829605,13.057267785072327,-1.3269696235656738,4.867650985717773,-2.6201533675193787,4.494365692138672,-7.487804353237152,-22.507080510258675,1.9620083719491959,-22.237321227788925,1.6922490894794464,-21.964133828878403,1.419061690568924,-21.390776455402374,0.8457043170928955,-22.965717228129506,2.4206450898200274,-23.00405321083963,2.4589810725301504,-20.54508936405182,1.722574234008789e-05,-9.11108112335205,-11.433991014957428,-0.9900674819946289,-19.55500465631485,19.272467970848083,1.2726041674613953,-0.9783367684909275,1.006412997132256,-0.028076228641328357,1.0,0.007551826913267297,0.9319184781960758,0.011048335303898909,0.9752833042369421,0.9610269029891993,0.9243666512828085,0.0,0.0,0.0
smollm2-135m,toolshed,toolshed-0059-s1-readonly_target-3,-35.26669991016388,-20.955365300178528,-48.8101019859314,-34.04396200180054,-20.975906133651733,-24.952194213867188,-3.164140820503235,-20.136411428451538,-1.9772760272026062,-16.743688821792603,-0.8868210911750793,-18.559992849826813,-3.2362608909606934,-19.587641716003418,-0.4462323561310768,-17.397582985460758,-0.17132096737623215,-21.680293671786785,-31.68479412794113,-9.085657775402069,-4.589569330215454,-20.292202949523926,-2.9744104146957397,-19.41670870780945,-3.80177640914917,-20.065624713897705,-2.891475558280945,-20.29051184654236,-29.306653022766113,-31.86185932159424,-46.1967077255249,-30.546957969665527,-2.630101203918457,-16.596335887908936,False,False,False,False,False,False,True,False,False,False,True,False,False,False,True,False,True,False,False,False,False,False,True,False,False,False,False,False,False,False,False,False,False,False,22.0,22.0,22.0,22.0,12.0,22.0,22.0,22.0,22.0,22.0,22.0,22.0,22.0,22.0,22.0,22.0,22.0,22.0,22.0,22.0,22.0,22.0,22.0,22.0,22.0,22.0,22.0,22.0,12.0,22.0,22.0,22.0,22.0,22.0,682.0,664.0,708.0,708.0,734.0,736.0,763.0,818.0,691.0,703.0,718.0,692.0,712.0,653.0,699.0,-43.03256690502167,-43.03256690502167,42.39493131637573,0.6376355886459351,43.30523216724396,-0.27266526222229004,-0.5340396165847778,-10.930007815361023,-32.102559089660645,10.41054654121399,9.591592669487,15.649749755859375,-16.972270607948303,14.311334609985352,-32.62202036380768,-45.30988663434982,2.2773197293281555,-41.60713839530945,-1.4254285097122192,-43.22229731082916,0.18973040580749512,-42.96044683456421,-0.0721200704574585,-45.750475369393826,2.717908464372158,-46.02538675814867,2.9928198531270027,-44.219431698322296,1.1868647933006287,-14.51191359758377,-28.520653307437897,2.613394260406494,-45.64596116542816,43.566606521606445,-0.5340396165847778,-1.9560257684100757,1.9270423325625332,0.028983435847542503,1.0,3.3805140824303694e-08,0.9999999387074174,6.090684251048887e-07,0.9999999135628598,0.9999991399157987,0.9999999049022766,0.0,1.0,0.0
smollm2-360m,coderepair,mbpp-0003-undefined_name-2,-56.2444953918457,-23.402816772460938,,,-10.225020051002502,-17.196285843849182,-2.534596085548401,-4.2462509870529175,,,,,,,,,,,,,,,,,-3.1279515624046326,-5.793081521987915,,,-27.007938385009766,-37.00838851928711,-58.60042190551758,-23.99835205078125,-8.712508082389832,-11.303951025009155,False,False,,,False,False,True,False,,,,,,,,,,,,,,,,,False,False,,,False,False,False,False,False,False,54.0,52.0,,,52.0,51.0,54.0,52.0,,,,,,,,,,,,,,,,,54.0,52.0,,,52.0,51.0,54.0,52.0,54.0,52.0,177.0,,306.0,,,,,,,,,222.0,,150.0,224.0,-56.06582581996918,-56.06582581996918,55.472470343112946,0.5933554768562317,,,6.177911996841431,-2.355926513671875,-53.7098993062973,19.752101063728333,0.5955352783203125,34.60206985473633,-1.7116549015045166,32.841678619384766,-36.313724756240845,,,,,,,,,,,,,,,,,,,49.88791382312775,6.177911996841431,-1.038256033703133,1.0272679693169064,0.010988064386226513,1.0,8.945536738354524e-16,0.8467226012724974,5.458083798625939e-15,0.9349374162880165,0.9303088274243194,0.8467226012724965,0.0,1.0,0.0
smollm2-360m,coderepair,mbpp-0007-drop_return-0,-19.62480926513672,-25.99974250793457,,,-42.123868465423584,,-5.2909992933273315,-18.434669971466064,,,,,,,,,,,,,,,,,-10.75462818145752,-17.4628267288208,,,-53.137348651885986,,-23.454416751861572,-28.144955158233643,-15.87362813949585,-22.47882843017578,False,False,,,False,,False,False,,,,,,,,,,,,,,,,,False,False,,,False,,False,False,False,False,14.0,32.0,,,34.0,,14.0,32.0,,,,,,,,,,,,,,,,,14.0,32.0,,,34.0,,14.0,32.0,14.0,32.0,226.0,,297.0,,,,,,,,,231.0,,199.0,233.0,-18.16341745853424,-18.16341745853424,12.699788570404053,5.463628888130188,,,10.582628846168518,-3.8296074867248535,-14.333809971809387,9.710285186767578,2.1452126502990723,-4.69053840637207,-13.143670678138733,-6.374933242797852,-8.453132271766663,,,,,,,,,,,,,,,,,,,7.580788612365723,10.582628846168518,-1.2973869613238744,0.9071277550288609,0.3902592062950134,1.0,0.9909017960379373,0.9999980421676409,0.9982991642424167,0.9987806272163339,0.9986485168877268,0.009096246129703611,0.0,0.0,0.0
smollm2-360m,coderepair,mbpp-0009-flip_arith-1,-89.85419857501984,-77.08537685871124,,,-27.194709956645966,,-4.915260970592499,-11.458068072795868,,,,,,,,,,,,,,,,,-6.694075703620911,-12.736950993537903,,,-101.08779692649841,,-90.3010766506195,-77.28402495384216,-8.22874927520752,-14.993875980377197,False,False,,,False,,False,False,,,,,,,,,,,,,,,,,False,False,,,False,,False,False,False,False,61.0,60.0,,,63.0,,61.0,60.0,,,,,,,,,,,,,,,,,61.0,60.0,,,63.0,,61.0,60.0,61.0,60.0,175.0,,305.0,,,,,,,,,227.0,,148.0,229.0,-85.38581568002701,-85.38581568002701,83.6070009469986,1.7788147330284119,,,3.3134883046150208,-0.4468780755996704,-84.93893760442734,65.8259568810463,0.1986480951309204,13.017051696777344,-6.542807102203369,12.768821716308594,-19.559858798980713,,,,,,,,,,,,,,,,,,,82.07232737541199,3.3134883046150208,-1.3997674701643772,1.3706065729016164,0.02916089726276085,1.0,2.222108764700856e-06,0.9985616323127843,2.848196518510313e-06,0.997630904863773,0.9988480272159964,0.9985594102040196,0.0,0.0,0.0
smollm2-360m,coderepair,mbpp-0011-undefined_name-1,-94.23728114366531,-64.55364543199539,,,-15.53955602645874,-24.75926160812378,-6.3839240074157715,-7.162980079650879,,,,,,,,,,,,,,,,,-4.281811833381653,-6.627586007118225,,,-75.06799873709679,-82.78724464774132,-94.71813759207726,-64.31318840384483,-5.622674226760864,-8.243146419525146,False,False,,,False,False,False,False,,,,,,,,,,,,,,,,,False,False,,,False,False,False,False,False,False,102.0,99.0,,,98.0,100.0,102.0,99.0,,,,,,,,,,,,,,,,,102.0,99.0,,,98.0,100.0,102.0,99.0,102.0,99.0,179.0,,337.0,,,,,,,,,272.0,,152.0,274.0,-88.33421358466148,-88.33421358466148,90.4363257586956,-2.1021121740341187,,,-0.7612497806549072,-0.48085644841194153,-87.85335713624954,57.150208324193954,-0.24045702815055847,30.404949188232422,-0.7790560722351074,29.683635711669922,-31.18400526046753,,,,,,,,,,,,,,,,,,,89.09546336531639,-0.7612497806549072,-0.8660217018104067,0.8866306446930942,-0.02060894288268744,1.0,6.241501397012775e-14,0.6854270088567939,1.2839875349689556e-13,0.9125977497421072,0.9321675698277135,0.6854270088567315,0.0,0.0,0.0
smollm2-360m,coderepair,mbpp-0056-flip_comparison2-0,-88.54701399803162,-80.36649489402771,,,-15.152663350105286,-22.16801369190216,-5.839751839637756,-8.013221859931946,,,,,,,,,,,,,,,,,-5.221925139427185,-7.0950998067855835,,,-68.82951033115387,-98.31425154209137,-89.91280806064606,-81.74351179599762,-6.721112489700317,-10.335162162780762,False,False,,,False,False,False,False,,,,,,,,,,,,,,,,,False,False,,,False,False,False,False,False,False,78.0,77.0,,,64.0,80.0,78.0,77.0,,,,,,,,,,,,,,,,,78.0,77.0,,,64.0,80.0,78.0,77.0,78.0,77.0,158.0,,233.0,,,,,,,,,229.0,,133.0,231.0,-84.0730562210083,-84.0730562210083,84.69088292121887,-0.6178267002105713,,,0.881360650062561,-1.365794062614441,-82.70726215839386,73.73028993606567,1.3770169019699097,8.169296264648438,-2.1734700202941895,8.180519104003906,-10.342766284942627,,,,,,,,,,,,,,,,,,,83.19169557094574,0.881360650062561,-1.0778596951411321,1.0857805502720368,-0.00792085513090476,1.0,6.976523567254597e-10,0.8977688705621021,0.0002799781142285746,0.8668251857648323,0.9737643375343316,0.8977688698644497,0.0,0.0,0.0
smollm2-360m,coderepair,mbpp-0057-off_by_one-0,-65.2959189414978,-54.713815212249756,,,-18.60447072982788,-21.484477519989014,-4.81118631362915,-8.971285820007324,,,,,,,,,,,,,,,,,-5.652433812618256,-8.43205350637436,,,-66.77076119184494,-68.26065987348557,-65.75400704145432,-55.56807106733322,-6.296415090560913,-9.967618942260742,False,False,,,False,False,False,False,,,,,,,,,,,,,,,,,False,False,,,False,False,False,False,False,False,64.0,60.0,,,61.0,59.0,64.0,60.0,,,,,,,,,,,,,,,,,64.0,60.0,,,61.0,59.0,64.0,60.0,64.0,60.0,200.0,,270.0,,,,,,,,,253.0,,171.0,255.0,-60.942820727825165,-60.942820727825165,60.10157322883606,0.8412474989891052,,,1.4852287769317627,-0.45808809995651245,-60.48473262786865,46.5967852473259,0.8542558550834656,10.185935974121094,-4.160099506378174,10.582103729248047,-14.346035480499268,,,,,,,,,,,,,,,,,,,59.4575919508934,1.4852287769317627,-0.9522315738722682,0.9390870817005634,0.01314449217170477,1.0,3.7694725490967014e-05,0.984632753108955,2.5365283889001745e-05,0.941564523228083,0.9751856041057027,0.9845950583834641,0.0,0.0,0.0
smollm2-360m,coderepair,mbpp-0058-flip_comparison-0,-44.01024830341339,-38.03169071674347,,,,,-5.819339752197266,-7.97771954536438,,,,,,,,,,,,,,,,,-5.97451376914978,-7.786958932876587,,,,,-45.652630627155304,-39.44110947847366,-7.533785343170166,-9.984229564666748,False,False,,,,,False,False,,,,,,,,,,,,,,,,,False,False,,,,,False,False,False,False,21.0,20.0,,,,,21.0,20.0,,,,,,,,,,,,,,,,,21.0,20.0,,,,,21.0,20.0,21.0,20.0,184.0,,206.0,,,,,,,,,194.0,,155.0,196.0,-39.83329087495804,-39.83329087495804,39.678116858005524,0.15517401695251465,,,1.7144455909729004,-1.6423823237419128,-38.190908551216125,31.463389933109283,1.409418761730194,6.211521148681641,-2.1583797931671143,5.978557586669922,-8.369900941848755,,,,,,,,,,,,,,,,,,,38.11884528398514,1.7144455909729004,-1.896823374998002,1.8894341360955011,0.007389238902500698,1.0,0.0020021667248282505,0.8964492445651637,0.002526079300371932,0.8596571348225057,0.9205939298066429,0.8944470778403355,0.0,0.0,0.0
smollm2-360m,coderepair,mbpp-0064-drop_return-0,-70.89636188745499,-63.63369709253311,,,,,-7.476592063903809,-7.862678050994873,,,,,,,,,,,,,,,,,-7.8145060539245605,-8.9470796585083,,,,,-69.88328498601913,-61.9370111823082,-10.728045463562012,-10.808194160461426,False,False,,,,,False,False,,,,,,,,,,,,,,,,,False,False,,,,,False,False,False,False,61.0,63.0,,,,,61.0,63.0,,,,,,,,,,,,,,,,,61.0,63.0,,,,,61.0,63.0,61.0,63.0,300.0,,416.0,,,,,,,,,350.0,,271.0,352.0,-62.406692922115326,-62.406692922115326,62.068778932094574,0.33791399002075195,,,3.251453399658203,1.013076901435852,-63.41976982355118,54.074333131313324,-1.6966859102249146,7.9462738037109375,-0.38608598709106445,7.262664794921875,-8.332359790802002,,,,,,,,,,,,,,,,,,,59.15523952245712,3.251453399658203,-1.0230605397068087,1.017520966099911,0.005539573606897573,1.0,0.00035385344781188843,0.5953401263642294,0.0007007455025015042,0.7563135359280367,0.5200264548546757,0.5949862729164175,0.0,0.0,0.0
smollm2-360m,coderepair,mbpp-0069-flip_comparison-0,-100.30774194002151,-97.26419335603714,,,-22.78012901544571,-25.6024289727211,-8.344794809818268,-13.36784416437149,,,,,,,,,,,,,,,,,-6.610829591751099,-12.017779111862183,,,-101.35486754775047,-107.18889006972313,-98.14700469374657,-95.3131500184536,-9.244744300842285,-14.751213073730469,False,False,,,False,False,False,False,,,,,,,,,,,,,,,,,False,False,,,False,False,False,False,False,False,149.0,149.0,,,149.0,146.0,149.0,149.0,,,,,,,,,,,,,,,,,149.0,149.0,,,149.0,146.0,149.0,149.0,149.0,149.0,200.0,,434.0,,,,,,,,,340.0,,173.0,342.0,-89.8022098839283,-89.8022098839283,91.53617510199547,-1.7339652180671692,,,0.8999494910240173,2.160737246274948,-91.96294713020325,81.94530585408211,-1.9510433375835419,2.8338546752929688,-5.023049354553223,3.043548583984375,-7.856904029846191,,,,,,,,,,,,,,,,,,,88.90226039290428,0.8999494910240173,-0.6026993951941496,0.6143367456509763,-0.011637350456826638,1.0,0.05539715837185782,0.9934580905178141,0.045496818148214,0.9955347264128332,0.9959559999764159,0.9380609321459563,0.0,0.0,0.0
smollm2-360m,coderepair,mbpp-0070-undefined_name-1,-112.87316036224365,-94.93395900726318,,,-15.989173889160156,,-6.468285322189331,-6.745284080505371,,,,,,,,,,,,,,,,,-3.2531967163085938,-4.580180287361145,,,-99.35695964097977,,-116.85405284166336,-98.99290782213211,-6.482164621353149,-7.840294122695923,False,False,,,False,,False,False,,,,,,,,,,,,,,,,,True,False,,,False,,False,False,False,False,77.0,75.0,,,64.0,,77.0,75.0,,,,,,,,,,,,,,,,,77.0,75.0,,,64.0,,77.0,75.0,77.0,75.0,209.0,,385.0,,,,,,,,,277.0,,182.0,279.0,-110.38576751947403,-110.38576751947403,113.60085612535477,-3.2150886058807373,,,0.01387929916381836,-3.9808924794197083,-106.40487504005432,92.24762374162674,4.058948814868927,17.86114501953125,-0.27699875831604004,17.93920135498047,-18.13814377784729,,,,,,,,,,,,,,,,,,,110.37188822031021,0.01387929916381836,-1.4335813963568056,1.4753357938357763,-0.04175439747897061,1.0,1.0324539167666025e-08,0.5687865601724584,1.6184669479828494e-08,0.7903412443342838,0.7954555244893324,0.5687865498479193,0.0,0.0,0.0
smollm2-360m,coderepair,mbpp-0072-flip_bool-0,-33.59924405813217,-34.189286172389984,,,-18.188164949417114,,-1.8934835195541382,-8.520431280136108,,,,,,,,,,,,,,,,,-2.3174277544021606,-9.53793716430664,,,-39.33015841245651,,-32.879760921001434,-32.874965846538544,-4.083538055419922,-10.947651386260986,False,False,,,False,,True,False,,,,,,,,,,,,,,,,,True,False,,,False,,False,False,False,False,26.0,26.0,,,25.0,,26.0,26.0,,,,,,,,,,,,,,,,,26.0,26.0,,,25.0,,26.0,26.0,26.0,26.0,177.0,,202.0,,,,,,,,,192.0,,148.0,194.0,-30.986277401447296,-30.986277401447296,30.562333166599274,0.42394423484802246,,,2.1900545358657837,0.7194831371307373,-31.705760538578033,24.354534566402435,-1.3143203258514404,0.004795074462890625,-6.62694776058197,-0.5900421142578125,-6.631742835044861,,,,,,,,,,,,,,,,,,,28.796222865581512,2.1900545358657837,-1.1917799000556653,1.1754743525615106,0.01630554749415471,1.0,0.4984084613476628,0.9986774688965984,0.6433748086023762,0.9992691048720086,0.9989564818037417,0.5002690075489356,0.0,1.0,0.0
smollm2-360m,coderepair,mbpp-0074-drop_return-1,-166.04963552951813,-156.7124925851822,,,-15.8636794090271,-36.35771322250366,-9.593903541564941,-10.17570686340332,,,,,,,,,,,,,,,,,-4.861220359802246,-5.032705187797546,,,-162.48506850004196,-178.0735542178154,-166.21030348539352,-156.23978346586227,-9.4725022315979,-9.584132194519043,False,False,,,False,False,False,False,,,,,,,,,,,,,,,,,False,False,,,False,False,False,False,False,False,181.0,182.0,,,182.0,184.0,181.0,182.0,,,,,,,,,,,,,,,,,181.0,182.0,,,182.0,184.0,181.0,182.0,181.0,182.0,201.0,,393.0,,,,,,,,,371.0,,172.0,373.0,-156.61639994382858,-156.61639994382858,161.34908312559128,-4.732683181762695,,,-0.12140130996704102,-0.16066795587539673,-156.4557319879532,146.06407660245895,-0.47270911931991577,9.97052001953125,-0.5818033218383789,9.337142944335938,-10.552323341369629,,,,,,,,,,,,,,,,,,,156.73780125379562,-0.12140130996704102,-0.8652839775902131,0.8914313984839297,-0.02614742089371655,1.0,4.666554847321451e-05,0.6407043638489391,8.808299779537981e-05,0.5427664554010306,0.5278785466160311,0.6406576983004659,0.0,0.0,0.0
smollm2-360m,coderepair,mbpp-0082-drop_return-0,-37.33190965652466,-29.407833576202393,,,-38.61483383178711,,-3.6331066489219666,-5.639632701873779,,,,,,,,,,,,,,,,,-3.257314145565033,-4.537683010101318,,,-59.79693365097046,,-39.403878688812256,-30.467551708221436,-9.528885841369629,-10.692668914794922,False,False,,,False,,False,False,,,,,,,,,,,,,,,,,False,False,,,False,,False,False,False,False,28.0,29.0,,,31.0,,28.0,29.0,,,,,,,,,,,,,,,,,28.0,29.0,,,31.0,,28.0,29.0,28.0,29.0,255.0,,356.0,,,,,,,,,274.0,,228.0,276.0,-35.77077203989029,-35.77077203989029,36.14656454324722,-0.3757925033569336,,,5.895779192447662,-2.0719690322875977,-33.69880300760269,24.827919006347656,1.059718132019043,8.93632698059082,-2.0065260529518127,7.924076080322266,-10.942853033542633,,,,,,,,,,,,,,,,,,,29.874992847442627,5.895779192447662,-1.2775275728532247,1.2909487336874008,-0.0134211608341762,1.0,0.0001315059454022518,0.881480570700973,0.00036179314253504975,0.7825125587861363,0.7620194392594203,0.8813490647555707,0.0,0.0,0.0
smollm2-360m,coderepair,mbpp-0083-flip_arith-2,-101.23056042194366,-94.6138459444046,,,-23.774435997009277,-35.00340175628662,-5.436893939971924,-11.10553503036499,,,,,,,,,,,,,,,,,-3.4893959760665894,-8.610241293907166,,,-94.14898186922073,-115.41399651765823,-98.96929436922073,-91.68346673250198,-5.3417112827301025,-10.836244344711304,False,False,,,False,False,False,False,,,,,,,,,,,,,,,,,True,False,,,False,False,False,False,False,False,91.0,91.0,,,78.0,93.0,91.0,91.0,,,,,,,,,,,,,,,,,91.0,91.0,,,78.0,93.0,91.0,91.0,91.0,91.0,182.0,,272.0,,,,,,,,,262.0,,153.0,264.0,-93.53240042924881,-93.53240042924881,95.47989839315414,-1.9474979639053345,,,-0.09518265724182129,2.261266052722931,-95.79366648197174,80.577931702137,-2.9303792119026184,7.28582763671875,-5.668641090393066,6.6167144775390625,-12.954468727111816,,,,,,,,,,,,,,,,,,,93.62758308649063,-0.09518265724182129,-1.0278285761455914,1.0492296526720235,-0.021401076526432247,1.0,0.0006311249178727917,0.9965593145237627,0.001336031798839833,0.9940644675157675,0.9959076414687662,0.9959281896058899,0.0,0.0,0.0
smollm2-360m,coderepair,mbpp-0084-drop_return-0,-36.63756024837494,-51.301512122154236,,,-46.444552421569824,-31.66165828704834,-3.004891276359558,-27.504870414733887,,,,,,,,,,,,,,,,,-4.682998299598694,-29.100079655647278,,,-68.787382543087,-55.51087039709091,-36.41215366125107,-51.21719592809677,-5.449657678604126,-30.531285762786865,False,False,,,False,False,False,False,,,,,,,,,,,,,,,,,False,False,,,False,False,False,False,False,False,32.0,51.0,,,53.0,51.0,32.0,51.0,,,,,,,,,,,,,,,,,32.0,51.0,,,53.0,51.0,32.0,51.0,32.0,51.0,162.0,,191.0,,,,,,,,,183.0,,133.0,185.0,-33.40726238489151,-33.40726238489151,31.729155361652374,1.6781070232391357,,,2.444766402244568,0.22540658712387085,-33.63266897201538,23.712325513362885,-0.0843161940574646,-14.805042266845703,-24.49997913837433,-14.663951873779297,-9.694936871528625,,,,,,,,,,,,,,,,,,,30.962495982646942,2.444766402244568,-1.0439769495278597,0.9915361050516367,0.05244084447622299,1.0,0.9999996231732659,0.9999999999767435,0.999999571918527,0.999999999975123,0.9999999999872007,3.7680347764190714e-07,0.0,0.0,0.0
smollm2-360m,coderepair,mbpp-0085-undefined_name-1,-60.52020835876465,-28.545272827148438,,,-18.05974054336548,,-3.606698304414749,-6.464848279953003,,,,,,,,,,,,,,,,,-3.0055029094219208,-5.176239013671875,,,-40.03791069984436,,-61.95639443397522,-29.458303689956665,-9.983847886323929,-12.36652684211731,False,False,,,False,,False,False,,,,,,,,,,,,,,,,,False,False,,,False,,False,False,False,False,30.0,28.0,,,26.0,,30.0,28.0,,,,,,,,,,,,,,,,,30.0,28.0,,,26.0,,30.0,28.0,30.0,28.0,261.0,,393.0,,,,,,,,,282.0,,234.0,284.0,-58.34969612956047,-58.34969612956047,58.9508915245533,-0.6011953949928284,,,6.37714958190918,-1.4361860752105713,-56.9135100543499,22.993455410003662,0.9130308628082275,32.498090744018555,-2.858149975538254,31.97493553161621,-35.35624071955681,,,,,,,,,,,,,,,,,,,51.97254654765129,6.37714958190918,-1.944989870985349,1.96502971748511,-0.020039846499760944,1.0,7.695688383832737e-15,0.9457379668273326,1.2985597559813252e-14,0.8975906502972034,0.9154969153094676,0.9457379668273249,0.0,0.0,0.0
smollm2-360m,coderepair,mbpp-0091-flip_bool-0,-41.75473773479462,-31.288976550102234,,,-15.227689027786255,-29.005229234695435,-3.6896740198135376,-4.606994390487671,,,,,,,,,,,,,,,,,-4.121807813644409,-5.727212429046631,,,-39.27078139781952,-52.80884826183319,-43.40331161022186,-30.867634654045105,-7.005419969558716,-8.125629186630249,False,False,,,False,False,False,False,,,,,,,,,,,,,,,,,False,False,,,False,False,False,False,False,False,34.0,34.0,,,33.0,36.0,34.0,34.0,,,,,,,,,,,,,,,,,34.0,34.0,,,33.0,36.0,34.0,34.0,34.0,34.0,217.0,,264.0,,,,,,,,,240.0,,188.0,242.0,-39.713637590408325,-39.713637590408325,39.281503796577454,0.4321337938308716,,,3.3157459497451782,-1.648573875427246,-38.06506371498108,26.260640263557434,-0.4213418960571289,12.535676956176758,-0.9173203706741333,10.465761184692383,-13.452997326850891,,,,,,,,,,,,,,,,,,,36.39789164066315,3.3157459497451782,-1.1680481644237743,1.1553383469581604,0.01270981746561387,1.0,3.595222463231032e-06,0.7144908197590409,2.849477901643084e-05,0.8327723998132642,0.7540275220052379,0.7144872245365778,0.0,0.0,0.0
smollm2-360m,coderepair,mbpp-0094-index_shift-0,-69.26060247421265,-61.477567195892334,,,-18.952651977539062,-32.329078674316406,-6.757070541381836,-10.260856628417969,,,,,,,,,,,,,,,,,-6.4807209968566895,-9.185350894927979,,,-55.66688799858093,-82.49885439872742,-67.70817446708679,-58.646021604537964,-11.609622955322266,-15.136921405792236,False,False,,,False,False,False,False,,,,,,,,,,,,,,,,,False,False,,,False,False,False,False,False,False,40.0,39.0,,,36.0,42.0,40.0,39.0,,,,,,,,,,,,,,,,,40.0,39.0,,,36.0,42.0,40.0,39.0,40.0,39.0,260.0,,328.0,,,,,,,,,289.0,,231.0,291.0,-60.951103925704956,-60.951103925704956,61.2274534702301,-0.2763495445251465,,,4.85255241394043,1.5524280071258545,-62.50353193283081,48.385164976119995,-2.83154559135437,9.062152862548828,-3.503786087036133,7.7830352783203125,-12.565938949584961,,,,,,,,,,,,,,,,,,,56.098551511764526,4.85255241394043,-1.5237775981426238,1.5306863367557526,-0.006908738613128662,1.0,5.610453887766756e-06,0.970790541213991,0.0004165717106195445,0.9372992914782124,0.9714545921489901,0.9707849307601032,0.0,0.0,0.0
smollm2-360m,coderepair,mbpp-0096-drop_negation-0,-53.93357592821121,-57.988679230213165,,,-23.525856733322144,-18.7718722820282,-2.0706382989883423,-12.961711645126343,,,,,,,,,,,,,,,,,-2.838049054145813,-13.516059041023254,,,-74.3532162308693,-67.7986508011818,-59.43199735879898,-63.69421201944351,-3.976473808288574,-15.023563623428345,False,False,,,False,False,True,False,,,,,,,,,,,,,,,,,True,False,,,False,False,False,False,False,False,39.0,40.0,,,39.0,40.0,39.0,40.0,,,,,,,,,,,,,,,,,39.0,40.0,,,39.0,40.0,39.0,40.0,39.0,40.0,165.0,,202.0,,,,,,,,,193.0,,136.0,195.0,-57.36135905981064,-57.36135905981064,56.59394830465317,0.7674107551574707,,,1.905835509300232,-5.4984214305877686,-51.86293762922287,50.73250037431717,5.705532789230347,-4.262214660644531,-10.891073346138,-4.055103302001953,-6.628858685493469,,,,,,,,,,,,,,,,,,,55.45552355051041,1.905835509300232,-1.470804078456683,1.4511268796064916,0.019677198850191556,1.0,0.9858783920875173,0.9999813203116927,0.9829616480164867,0.9999769543386223,0.9999840668027579,0.01410292822417547,0.0,1.0,0.0
smollm2-360m,coderepair,mbpp-0100-drop_reverse-0,-65.57609844207764,-55.76287364959717,,,-18.748881578445435,-43.62069630622864,-4.467252969741821,-9.19211220741272,,,,,,,,,,,,,,,,,-2.733750581741333,-6.917900443077087,,,-65.34527540206909,-87.99423933029175,-66.98909711837769,-56.0869517326355,-7.219992995262146,-12.147711277008057,False,False,,,False,False,False,False,,,,,,,,,,,,,,,,,True,False,,,False,False,False,False,False,False,54.0,55.0,,,54.0,57.0,54.0,55.0,,,,,,,,,,,,,,,,,54.0,55.0,,,54.0,57.0,54.0,55.0,54.0,55.0,193.0,,251.0,,,,,,,,,236.0,,164.0,238.0,-62.521844148635864,-62.521844148635864,64.25534653663635,-1.7335023880004883,,,2.7527400255203247,-1.4129986763000488,-61.108845472335815,46.89483952522278,0.3240780830383301,10.902145385742188,-4.724859237670898,9.813224792480469,-15.627004623413086,,,,,,,,,,,,,,,,,,,59.76910412311554,2.7527400255203247,-1.1578119286784418,1.189913824752525,-0.03210189607408312,1.0,1.841658182703197e-05,0.9912054404287514,5.472009688597304e-05,0.9849934742767233,0.9928090730113399,0.9911870238469244,0.0,0.0,0.0
smollm2-360m,coderepair,mbpp-0104-index_shift-0,-41.14222860336304,-36.56306219100952,,,-25.95044755935669,-37.378538608551025,-7.56290340423584,-14.771448612213135,,,,,,,,,,,,,,,,,-9.235122203826904,-14.329607009887695,,,-45.61380922794342,-58.577211022377014,-40.98638308048248,-35.735902428627014,-10.76214075088501,-17.49143409729004,False,False,,,False,False,False,False,,,,,,,,,,,,,,,,,False,False,,,False,False,False,False,False,False,38.0,37.0,,,36.0,40.0,38.0,37.0,,,,,,,,,,,,,,,,,38.0,37.0,,,36.0,40.0,38.0,37.0,38.0,37.0,286.0,,362.0,,,,,,,,,313.0,,257.0,315.0,-33.42347967624664,-33.42347967624664,31.75126087665558,1.6722187995910645,,,3.19923734664917,0.1558455228805542,-33.5793251991272,20.96445381641388,-0.8271597623825073,5.250480651855469,-7.208545207977295,4.579166412353516,-12.459025859832764,,,,,,,,,,,,,,,,,,,30.224242329597473,3.19923734664917,-0.8795652546380696,0.8355594967540941,0.04400575788397538,1.0,0.005217364089834543,0.9992603039602671,0.010159179997353027,0.9939068893970137,0.9988060498435357,0.9940429398704326,0.0,0.0,0.0
smollm2-360m,coderepair,mbpp-0108-undefined_name-1,-80.2612190246582,-50.57798385620117,,,-22.383158683776855,,-11.503754615783691,-9.715045928955078,,,,,,,,,,,,,,,,,-5.944986343383789,-5.358454465866089,,,-59.57514667510986,,-82.25453662872314,-51.027276039123535,-14.279094457626343,-13.507076740264893,False,False,,,False,,False,False,,,,,,,,,,,,,,,,,False,False,,,False,,False,False,False,False,72.0,70.0,,,66.0,,72.0,70.0,,,,,,,,,,,,,,,,,72.0,70.0,,,66.0,,72.0,70.0,72.0,70.0,578.0,,884.0,,,,,,,,,641.0,,551.0,643.0,-70.75078201293945,-70.75078201293945,76.30955028533936,-5.558768272399902,,,2.7753398418426514,-1.9933176040649414,-68.75746440887451,41.31223011016846,0.4492921829223633,31.22726058959961,1.7887086868286133,29.68323516845703,-29.438551902770996,,,,,,,,,,,,,,,,,,,67.9754421710968,2.7753398418426514,-0.9826497501797147,1.0598548650741577,-0.0772051148944431,1.0,2.7421348886526065e-14,0.14323072867367115,1.2845019304734603e-13,0.35743099769608416,0.3160427951905754,0.14323072867364373,0.0,0.0,0.0
smollm2-360m,coderepair,mbpp-0109-drop_return-1,-47.89105957746506,-38.86153382062912,,,-21.21274971961975,-34.56121850013733,-4.639627933502197,-3.5302871465682983,,,,,,,,,,,,,,,,,-4.075019121170044,-2.845568060874939,,,-50.85548424720764,-68.98215508460999,-47.53619027137756,-37.37386727333069,-6.2861058712005615,-4.773303151130676,False,False,,,False,False,False,False,,,,,,,,,,,,,,,,,False,True,,,False,False,False,False,False,False,44.0,45.0,,,49.0,48.0,44.0,45.0,,,,,,,,,,,,,,,,,44.0,45.0,,,49.0,48.0,44.0,45.0,44.0,45.0,196.0,,246.0,,,,,,,,,229.0,,167.0,231.0,-42.896562337875366,-42.896562337875366,43.46117115020752,-0.5646088123321533,,,1.6464779376983643,0.3548693060874939,-43.25143164396286,33.84358012676239,-1.4876665472984314,10.162322998046875,1.109340786933899,9.029525756835938,-9.052982211112976,,,,,,,,,,,,,,,,,,,41.250084400177,1.6464779376983643,-0.9749218713153492,0.9877538897774436,-0.012832018462094393,1.0,3.859595841910111e-05,0.24799380277655297,0.00011980494824011174,0.2262775174588399,0.18052380156175626,0.24795520681813388,0.0,0.0,0.0
smollm2-360m,coderepair,mbpp-0113-flip_comparison-0,-109.09927695989609,-106.75373405218124,,,-23.081644296646118,,-5.226366758346558,-12.150628328323364,,,,,,,,,,,,,,,,,-3.819068670272827,-10.462241411209106,,,-110.61320263147354,,-106.66400676965714,-103.99435192346573,-6.1504504680633545,-12.939116477966309,False,False,,,False,,False,False,,,,,,,,,,,,,,,,,True,False,,,False,,False,False,False,False,118.0,118.0,,,117.0,,118.0,118.0,,,,,,,,,,,,,,,,,118.0,118.0,,,117.0,,118.0,118.0,118.0,118.0,165.0,,280.0,,,,,,,,,272.0,,136.0,274.0,-101.43764001131058,-101.43764001131058,102.84493809938431,-1.4072980880737305,,,0.9240837097167969,2.4352701902389526,-103.87291020154953,91.84372359514236,-2.759382128715515,2.6696548461914062,-6.924261569976807,2.3455429077148438,-9.593916416168213,,,,,,,,,,,,,,,,,,,100.51355630159378,0.9240837097167969,-0.8596410170450048,0.8715672720286806,-0.011926254983675682,1.0,0.064707093299373,0.9990173198172715,0.08742069851224277,0.998698808349132,0.998874797035134,0.9343102265178985,0.0,0.0,0.0
smollm2-360m,coderepair,mbpp-0115-drop_negation-0,-42.585754096508026,-38.06055420637131,,,-20.183711290359497,-32.79728055000305,-3.0691874027252197,-10.0403892993927,,,,,,,,,,,,,,,,,-4.430328726768494,-10.070735573768616,,,-45.05769103765488,-57.414060056209564,-40.973325192928314,-35.9257635474205,-5.478366732597351,-11.77459716796875,False,False,,,False,False,False,False,,,,,,,,,,,,,,,,,False,False,,,False,False,False,False,False,False,27.0,28.0,,,25.0,30.0,27.0,28.0,,,,,,,,,,,,,,,,,27.0,28.0,,,25.0,30.0,27.0,28.0,27.0,28.0,172.0,,200.0,,,,,,,,,188.0,,143.0,190.0,-37.904137790203094,-37.904137790203094,36.54299646615982,1.361141324043274,,,2.4091793298721313,1.612428903579712,-39.516566693782806,25.8853742480278,-2.1347906589508057,5.0475616455078125,-6.9712018966674805,4.525199890136719,-12.018763542175293,,,,,,,,,,,,,,,,,,,35.49495846033096,2.4091793298721313,-1.4038569551927071,1.3534443135614749,0.050412641631232366,1.0,0.0063832779061106714,0.9990623189327514,0.010716462298441622,0.9964611447463705,0.9981601513728504,0.9926790410266407,0.0,0.0,0.0
smollm2-360m,coderepair,mbpp-0117-drop_return-1,-85.65600925683975,-75.79016453027725,,,-21.379466772079468,-29.542335271835327,-5.658936262130737,-8.162838220596313,,,,,,,,,,,,,,,,,-4.686033725738525,-7.134845733642578,,,-87.4211420416832,-98.20213264226913,-87.32092994451523,-76.06670325994492,-7.2679443359375,-10.015578269958496,False,False,,,False,False,False,False,,,,,,,,,,,,,,,,,False,False,,,False,False,False,False,False,False,77.0,78.0,,,78.0,80.0,77.0,78.0,,,,,,,,,,,,,,,,,77.0,78.0,,,78.0,80.0,77.0,78.0,77.0,78.0,394.0,,543.0,,,,,,,,,460.0,,365.0,462.0,-81.66199368238449,-81.66199368238449,82.6348962187767,-0.9729025363922119,,,1.6090080738067627,-1.664920687675476,-79.99707299470901,67.9038650393486,0.2765387296676636,11.254226684570312,-2.503901958465576,9.8658447265625,-13.758128643035889,,,,,,,,,,,,,,,,,,,80.05298560857773,1.6090080738067627,-1.0605453724985,1.0731804703737233,-0.012635097875223532,1.0,1.2952116403775911e-05,0.924414782254814,5.191531922525141e-05,0.9204745318349592,0.9397795841354278,0.9244018301384103,0.0,0.0,0.0
smollm2-360m,coderepair,mbpp-0119-off_by_one-0,-44.74249345064163,-41.345055401325226,,,-18.047773838043213,-33.181557178497314,-2.153020441532135,-8.29603099822998,,,,,,,,,,,,,,,,,-1.918269693851471,-8.51853233575821,,,-45.120652198791504,-67.42287158966064,-45.866570472717285,-42.31031894683838,-3.9917432069778442,-10.153133630752563,False,False,,,False,False,False,False,,,,,,,,,,,,,,,,,True,False,,,False,False,False,False,False,False,47.0,44.0,,,40.0,46.0,47.0,44.0,,,,,,,,,,,,,,,,,47.0,44.0,,,40.0,46.0,47.0,44.0,47.0,44.0,201.0,,252.0,,,,,,,,,237.0,,172.0,239.0,-43.71355003118515,-43.71355003118515,43.948300778865814,-0.23475074768066406,,,1.8387227654457092,-1.124077022075653,-42.5894730091095,34.0142879486084,0.9652635455131531,3.5562515258789062,-6.1430105566978455,3.3974380493164062,-9.699262082576752,,,,,,,,,,,,,,,,,,,41.87482726573944,1.8387227654457092,-0.9300755325784075,0.9350702293375706,-0.004994696759163065,1.0,0.0262191840920674,0.9978560355803485,0.0323756279900234,0.9986418363224544,0.9978951214735686,0.9716368514882812,0.0,0.0,0.0
smollm2-360m,coderepair,mbpp-0128-undefined_name-1,-77.74298447370529,-46.49447602033615,,,-15.125083327293396,,-3.3611027002334595,-2.5801392793655396,,,,,,,,,,,,,,,,,-4.594067096710205,-3.8710806369781494,,,-60.602648854255676,,-79.92219078540802,-47.064677357673645,-7.047287464141846,-6.7418434619903564,False,False,,,False,,False,True,,,,,,,,,,,,,,,,,False,False,,,False,,False,False,False,False,55.0,52.0,,,49.0,,55.0,52.0,,,,,,,,,,,,,,,,,55.0,52.0,,,49.0,,55.0,52.0,55.0,52.0,192.0,,327.0,,,,,,,,,238.0,,165.0,240.0,-76.56108808517456,-76.56108808517456,75.32812368869781,1.2329643964767456,,,3.6861847639083862,-2.1792063117027283,-74.38188177347183,44.484538078308105,0.5702013373374939,32.857513427734375,0.7809634208679199,31.24850845336914,-32.076550006866455,,,,,,,,,,,,,,,,,,,72.87490332126617,3.6861847639083862,-1.3920197833668102,1.3696022488854147,0.022417534481395374,1.0,5.372329682442056e-15,0.3141115163570806,2.6850056937811763e-14,0.3267356834544137,0.42422719401897996,0.31411151635707524,0.0,0.0,0.0
smollm2-360m,coderepair,mbpp-0129-flip_comparison2-0,-175.5404155254364,-167.9407603740692,,,-22.416079998016357,-39.5391058921814,-7.100094795227051,-11.853261470794678,,,,,,,,,,,,,,,,,-5.047850131988525,-11.337127685546875,,,-179.12729674577713,-191.50911742448807,-178.27034789323807,-170.9250414967537,-9.376818418502808,-15.289790153503418,False,False,,,False,False,False,False,,,,,,,,,,,,,,,,,False,False,,,False,False,False,False,False,False,179.0,179.0,,,178.0,181.0,179.0,179.0,,,,,,,,,,,,,,,,,179.0,179.0,,,178.0,181.0,179.0,179.0,179.0,179.0,266.0,,496.0,,,,,,,,,434.0,,237.0,436.0,-171.17025309801102,-171.17025309801102,173.22249776124954,-2.0522446632385254,,,2.276723623275757,-2.7299323678016663,-168.44032073020935,159.07178002595901,2.9842811226844788,7.345306396484375,-4.753166675567627,7.5996551513671875,-12.098473072052002,,,,,,,,,,,,,,,,,,,168.89352947473526,2.276723623275757,-0.9562583971955922,0.967723451180165,-0.011465053984572768,1.0,0.0006450223275620344,0.9914491826268064,0.0005003735441668418,0.998147338330336,0.9973031536963586,0.9908041602992443,0.0,0.0,0.0
smollm2-360m,coderepair,mbpp-0131-index_shift-0,-65.20454943180084,-56.658567070961,,,-22.98497724533081,-37.689494609832764,-5.33939802646637,-10.875631332397461,,,,,,,,,,,,,,,,,-2.581746220588684,-7.984591007232666,,,-70.20743164420128,-80.41688904166222,-66.32694610953331,-58.0169332921505,-5.169725298881531,-10.885722160339355,False,False,,,False,False,False,False,,,,,,,,,,,,,,,,,True,False,,,False,False,False,False,False,False,108.0,108.0,,,105.0,110.0,108.0,108.0,,,,,,,,,,,,,,,,,108.0,108.0,,,105.0,110.0,108.0,108.0,108.0,108.0,181.0,,291.0,,,,,,,,,278.0,,152.0,280.0,-60.98754808306694,-60.98754808306694,63.745199888944626,-2.7576518058776855,,,-0.16967272758483887,-1.1223966777324677,-59.86515140533447,47.14130195975304,1.358366221189499,8.310012817382812,-5.536233305931091,8.545982360839844,-13.846246123313904,,,,,,,,,,,,,,,,,,,61.15722081065178,-0.16967272758483887,-0.5646995192876568,0.5902333323050428,-0.025533813017385977,1.0,0.00024597911957389165,0.9960741069217607,0.00019428650348950587,0.9955164423329784,0.9967179410281162,0.9958281278021868,0.0,0.0,0.0
smollm2-360m,coderepair,mbpp-0140-drop_negation-0,-89.31077629327774,-71.82830864191055,,,-19.967910051345825,-31.460326433181763,-6.0424604415893555,-8.58855128288269,,,,,,,,,,,,,,,,,-6.168928265571594,-7.584518551826477,,,-73.77995973825455,-101.69215303659439,-91.66450411081314,-72.1735525727272,-10.46098279953003,-12.189449787139893,False,False,,,False,False,False,False,,,,,,,,,,,,,,,,,False,False,,,False,False,False,False,False,False,59.0,59.0,,,56.0,62.0,59.0,59.0,,,,,,,,,,,,,,,,,59.0,59.0,,,56.0,62.0,59.0,59.0,59.0,59.0,297.0,,393.0,,,,,,,,,345.0,,268.0,347.0,-85.62204366922379,-85.62204366922379,85.49557584524155,0.12646782398223877,,,4.418522357940674,-2.3537278175354004,-83.26831585168839,63.58500128984451,0.3452439308166504,19.490951538085938,-2.546090841293335,17.482467651367188,-22.037042379379272,,,,,,,,,,,,,,,,,,,81.20352131128311,4.418522357940674,-1.4512210791393862,1.4490775566990093,0.002143522440376928,1.0,2.8561854516467467e-09,0.9273096841353669,2.5554109878755995e-08,0.8046461814717374,0.8492162261130961,0.9273096812791815,0.0,0.0,0.0
smollm2-360m,coderepair,mbpp-0145-off_by_one-0,-56.29874336719513,-44.96148979663849,,,-20.60171103477478,-36.70811438560486,-7.5217273235321045,-9.055983304977417,,,,,,,,,,,,,,,,,-7.335816919803619,-6.9590354561805725,,,-53.16557431221008,-74.25090527534485,-56.64990735054016,-44.480077028274536,-8.642537355422974,-8.990108251571655,False,False,,,False,False,False,False,,,,,,,,,,,,,,,,,False,False,,,False,False,False,False,False,False,81.0,77.0,,,70.0,80.0,81.0,77.0,,,,,,,,,,,,,,,,,81.0,77.0,,,70.0,80.0,81.0,77.0,81.0,77.0,192.0,,281.0,,,,,,,,,262.0,,163.0,264.0,-49.12818002700806,-49.12818002700806,49.31409043073654,-0.1859104037284851,,,1.1208100318908691,-0.35116398334503174,-48.777016043663025,35.42409372329712,-0.48141276836395264,12.169830322265625,-1.5342559814453125,11.33725357055664,-13.704086303710938,,,,,,,,,,,,,,,,,,,48.00736999511719,1.1208100318908691,-0.6065207410741735,0.608815931243661,-0.0022951901694874704,1.0,5.183632404827923e-06,0.8226267499139943,1.1920326676518977e-05,0.4069034028428087,0.586028403886601,0.8226215662815894,0.0,0.0,0.0
smollm2-360m,coderepair,mbpp-0160-flip_arith-0,-63.99883812665939,-57.24217766523361,,,,,-5.005489945411682,-10.645013332366943,,,,,,,,,,,,,,,,,-3.7173222303390503,-9.315089225769043,,,,,-63.37686908245087,-56.186336398124695,-6.181617736816406,-11.900117874145508,False,False,,,,,False,False,,,,,,,,,,,,,,,,,False,False,,,,,False,False,False,False,73.0,73.0,,,,,73.0,73.0,,,,,,,,,,,,,,,,,73.0,73.0,,,,,73.0,73.0,73.0,73.0,205.0,,286.0,,,,,,,,,267.0,,176.0,269.0,-58.371379137039185,-58.371379137039185,59.659546852111816,-1.2881677150726318,,,1.1761277914047241,0.6219690442085266,-58.99334818124771,45.54132306575775,-1.0558412671089172,7.190532684326172,-5.639523386955261,6.756660461425781,-12.830056071281433,,,,,,,,,,,,,,,,,,,57.19525134563446,1.1761277914047241,-0.7996079333840984,0.8172540664672852,-0.017646133083186737,1.0,0.0007531199189108851,0.9964580280063476,0.0011617556897106187,0.9963075543952238,0.9967261197881621,0.9957049080874367,0.0,0.0,0.0
smollm2-360m,coderepair,mbpp-0161-drop_negation-0,-18.944520831108093,-10.034658312797546,,,-16.227681398391724,-31.358262300491333,-5.024795770645142,-4.274206876754761,,,,,,,,,,,,,,,,,-3.612651824951172,-4.566361784934998,,,-23.731952607631683,-31.203388154506683,-19.824258744716644,-9.912337243556976,-9.269224524497986,-10.462621450424194,False,False,,,False,False,False,False,,,,,,,,,,,,,,,,,False,False,,,False,False,False,False,False,False,30.0,31.0,,,30.0,33.0,30.0,31.0,,,,,,,,,,,,,,,,,30.0,31.0,,,30.0,33.0,30.0,31.0,30.0,31.0,337.0,,422.0,,,,,,,,,356.0,,308.0,358.0,-14.799462974071503,-14.799462974071503,16.211606919765472,-1.4121439456939697,,,4.244428753852844,-0.879737913608551,-13.919725060462952,5.638130366802216,-0.12232106924057007,9.911921501159668,0.7505888938903809,8.909862518310547,-9.161332607269287,,,,,,,,,,,,,,,,,,,10.555034220218658,4.244428753852844,-0.4933154324690501,0.5403868973255157,-0.047071464856465656,1.0,4.957756840507157e-05,0.32069159508496387,0.00013503216352194915,0.7218606685426879,0.7673480511544077,0.3206420175165588,0.0,0.0,0.0
smollm2-360m,coderepair,mbpp-0162-flip_comparison-0,-17.69089162349701,-19.107786536216736,,,-19.92920994758606,-25.280085802078247,-3.8535050749778748,-8.786003828048706,,,,,,,,,,,,,,,,,-2.399778723716736,-7.837640166282654,,,-26.54324120283127,-35.385930716991425,-17.514293372631073,-19.06814354658127,-6.021975517272949,-11.546751976013184,False,False,,,False,False,False,False,,,,,,,,,,,,,,,,,True,False,,,False,False,False,False,False,False,34.0,34.0,,,23.0,36.0,34.0,34.0,,,,,,,,,,,,,,,,,34.0,34.0,,,23.0,36.0,34.0,34.0,34.0,34.0,205.0,,238.0,,,,,,,,,228.0,,176.0,230.0,-13.660788297653198,-13.660788297653198,15.114514648914337,-1.453726351261139,,,2.1684704422950745,0.17659825086593628,-13.837386548519135,10.282139718532562,-0.03964298963546753,-1.5538501739501953,-4.932498753070831,-1.4168949127197266,-3.378648579120636,,,,,,,,,,,,,,,,,,,11.492317855358124,2.1684704422950745,-0.401787891107447,0.4445445484974805,-0.042756657390033495,1.0,0.8253874254063708,0.9928430182276495,0.8048511751206596,0.9956700565080515,0.9960290713409055,0.16745559282127875,0.0,0.0,0.0
smollm2-360m,coderepair,mbpp-0167-flip_comparison-0,-93.58750355243683,-64.09765827655792,,,-41.913492769002914,-15.452616304159164,-3.8053716123104095,-10.563907235860825,,,,,,,,,,,,,,,,,-4.59540069103241,-7.812042832374573,,,-107.16797208786011,-62.79830503463745,-93.1988787651062,-62.73653745651245,-6.971985101699829,-10.042903661727905,False,False,,,False,False,False,False,,,,,,,,,,,,,,,,,False,False,,,False,False,False,False,False,False,60.0,58.0,,,59.0,58.0,60.0,58.0,,,,,,,,,,,,,,,,,60.0,58.0,,,59.0,58.0,60.0,58.0,60.0,58.0,181.0,,257.0,,,,,,,,,232.0,,154.0,234.0,-89.39350715279579,-89.39350715279579,88.60347807407379,0.7900290787220001,,,3.1666134893894196,0.38862478733062744,-89.78213194012642,52.17263022065163,-1.3611208200454712,30.46234130859375,-6.758535623550415,29.489845275878906,-37.220876932144165,,,,,,,,,,,,,,,,,,,86.22689366340637,3.1666134893894196,-1.4898917858799299,1.4767246345678966,0.013167151312033335,1.0,3.0377277139286005e-14,0.9988316954575265,1.5585578414006068e-13,0.9614557696839819,0.9556770974181966,0.9988316954574961,0.0,0.0,0.0
smollm2-360m,coderepair,mbpp-0170-off_by_one-0,-94.8664613366127,-73.15569168329239,,,-18.922109574079514,-30.4101981818676,-7.766444653272629,-8.769465416669846,,,,,,,,,,,,,,,,,-9.940935134887695,-9.492883682250977,,,-85.28560835123062,-100.97850996255875,-95.54377943277359,-73.25898176431656,-14.440409660339355,-14.847894668579102,False,False,,,False,False,False,False,,,,,,,,,,,,,,,,,False,False,,,False,False,False,False,False,False,70.0,66.0,,,63.0,69.0,70.0,66.0,,,,,,,,,,,,,,,,,70.0,66.0,,,63.0,69.0,70.0,66.0,70.0,66.0,272.0,,459.0,,,,,,,,,333.0,,245.0,335.0,-87.77733477950096,-87.77733477950096,85.6028442978859,2.1744904816150665,,,6.673965007066727,-0.6773180961608887,-87.10001668334007,64.48951634764671,0.10329008102416992,22.28479766845703,-1.0030207633972168,21.710769653320312,-23.287818431854248,,,,,,,,,,,,,,,,,,,81.10336977243423,6.673965007066727,-1.2539619254214422,1.2228977756840842,0.031064149737358094,1.0,2.098131692539803e-10,0.7316444302286744,3.725053731337553e-10,0.38982415039767254,0.6004846779666804,0.7316444300188613,0.0,0.0,0.0
smollm2-360m,coderepair,mbpp-0172-flip_arith-2,-42.45690542459488,-31.0131054520607,,,-18.386056423187256,-31.095096111297607,-2.7256171107292175,-5.5166168212890625,,,,,,,,,,,,,,,,,-1.8741618990898132,-3.9465831518173218,,,-43.996974408626556,-55.493583142757416,-42.066825330257416,-30.874583661556244,-5.232767194509506,-7.946161985397339,False,False,,,False,False,False,False,,,,,,,,,,,,,,,,,True,False,,,False,False,False,False,False,False,70.0,70.0,,,69.0,72.0,70.0,70.0,,,,,,,,,,,,,,,,,70.0,70.0,,,69.0,72.0,70.0,70.0,70.0,70.0,217.0,,291.0,,,,,,,,,276.0,,188.0,278.0,-39.3412082195282,-39.3412082195282,40.1926634311676,-0.8514552116394043,,,2.5071500837802887,0.3900800943374634,-39.73128831386566,25.35796684026718,-0.13852179050445557,11.192241668701172,-2.790999710559845,11.44379997253418,-13.983241379261017,,,,,,,,,,,,,,,,,,,36.83405813574791,2.5071500837802887,-0.5620172602789743,0.5741809061595372,-0.012163645880562918,1.0,1.3780480146818923e-05,0.9421873829380694,1.0715591922112669e-05,0.888193631742363,0.9378124282761257,0.9421736024579226,0.0,0.0,0.0
smollm2-360m,coderepair,mbpp-0223-flip_bool-1,-136.55494278669357,-128.0203282237053,,,-17.895166397094727,-38.296629905700684,-10.867228031158447,-12.81651782989502,,,,,,,,,,,,,,,,,-6.722309112548828,-10.72653579711914,,,-129.58929026126862,-153.51807749271393,-137.1432911157608,-128.05980265140533,-11.519025564193726,-15.703516006469727,False,False,,,False,False,False,False,,,,,,,,,,,,,,,,,False,False,,,False,False,False,False,False,False,201.0,201.0,,,201.0,203.0,201.0,201.0,,,,,,,,,,,,,,,,,201.0,201.0,,,201.0,203.0,201.0,201.0,201.0,201.0,295.0,,519.0,,,,,,,,,485.0,,266.0,487.0,-126.27606308460236,-126.27606308460236,130.42098200321198,-4.144918918609619,,,0.6517975330352783,-0.5883483290672302,-125.68771475553513,115.24328482151031,0.039474427700042725,9.083488464355469,-1.9492897987365723,8.534614562988281,-11.032778263092041,,,,,,,,,,,,,,,,,,,125.62426555156708,0.6517975330352783,-0.6282391198238924,0.6488606069811541,-0.020621487157261788,1.0,9.330095694480898e-05,0.8746902108159357,0.00019650727792073456,0.9820882928287705,0.9849985076844971,0.8745969098589909,0.0,0.0,0.0
smollm2-360m,coderepair,mbpp-0226-flip_arith-2,-44.66295248270035,-31.010700285434723,,,-16.444802582263947,-29.330598175525665,-1.5966432690620422,-4.3014331459999084,,,,,,,,,,,,,,,,,-2.5662856101989746,-4.1563109159469604,,,-45.063890248537064,-58.91938951611519,-46.693624287843704,-32.01550272107124,-5.758544623851776,-7.664913892745972,False,False,,,False,False,True,False,,,,,,,,,,,,,,,,,True,False,,,False,False,False,False,False,False,46.0,46.0,,,45.0,48.0,46.0,46.0,,,,,,,,,,,,,,,,,46.0,46.0,,,45.0,48.0,46.0,46.0,46.0,46.0,193.0,,320.0,,,,,,,,,230.0,,166.0,232.0,-45.09698101878166,-45.09698101878166,44.12733867764473,0.9696423411369324,,,4.161901354789734,-2.0306718051433563,-43.066309213638306,27.714069575071335,1.0048024356365204,14.678121566772461,-2.704789876937866,13.652252197265625,-17.382911443710327,,,,,,,,,,,,,,,,,,,40.93507966399193,4.161901354789734,-0.98036915258221,0.9592899712531463,0.021079181329063747,1.0,4.220575565036968e-07,0.9373083798526332,1.1773394428672852e-06,0.8306196633776026,0.870610704369551,0.9373079577950767,0.0,1.0,0.0
smollm2-360m,coderepair,mbpp-0228-flip_comparison-0,-109.70165395736694,-78.93097066879272,,,-23.990044564008713,-24.119761437177658,-3.981852740049362,-11.001550644636154,,,,,,,,,,,,,,,,,-3.288116693496704,-10.71721625328064,,,-90.88957262039185,-90.14405107498169,-110.9639744758606,-80.80970811843872,-6.565736532211304,-14.094997882843018,False,False,,,False,False,False,False,,,,,,,,,,,,,,,,,True,False,,,False,False,False,False,False,False,75.0,74.0,,,74.0,73.0,75.0,74.0,,,,,,,,,,,,,,,,,75.0,74.0,,,74.0,73.0,75.0,74.0,75.0,74.0,212.0,,322.0,,,,,,,,,278.0,,185.0,280.0,-106.98212173581123,-106.98212173581123,107.67585778236389,-0.6937360465526581,,,2.5838837921619415,-1.2623205184936523,-105.71980121731758,69.80815747380257,1.878737449645996,30.154266357421875,-7.019697904586792,30.77068328857422,-37.17396426200867,,,,,,,,,,,,,,,,,,,104.39823794364929,2.5838837921619415,-1.4264282898108165,1.4356781037648518,-0.009249813954035442,1.0,8.018847434361981e-14,0.9991066993054193,4.329742248522027e-14,0.9994066304141603,0.9994631534944564,0.9991066993053391,0.0,0.0,0.0
smollm2-360m,coderepair,mbpp-0235-flip_comparison2-1,-100.06171625852585,-91.57873743772507,,,-29.7184921503067,-16.690003991127014,-6.551218628883362,-6.616865754127502,,,,,,,,,,,,,,,,,-5.6384183168411255,-6.686410069465637,,,-122.04045930504799,-92.16938844323158,-100.27367463707924,-91.97099366784096,-7.152377128601074,-8.933477401733398,False,False,,,False,False,False,False,,,,,,,,,,,,,,,,,False,False,,,False,False,False,False,False,False,71.0,70.0,,,72.0,65.0,71.0,70.0,,,,,,,,,,,,,,,,,71.0,70.0,,,72.0,65.0,71.0,70.0,71.0,70.0,178.0,,246.0,,,,,,,,,242.0,,153.0,244.0,-93.72245600819588,-93.72245600819588,94.63525632023811,-0.9128003120422363,,,0.6011584997177124,-0.2119583785533905,-93.51049762964249,85.35412791371346,0.3922562301158905,8.302680969238281,-0.06564712524414062,8.482978820800781,-8.368328094482422,,,,,,,,,,,,,,,,,,,93.12129750847816,0.6011584997177124,-1.3200345916647307,1.3328909340878607,-0.01285634242313009,1.0,0.00013616012917001818,0.5163953519623194,0.0002069184588984176,0.7403890741333797,0.8558326741851991,0.5162591918331494,0.0,0.0,0.0
smollm2-360m,coderepair,mbpp-0239-off_by_one-1,-128.9952311515808,-108.39476728439331,,,-16.509703636169434,-19.00317096710205,-6.583307266235352,-8.457555294036865,,,,,,,,,,,,,,,,,-4.875936269760132,-6.967665672302246,,,-106.64932841062546,-117.63886851072311,-127.6233121752739,-107.61386698484421,-8.008892059326172,-10.071027278900146,False,False,,,False,False,False,False,,,,,,,,,,,,,,,,,True,False,,,False,False,False,False,False,False,162.0,159.0,,,160.0,153.0,162.0,159.0,,,,,,,,,,,,,,,,,162.0,159.0,,,160.0,153.0,162.0,159.0,162.0,159.0,227.0,,467.0,,,,,,,,,380.0,,200.0,382.0,-121.04000490903854,-121.04000490903854,122.74737590551376,-1.7073709964752197,,,1.4255847930908203,1.3719189763069153,-122.41192388534546,99.15631169080734,-0.7809002995491028,20.009445190429688,-1.8742480278015137,20.6004638671875,-21.8836932182312,,,,,,,,,,,,,,,,,,,119.61442011594772,1.4255847930908203,-0.7471605241298676,0.7576998512686035,-0.010539327138735925,1.0,5.634632440786997e-10,0.8669092832124654,1.130660492527477e-09,0.8900967178323418,0.8871680840341024,0.8669092826490021,0.0,0.0,0.0
smollm2-360m,coderepair,mbpp-0247-off_by_one-0,-108.08453559875488,-94.14887428283691,,,-17.552727222442627,-32.96085786819458,-7.993805885314941,-5.236111402511597,,,,,,,,,,,,,,,,,-8.2330402135849,-4.335191607475281,,,-104.71607404947281,-119.29935652017593,-108.89070326089859,-93.68757826089859,-10.27014970779419,-8.062388181686401,False,False,,,False,False,False,False,,,,,,,,,,,,,,,,,False,True,,,False,False,False,False,False,False,204.0,201.0,,,193.0,203.0,204.0,201.0,,,,,,,,,,,,,,,,,204.0,201.0,,,193.0,203.0,204.0,201.0,204.0,201.0,184.0,,450.0,,,,,,,,,379.0,,157.0,381.0,-100.89689737558365,-100.89689737558365,100.65766304731369,0.2392343282699585,,,2.276343822479248,-0.8061676621437073,-100.09072971343994,88.451466858387,-0.461296021938324,15.203125,2.7576944828033447,13.935661315917969,-12.445430517196655,,,,,,,,,,,,,,,,,,,98.6205535531044,2.276343822479248,-0.4945926341940375,0.49341991689859654,0.001172717295440973,1.0,2.4966608246375945e-07,0.05965331165583377,8.867859500954494e-07,0.019882186423934224,0.09905566351785683,0.05965306198975131,0.0,0.0,0.0
smollm2-360m,coderepair,mbpp-0272-index_shift-0,-58.077256858348846,-52.480413138866425,,,-20.012149333953857,-33.91025495529175,-7.105114936828613,-10.110301494598389,,,,,,,,,,,,,,,,,-7.793315172195435,-8.605618715286255,,,-55.12570923566818,-82.15483063459396,-61.379230201244354,-54.89397019147873,-11.073018074035645,-11.820672988891602,False,False,,,False,False,False,False,,,,,,,,,,,,,,,,,False,False,,,False,False,False,False,False,False,31.0,30.0,,,27.0,33.0,31.0,30.0,,,,,,,,,,,,,,,,,31.0,30.0,,,27.0,33.0,31.0,30.0,31.0,30.0,297.0,,367.0,,,,,,,,,317.0,,268.0,319.0,-54.27411526441574,-54.27411526441574,53.58591502904892,0.6882002353668213,,,3.9679031372070312,-3.301973342895508,-50.97214192152023,44.78366869688034,2.4135570526123047,6.485260009765625,-3.0051865577697754,5.596843719482422,-9.4904465675354,,,,,,,,,,,,,,,,,,,50.30621212720871,3.9679031372070312,-1.7507779117553466,1.7285779041628684,0.022200007592478106,1.0,0.0008501599110900518,0.9528056370066416,0.0036958437197766912,0.6926001580239938,0.6786675022973736,0.9519554770955515,0.0,0.0,0.0
smollm2-360m,coderepair,mbpp-0274-flip_comparison-0,-67.97460460662842,-38.800963401794434,,,-11.721354484558105,,-4.239155054092407,-9.389266014099121,,,,,,,,,,,,,,,,,-5.3672791719436646,-7.295087695121765,,,-35.21511125564575,,-71.05898332595825,-39.78817415237427,-10.495103359222412,-12.903361320495605,False,False,,,False,,True,False,,,,,,,,,,,,,,,,,False,False,,,False,,False,False,False,False,31.0,29.0,,,20.0,,31.0,29.0,,,,,,,,,,,,,,,,,31.0,29.0,,,20.0,,31.0,29.0,31.0,29.0,192.0,,241.0,,,,,,,,,214.0,,165.0,216.0,-66.81982827186584,-66.81982827186584,65.69170415401459,1.1281241178512573,,,6.255948305130005,-3.084378719329834,-63.73544955253601,30.398908138275146,0.987210750579834,31.270809173583984,-5.150110960006714,29.173641204833984,-36.4209201335907,,,,,,,,,,,,,,,,,,,60.56387996673584,6.255948305130005,-2.155478331350511,2.119087230774664,0.03639110057584701,1.0,2.683752727574918e-16,0.9936784373892592,2.1382013908805934e-13,0.8730066580753939,0.9174548506613914,0.993678437389259,0.0,1.0,0.0
smollm2-360m,coderepair,mbpp-0280-flip_arith-3,-47.814592480659485,-42.942487835884094,,,-15.185382604598999,-16.43954348564148,-3.7213053703308105,-6.5573248863220215,,,,,,,,,,,,,,,,,-1.979215532541275,-6.10165536403656,,,-52.65692073106766,-53.83727961778641,-48.05052500963211,-43.09666758775711,-7.178421139717102,-11.559409618377686,False,False,,,False,False,False,False,,,,,,,,,,,,,,,,,True,False,,,False,False,False,False,False,False,61.0,61.0,,,61.0,58.0,61.0,61.0,,,,,,,,,,,,,,,,,61.0,61.0,,,61.0,58.0,61.0,61.0,61.0,61.0,300.0,,394.0,,,,,,,,,350.0,,271.0,352.0,-44.3292196393013,-44.3292196393013,46.071309477090836,-1.7420898377895355,,,3.4571157693862915,-0.23593252897262573,-44.093287110328674,36.53934270143509,0.15417975187301636,4.953857421875,-2.836019515991211,4.872104644775391,-7.789876937866211,,,,,,,,,,,,,,,,,,,40.87210386991501,3.4571157693862915,-0.7267085186770705,0.7552673684768989,-0.02855884979982845,1.0,0.007006056745581319,0.9445794561371903,0.007599044908399166,0.9840534832943317,0.9876416560674975,0.937573399391609,0.0,0.0,0.0
smollm2-360m,coderepair,mbpp-0281-flip_comparison2-0,-25.814321875572205,-21.648779273033142,,,-16.05239486694336,-18.459101676940918,-3.047613263130188,-7.202854633331299,,,,,,,,,,,,,,,,,-2.816121995449066,-6.68964958190918,,,-29.093728452920914,-30.4912351667881,-24.881806761026382,-20.59172573685646,-5.22506508231163,-8.966917037963867,False,False,,,False,False,False,False,,,,,,,,,,,,,,,,,False,False,,,False,False,False,False,False,False,32.0,32.0,,,32.0,31.0,32.0,32.0,,,,,,,,,,,,,,,,,32.0,32.0,,,32.0,31.0,32.0,32.0,32.0,32.0,183.0,,216.0,,,,,,,,,204.0,,154.0,206.0,-21.834193497896194,-21.834193497896194,22.065684765577316,-0.23149126768112183,,,2.1774518191814423,0.9325151145458221,-22.766708612442017,13.388871103525162,-1.0570535361766815,4.290081024169922,-4.155241370201111,4.1655426025390625,-8.445322394371033,,,,,,,,,,,,,,,,,,,19.656741678714752,2.1774518191814423,-0.6823185468092561,0.6895526489242911,-0.007234102115035057,1.0,0.013515182489723096,0.9845577456251184,0.015284062347934634,0.9796382970040494,0.9768389985752953,0.9710425631353954,0.0,0.0,0.0
smollm2-360m,coderepair,mbpp-0283-flip_bool-1,-77.68058025836945,-71.61952984333038,,,-14.852954387664795,-19.20693826675415,-5.886873722076416,-10.429462909698486,,,,,,,,,,,,,,,,,-4.809503197669983,-9.353713870048523,,,-71.8300656080246,-81.03583800792694,-77.63184630870819,-71.08306396007538,-7.211517572402954,-10.913346767425537,False,False,,,False,False,False,False,,,,,,,,,,,,,,,,,False,False,,,False,False,False,False,False,False,69.0,69.0,,,69.0,68.0,69.0,69.0,,,,,,,,,,,,,,,,,69.0,69.0,,,69.0,68.0,69.0,69.0,69.0,69.0,179.0,,246.0,,,,,,,,,237.0,,150.0,239.0,-71.74497258663177,-71.74497258663177,72.82234311103821,-1.077370524406433,,,1.324643850326538,0.04873394966125488,-71.79370653629303,60.65360105037689,-0.5364658832550049,6.5487823486328125,-4.54258918762207,6.0610504150390625,-11.091371536254883,,,,,,,,,,,,,,,,,,,70.42032873630524,1.324643850326538,-1.0397822114004605,1.0553962769715681,-0.015614065571107727,1.0,0.0009705771994795408,0.9893397497671121,0.002326524745556396,0.9894832194000376,0.9759160093425717,0.9883691725676326,0.0,0.0,0.0
smollm2-360m,coderepair,mbpp-0293-flip_arith-2,-39.87158513069153,-34.980429887771606,,,-17.997502982616425,-35.60340851545334,-1.4257229566574097,-8.2765833735466,,,,,,,,,,,,,,,,,-2.2851694524288177,-8.71285343170166,,,-44.698575496673584,-64.9898009300232,-41.293092250823975,-36.11039876937866,-8.221405625343323,-15.109921932220459,False,False,,,False,False,True,False,,,,,,,,,,,,,,,,,False,False,,,False,False,False,False,False,False,33.0,33.0,,,32.0,35.0,33.0,33.0,,,,,,,,,,,,,,,,,33.0,33.0,,,32.0,35.0,33.0,33.0,33.0,33.0,201.0,,319.0,,,,,,,,,225.0,,174.0,227.0,-39.867369294166565,-39.867369294166565,39.00792279839516,0.8594464957714081,,,6.795682668685913,-1.4215071201324463,-38.44586217403412,27.83381539583206,1.1299688816070557,5.1826934814453125,-6.850860416889191,4.891155242919922,-12.033553898334503,,,,,,,,,,,,,,,,,,,33.07168662548065,6.795682668685913,-1.2081020998232292,1.182058266618035,0.026043833205194183,1.0,0.005580505616869958,0.9989425114261931,0.007456718049797784,0.9983864182222038,0.9989816129357657,0.9933620058093231,0.0,1.0,0.0
smollm2-360m,coderepair,mbpp-0297-drop_negation-0,-138.93567991256714,-121.53930234909058,,,-22.95828676223755,-35.237877368927,-6.190349578857422,-8.891982078552246,,,,,,,,,,,,,,,,,-5.512459874153137,-7.3685890436172485,,,-137.2357792854309,-155.35285997390747,-141.52902269363403,-123.31784105300903,-9.689121723175049,-11.810344696044922,False,False,,,False,False,False,False,,,,,,,,,,,,,,,,,False,False,,,False,False,False,False,False,False,112.0,112.0,,,109.0,115.0,112.0,112.0,,,,,,,,,,,,,,,,,112.0,112.0,,,109.0,115.0,112.0,112.0,112.0,112.0,404.0,,617.0,,,,,,,,,505.0,,375.0,507.0,-135.3386731147766,-135.3386731147766,136.0165628194809,-0.6778897047042847,,,3.498772144317627,-2.5933427810668945,-132.74533033370972,114.42585897445679,1.778538703918457,18.211181640625,-2.701632499694824,17.396377563476562,-20.912814140319824,,,,,,,,,,,,,,,,,,,131.83990097045898,3.498772144317627,-1.2083810099533625,1.214433596602508,-0.0060525866491453984,1.0,1.2330591412418158e-08,0.9371228594634662,2.7851539569526414e-08,0.8648451329378425,0.8929488911128959,0.9371228471328747,0.0,0.0,0.0
smollm2-360m,coderepair,mbpp-0304-index_shift-3,-114.20310097932816,-101.64665871858597,,,-20.523211002349854,-21.11021661758423,-8.786134243011475,-13.466575145721436,,,,,,,,,,,,,,,,,-6.70993036031723,-8.863557279109955,,,-105.91671591997147,-107.83352500200272,-113.3295424580574,-100.58963614702225,-10.020434856414795,-12.837321281433105,False,False,,,False,False,False,False,,,,,,,,,,,,,,,,,False,False,,,False,False,False,False,False,False,92.0,91.0,,,92.0,92.0,92.0,91.0,,,,,,,,,,,,,,,,,92.0,91.0,,,92.0,92.0,92.0,91.0,92.0,91.0,229.0,,340.0,,,,,,,,,310.0,,200.0,312.0,-104.54340821504593,-104.54340821504593,106.61961209774017,-2.0762038826942444,,,1.2343006134033203,0.873558521270752,-105.41696673631668,87.12306100130081,-1.0570225715637207,12.739906311035156,-4.680440902709961,12.556442260742188,-17.420347213745117,,,,,,,,,,,,,,,,,,,103.30910760164261,1.2343006134033203,-1.1363413936418036,1.1589088271493497,-0.022567433507546135,1.0,2.9155078893870763e-06,0.9907981023020276,3.522125966638596e-06,0.8960072126826256,0.9435815427132194,0.9907951867941382,0.0,0.0,0.0
smollm2-360m,coderepair,mbpp-0306-index_shift-1,-135.41116845607758,-129.1885885000229,,,-27.75681495666504,-28.13593101501465,-11.596523761749268,-18.220099449157715,,,,,,,,,,,,,,,,,-4.00829553604126,-10.86218786239624,,,-133.7637219429016,-132.5161633491516,-133.80769777297974,-127.81682252883911,-8.365870714187622,-15.05842924118042,False,False,,,False,False,False,False,,,,,,,,,,,,,,,,,True,False,,,False,False,False,False,False,False,237.0,237.0,,,240.0,231.0,237.0,237.0,,,,,,,,,,,,,,,,,237.0,237.0,,,240.0,231.0,237.0,237.0,237.0,237.0,302.0,,574.0,,,,,,,,,528.0,,273.0,530.0,-122.21117401123047,-122.21117401123047,129.79940223693848,-7.588228225708008,,,-3.2306530475616455,1.6034706830978394,-123.81464469432831,109.5967230796814,-1.3717659711837769,5.990875244140625,-6.623575687408447,6.2225799560546875,-12.614450931549072,,,,,,,,,,,,,,,,,,,125.44182705879211,-3.2306530475616455,-0.5156589620727025,0.5476768026875041,-0.03201784061480172,1.0,0.0024664095343289913,0.9986729304395165,0.001980190731339364,0.9989457726076199,0.9987614300915485,0.9962065209051876,0.0,0.0,0.0
smollm2-360m,coderepair,mbpp-0308-flip_bool-0,-43.36643987894058,-40.86435705423355,,,-18.019553184509277,-35.62657070159912,-4.894999027252197,-8.692506313323975,,,,,,,,,,,,,,,,,-3.8774839639663696,-8.031216263771057,,,-50.662808299064636,-65.29151999950409,-42.88797461986542,-40.35109031200409,-8.232082486152649,-13.66222858428955,False,False,,,False,False,False,False,,,,,,,,,,,,,,,,,False,False,,,False,False,False,False,False,False,42.0,42.0,,,41.0,44.0,42.0,42.0,,,,,,,,,,,,,,,,,42.0,42.0,,,41.0,44.0,42.0,42.0,42.0,42.0,317.0,,401.0,,,,,,,,,348.0,,288.0,350.0,-37.99297559261322,-37.99297559261322,39.01049065589905,-1.0175150632858276,,,3.3370834589004517,0.4784652590751648,-38.471440851688385,31.658583998680115,-0.5132667422294617,2.536884307861328,-3.7975072860717773,2.5020828247070312,-6.3343915939331055,,,,,,,,,,,,,,,,,,,34.65589213371277,3.3370834589004517,-0.9045946569669814,0.9288212060928345,-0.02422654912585304,1.0,0.07331030732198113,0.9780634061368841,0.07571229519766666,0.9845371658390455,0.9956366666269698,0.9047530988149031,0.0,0.0,0.0
smollm2-360m,coderepair,mbpp-0310-drop_negation-0,-33.83285748958588,-33.49895703792572,,,-18.59553599357605,-30.378652334213257,-3.8398683071136475,-6.558204174041748,,,,,,,,,,,,,,,,,-3.0538710355758667,-6.310550212860107,,,-44.28523790836334,-58.82976305484772,-35.77126848697662,-34.95367968082428,-5.815491318702698,-9.050837993621826,False,False,,,False,False,False,False,,,,,,,,,,,,,,,,,False,False,,,False,False,False,False,False,False,30.0,31.0,,,30.0,33.0,30.0,31.0,,,,,,,,,,,,,,,,,30.0,31.0,,,30.0,33.0,30.0,31.0,30.0,31.0,228.0,,286.0,,,,,,,,,247.0,,199.0,249.0,-31.931400179862976,-31.931400179862976,32.71739745140076,-0.7859972715377808,,,1.9756230115890503,-1.938410997390747,-29.99298918247223,28.39547550678253,1.4547226428985596,0.8175888061523438,-2.7183358669281006,0.33390045166015625,-3.5359246730804443,,,,,,,,,,,,,,,,,,,29.955777168273926,1.9756230115890503,-1.0643800059954325,1.090579915046692,-0.026199909051259358,1.0,0.3062569086007001,0.9380996268742767,0.4172918869388823,0.9629123791903835,0.9621429814234972,0.6318427182735766,0.0,0.0,0.0
smollm2-360m,coderepair,mbpp-0311-drop_negation-2,-122.29533940553665,-118.44740849733353,,,-36.418381214141846,-49.45356035232544,-7.636491298675537,-10.93922758102417,,,,,,,,,,,,,,,,,-6.091283857822418,-8.370461523532867,,,-146.91938370466232,-152.27088516950607,-123.53597611188889,-119.44452255964279,-7.876198768615723,-10.113810062408447,False,False,,,False,False,False,False,,,,,,,,,,,,,,,,,False,False,,,False,False,False,False,False,False,82.0,82.0,,,84.0,83.0,82.0,82.0,,,,,,,,,,,,,,,,,82.0,82.0,,,84.0,83.0,82.0,82.0,82.0,82.0,190.0,,279.0,,,,,,,,,261.0,,161.0,263.0,-115.89948481321335,-115.89948481321335,117.44469225406647,-1.545207440853119,,,0.23970746994018555,-1.2406367063522339,-114.65884810686111,108.50529497861862,0.9971140623092651,4.091453552246094,-3.302736282348633,3.847930908203125,-7.394189834594727,,,,,,,,,,,,,,,,,,,115.65977734327316,0.23970746994018555,-1.4134083513806506,1.4322523445617863,-0.018843993181135596,1.0,0.016440124518708642,0.9645225621018031,0.02087860040409557,0.9071377976065707,0.9035765404666631,0.9480824375830944,0.0,0.0,0.0
smollm2-360m,coderepair,mbpp-0394-flip_bool-0,-61.1158447265625,-51.459930419921875,,,-18.710779190063477,-30.402488708496094,-5.419387578964233,-6.0582404136657715,,,,,,,,,,,,,,,,,-5.156246602535248,-5.531414449214935,,,-65.40717232227325,-80.75620949268341,-62.619032979011536,-52.5016165971756,-8.675306797027588,-9.041353702545166,False,False,,,False,False,False,False,,,,,,,,,,,,,,,,,False,False,,,False,False,False,False,False,False,52.0,51.0,,,50.0,54.0,52.0,51.0,,,,,,,,,,,,,,,,,52.0,51.0,,,50.0,54.0,52.0,51.0,52.0,51.0,198.0,,257.0,,,,,,,,,239.0,,169.0,241.0,-57.1996454000473,-57.1996454000473,57.46278637647629,-0.2631409764289856,,,3.2559192180633545,-1.5031882524490356,-55.69645714759827,46.44337618350983,1.0416861772537231,10.117416381835938,-0.6388528347015381,9.655914306640625,-10.756269216537476,,,,,,,,,,,,,,,,,,,53.94372618198395,3.2559192180633545,-1.0999931807701404,1.1050535841630056,-0.005060403392865107,1.0,4.0368562356180994e-05,0.6544933728103992,6.404155744528589e-05,0.5927071196776487,0.5905034272070928,0.654453004248043,0.0,0.0,0.0
smollm2-360m,coderepair,mbpp-0405-flip_bool-0,-50.44761550426483,-37.81191527843475,,,-14.771630764007568,-28.564266681671143,-4.4625643491744995,-5.960727691650391,,,,,,,,,,,,,,,,,-3.8293561935424805,-6.990824937820435,,,-44.10609012842178,-56.604335367679596,-50.72234684228897,-36.74524646997452,-7.355873465538025,-11.216882705688477,False,False,,,False,False,False,False,,,,,,,,,,,,,,,,,True,False,,,False,False,False,False,False,False,30.0,30.0,,,29.0,32.0,30.0,30.0,,,,,,,,,,,,,,,,,30.0,30.0,,,29.0,32.0,30.0,30.0,30.0,30.0,253.0,,312.0,,,,,,,,,272.0,,224.0,274.0,-46.25978249311447,-46.25978249311447,46.89299064874649,-0.633208155632019,,,2.8933091163635254,-0.2747313380241394,-45.98505115509033,30.784518778324127,-1.0666688084602356,13.977100372314453,-1.4981633424758911,12.635700225830078,-15.475263714790344,,,,,,,,,,,,,,,,,,,43.366473376750946,2.8933091163635254,-1.5419927497704824,1.5630996882915498,-0.021106938521067303,1.0,8.502489185844037e-07,0.8172781225659124,3.253746424312405e-06,0.9593582514155297,0.9793870871946662,0.8172772723169938,0.0,0.0,0.0
smollm2-360m,coderepair,mbpp-0406-flip_comparison2-0,-89.3239603638649,-49.19919687509537,,,-23.671621203422546,-24.146785616874695,-4.316139340400696,-11.181282877922058,,,,,,,,,,,,,,,,,-2.6185890436172485,-8.742879748344421,,,-59.0962350666523,-59.95446565747261,-92.22205141186714,-50.28828218579292,-4.751262903213501,-10.755336284637451,False,False,,,False,False,False,False,,,,,,,,,,,,,,,,,True,False,,,False,False,False,False,False,False,79.0,78.0,,,78.0,77.0,79.0,78.0,,,,,,,,,,,,,,,,,79.0,78.0,,,78.0,77.0,79.0,78.0,79.0,78.0,166.0,,264.0,,,,,,,,,236.0,,139.0,238.0,-87.90591207146645,-87.90591207146645,89.6034623682499,-1.6975502967834473,,,0.4351235628128052,-2.898091048002243,-85.0078210234642,39.106999307870865,1.0890853106975555,41.93376922607422,-6.865143537521362,40.12476348876953,-48.79891276359558,,,,,,,,,,,,,,,,,,,87.47078850865364,0.4351235628128052,-1.1127330641957778,1.1342210426360746,-0.0214879784402968,1.0,6.141903025122666e-19,0.9989575488146136,3.7500462945644e-18,0.9978157381978591,0.9975374035423344,0.9989575488146136,0.0,0.0,0.0
smollm2-360m,coderepair,mbpp-0407-flip_comparison2-0,-106.16839575767517,-105.89765906333923,,,-14.446974277496338,-19.471984386444092,-2.9293824434280396,-7.72969388961792,,,,,,,,,,,,,,,,,-1.8357815146446228,-6.492640554904938,,,-111.60809355974197,-115.72500640153885,-108.48963958024979,-108.24611693620682,-3.512592911720276,-8.02007794380188,False,False,,,False,False,False,False,,,,,,,,,,,,,,,,,True,False,,,False,False,False,False,False,False,107.0,107.0,,,107.0,106.0,107.0,107.0,,,,,,,,,,,,,,,,,107.0,107.0,,,107.0,106.0,107.0,107.0,107.0,107.0,173.0,,279.0,,,,,,,,,269.0,,144.0,271.0,-105.56025713682175,-105.56025713682175,106.65385806560516,-1.0936009287834167,,,0.5832104682922363,-2.3212438225746155,-103.23901331424713,100.5164230465889,2.3484578728675842,0.24352264404296875,-4.80031144618988,0.2707366943359375,-5.043834090232849,,,,,,,,,,,,,,,,,,,104.97704666852951,0.5832104682922363,-0.9865444592226331,0.9967650286505155,-0.0102205694278824,1.0,0.4309079337672182,0.9918300939966704,0.4327262465960655,0.9905930874029694,0.9890940944508568,0.5609221602294523,0.0,0.0,0.0
smollm2-360m,toolshed,toolshed-0000-s0-arg_typo-1,-21.85252285003662,-10.530394077301025,,,-11.129638671875,-19.35466194152832,-7.417783260345459,-5.804658234119415,,,,,,,,,,,,,,,,,-4.042101263999939,-6.52665901184082,,,-16.35360813140869,-27.335630416870117,-22.493436813354492,-12.06217360496521,-3.733143925666809,-5.438802242279053,False,False,,,False,False,False,False,,,,,,,,,,,,,,,,,False,False,,,False,False,False,False,False,False,13.0,11.0,,,12.0,11.0,13.0,11.0,,,,,,,,,,,,,,,,,13.0,11.0,,,12.0,11.0,13.0,11.0,13.0,11.0,642.0,,662.0,,,,,,,,,643.0,,613.0,670.0,-15.075653553009033,-15.075653553009033,18.451335549354553,-3.37568199634552,,,-3.68463933467865,-0.6409139633178711,-14.434739589691162,6.257515370845795,1.5317795276641846,10.431263208389282,1.6131250262260437,11.322128772735596,-8.818138182163239,,,,,,,,,,,,,,,,,,,18.760292887687683,-3.68463933467865,-1.1596656579237719,1.419333503796504,-0.2596678458727323,1.0,2.909672256767593e-05,0.165483232858475,1.2101987353028933e-05,0.9230521453169168,0.8462722995705292,0.16545413613590731,0.0,0.0,0.0
smollm2-360m,toolshed,toolshed-0000-s0-hallucinated_entity-2,-22.896318435668945,-10.519537687301636,,,-11.403632164001465,-21.27405548095703,-4.986456632614136,-8.729355812072754,,,,,,,,,,,,,,,,,-4.092564404010773,-6.617060899734497,,,-16.353604316711426,-22.493435859680176,-27.335627555847168,-12.062167882919312,-3.182000607252121,-8.091432571411133,False,False,,,False,False,False,False,,,,,,,,,,,,,,,,,False,False,,,False,False,False,False,False,False,11.0,11.0,,,12.0,13.0,11.0,11.0,,,,,,,,,,,,,,,,,11.0,11.0,,,12.0,13.0,11.0,11.0,11.0,11.0,639.0,,662.0,,,,,,,,,641.0,,613.0,669.0,-22.349170923233032,-22.349170923233032,23.243063151836395,-0.893892228603363,,,-1.8044560253620148,-4.439309120178223,-17.90986180305481,3.3328120708465576,1.5426301956176758,15.273459672927856,-3.742899179458618,12.37678074836731,-19.016358852386475,,,,,,,,,,,,,,,,,,,24.153626948595047,-1.8044560253620148,-2.031742811203003,2.113005741076036,-0.081262929873033,1.0,2.295645793972755e-07,0.9753065236027666,4.215320364034707e-06,0.9258413720573007,0.9926773395449598,0.9753062940381872,0.0,0.0,0.0
smollm2-360m,toolshed,toolshed-0000-s2-tool_typo-1,-26.894835948944092,-25.52605390548706,,,-4.673283934593201,-7.436201691627502,-5.448075175285339,-2.8136210441589355,,,,,,,,,,,,,,,,,-11.251002788543701,-16.106916904449463,,,-21.08265495300293,-27.862542152404785,-30.912514686584473,-24.951762199401855,-4.693932056427002,-7.920629501342773,False,False,,,False,False,False,True,,,,,,,,,,,,,,,,,False,False,,,False,False,False,False,False,False,32.0,32.0,,,22.0,33.0,32.0,32.0,,,,,,,,,,,,,,,,,32.0,32.0,,,22.0,33.0,32.0,32.0,32.0,32.0,728.0,,766.0,,,,,,,,,751.0,,702.0,749.0,-25.464439511299133,-25.464439511299133,19.66151189804077,5.802927613258362,,,-0.7541431188583374,-4.017678737640381,-21.446760773658752,22.13814115524292,-0.5742917060852051,5.960752487182617,2.634454131126404,1.3687820434570312,-3.3262983560562134,,,,,,,,,,,,,,,,,,,26.21858263015747,-0.7541431188583374,-0.7957637347280979,0.6144222468137741,0.1813414879143238,1.0,5.2658283588336885e-05,0.05799524095339876,0.2028166969080475,0.9922778789626258,0.9618266807005402,0.05794258266981042,0.0,0.0,0.0
smollm2-360m,toolshed,toolshed-0001-s0-date_format-2,-17.457098960876465,-7.124457597732544,,,-13.925886154174805,-14.247506141662598,-2.8440252244472504,-8.233705043792725,,,,,,,,,,,,,,,,,-3.1804124116897583,-7.870564818382263,,,-10.618887186050415,-16.191375494003296,-16.631603002548218,-6.142896890640259,-4.3200682401657104,-10.621404767036438,False,False,,,False,False,True,False,,,,,,,,,,,,,,,,,False,False,,,False,False,False,False,False,False,17.0,17.0,,,17.0,17.0,17.0,17.0,,,,,,,,,,,,,,,,,17.0,17.0,,,17.0,17.0,17.0,17.0,17.0,17.0,640.0,,675.0,,,,,,,,,646.0,,612.0,704.0,-13.787577778100967,-13.787577778100967,13.45119059085846,0.33638718724250793,,,1.47604301571846,0.8254959583282471,-14.613073736429214,-2.090808153152466,-0.9815607070922852,10.488706111907959,-5.389679819345474,10.332641363143921,-15.878385931253433,,,,,,,,,,,,,,,,,,,12.311534762382507,1.47604301571846,-0.8110339869471157,0.7912465053446153,0.019787481602500465,1.0,2.7533940757086624e-05,0.9954309918988514,3.255192941632891e-05,0.9908983154267761,0.9981695047119913,0.9954034579580944,0.0,1.0,0.0
smollm2-360m,toolshed,toolshed-0001-s0-tool_typo-0,-11.122912406921387,-7.783703565597534,,,-10.559913396835327,-15.694857358932495,-4.545640230178833,-2.6211936473846436,,,,,,,,,,,,,,,,,-5.021849274635315,-3.177144408226013,,,-16.191373825073242,-16.631603240966797,-10.618882179260254,-6.14288854598999,-6.3090434074401855,-3.5475040674209595,False,False,,,False,False,False,True,,,,,,,,,,,,,,,,,False,True,,,False,False,False,False,False,False,17.0,17.0,,,17.0,17.0,17.0,17.0,,,,,,,,,,,,,,,,,17.0,17.0,,,17.0,17.0,17.0,17.0,17.0,17.0,638.0,,661.0,,,,,,,,,646.0,,612.0,644.0,-6.073241949081421,-6.073241949081421,5.597032904624939,0.47620904445648193,,,1.7634031772613525,0.5040302276611328,-6.577272176742554,3.5216948986053467,-1.640815019607544,4.475993633270264,1.9244465827941895,3.3392088413238525,-2.551547050476074,,,,,,,,,,,,,,,,,,,4.309838771820068,1.7634031772613525,-0.35724952641655416,0.32923722968381997,0.02801229673273423,1.0,0.01125009632391475,0.1273266726198461,0.034250317391645364,0.13649580591334537,0.05943825025770623,0.11607657629593135,0.0,0.0,0.0
smollm2-360m,toolshed,toolshed-0001-s1-tool_typo-0,-6.047868490219116,-8.806612014770508,,,-12.013050556182861,-15.298062801361084,-3.570461332798004,-5.518262207508087,,,,,,,,,,,,,,,,,-5.3317766189575195,-6.520528018474579,,,-8.088856220245361,-19.015697956085205,-4.916071534156799,-5.974068641662598,-3.3184754252433777,-2.0184021592140198,False,False,,,False,False,False,False,,,,,,,,,,,,,,,,,False,False,,,False,False,False,False,False,False,13.0,13.0,,,11.0,13.0,13.0,13.0,,,,,,,,,,,,,,,,,13.0,13.0,,,11.0,13.0,13.0,13.0,13.0,13.0,730.0,,749.0,,,,,,,,,734.0,,704.0,732.0,-1.3456102013587952,-1.3456102013587952,-0.4157050848007202,1.7613152861595154,,,-0.25198590755462646,1.131796956062317,-2.477407157421112,0.4558064341545105,-2.83254337310791,-1.0579971075057983,-1.947800874710083,-2.7587435245513916,-0.8898037672042847,,,,,,,,,,,,,,,,,,,1.5975961089134216,-0.25198590755462646,-0.10350847702759963,-0.03197731421544002,0.13548579124303964,1.0,0.7199227267671116,0.87503544143587,0.9404052560590211,0.7665176786550193,0.21415268666290233,0.15511271466875842,0.0,0.0,0.0
smollm2-360m,toolshed,toolshed-0002-s0-hallucinated_entity-2,-23.976131916046143,-9.520374298095703,,,-12.443630456924438,-22.50714135169983,-6.362828969955444,-9.897814512252808,,,,,,,,,,,,,,,,,-4.515819549560547,-7.7371368408203125,,,-17.707159996032715,-22.467219352722168,-29.35915184020996,-12.359299421310425,-4.286493808031082,-9.272103786468506,False,False,,,False,False,False,False,,,,,,,,,,,,,,,,,False,False,,,False,False,False,False,False,False,11.0,11.0,,,12.0,13.0,11.0,11.0,,,,,,,,,,,,,,,,,11.0,11.0,,,12.0,13.0,11.0,11.0,11.0,11.0,654.0,,676.0,,,,,,,,,656.0,,628.0,684.0,-22.996322870254517,-22.996322870254517,24.843332290649414,-1.8470094203948975,,,-2.076335161924362,-5.383019924163818,-17.6133029460907,2.461484909057617,2.8389251232147217,16.999852418899536,-3.5349855422973633,14.45575761795044,-20.5348379611969,,,,,,,,,,,,,,,,,,,25.07265803217888,-2.076335161924362,-2.0905748063867744,2.2584847536954014,-0.16790994730862704,1.0,4.120772669907018e-08,0.9695130612555839,5.271618893755355e-07,0.9616286507825058,0.9932108011141295,0.9695130200478572,0.0,0.0,0.0
smollm2-360m,toolshed,toolshed-0002-s1-arg_typo-2,-15.619545221328735,-9.042139291763306,,,-6.000979125499725,-14.131298542022705,-3.12286776304245,-4.677711665630341,,,,,,,,,,,,,,,,,-4.230084121227264,-8.07870864868164,,,-5.254960834980011,-18.231756448745728,-15.072565376758575,-7.852030575275421,-2.391940951347351,-6.489862561225891,False,False,,,False,False,False,False,,,,,,,,,,,,,,,,,False,False,,,False,False,False,False,False,False,44.0,44.0,,,31.0,44.0,44.0,44.0,,,,,,,,,,,,,,,,,44.0,44.0,,,31.0,44.0,44.0,44.0,44.0,44.0,712.0,,761.0,,,,,,,,,744.0,,683.0,746.0,-11.949697613716125,-11.949697613716125,10.842481255531311,1.1072163581848145,,,-0.7309268116950989,0.5469798445701599,-12.496677458286285,3.1743189096450806,-1.1901087164878845,7.220534801483154,-1.5548439025878906,6.57740592956543,-8.775378704071045,,,,,,,,,,,,,,,,,,,12.680624425411224,-0.7309268116950989,-0.2715840366753665,0.24642002853480252,0.025164008140563965,1.0,5.070404020176583e-05,0.7889672124924916,0.0013895206929274903,0.9791355743241608,0.9836641365224114,0.7889165084522898,0.0,0.0,0.0
smollm2-360m,toolshed,toolshed-0002-s1-type_swap-3,-11.796695709228516,-8.389678001403809,,,-2.268530696630478,-12.111122131347656,-2.498193711042404,-2.4968123137950897,,,,,,,,,,,,,,,,,-4.145724356174469,-7.469135284423828,,,-5.254954397678375,-18.231767654418945,-11.041617453098297,-7.852035582065582,-2.4174124598503113,-5.484055042266846,False,False,,,False,False,True,False,,,,,,,,,,,,,,,,,False,False,,,False,False,False,False,False,False,44.0,44.0,,,31.0,44.0,44.0,44.0,,,,,,,,,,,,,,,,,44.0,44.0,,,31.0,44.0,44.0,44.0,44.0,44.0,712.0,,763.0,,,,,,,,,744.0,,683.0,746.0,-8.543423742055893,-8.543423742055893,6.895893096923828,1.6475306451320648,,,-0.0807812511920929,0.7550782561302185,-9.298501998186111,5.3552232682704926,-0.5376424193382263,3.189581871032715,0.0013813972473144531,3.407017707824707,-3.1882004737854004,,,,,,,,,,,,,,,,,,,8.624204993247986,-0.0807812511920929,-0.1941687214103612,0.15672484311190518,0.03744387829845602,1.0,0.002847358953182409,0.3067837405643409,0.03207686240821884,0.9652232690181797,0.9554956205965667,0.3039363816111585,0.0,1.0,0.0
smollm2-360m,toolshed,toolshed-0003-s0-arg_typo-1,-15.36781120300293,-11.29377555847168,,,-8.931992530822754,-17.212215423583984,-3.9608458280563354,-4.7459717988967896,,,,,,,,,,,,,,,,,-3.4228886365890503,-7.502948522567749,,,-10.954868793487549,-16.358020782470703,-13.854048728942871,-7.4248175621032715,-2.4052723348140717,-6.4496753215789795,False,False,,,False,False,False,False,,,,,,,,,,,,,,,,,True,False,,,False,False,False,False,True,False,11.0,9.0,,,8.0,10.0,11.0,9.0,,,,,,,,,,,,,,,,,11.0,9.0,,,8.0,10.0,11.0,9.0,11.0,9.0,641.0,,659.0,,,,,,,,,639.0,,611.0,668.0,-9.893202900886536,-9.893202900886536,10.43116009235382,-0.5379571914672852,,,-1.5555734932422638,1.5137624740600586,-11.406965374946594,2.678845763206482,-3.868957996368408,6.4292311668396,-0.7851259708404541,4.07403564453125,-7.214357137680054,,,,,,,,,,,,,,,,,,,11.4487763941288,-1.5555734932422638,-0.899382081898776,0.9482872811230746,-0.04890519922429865,1.0,0.0015650962793579471,0.6835273747518877,0.016724154509043906,0.98337462299476,0.9827815094298863,0.6819622784725298,0.0,0.0,0.0
smollm2-360m,toolshed,toolshed-0003-s1-drop_arg-0,-14.830010890960693,-19.312787532806396,,,-20.00726890563965,-17.041672348976135,-3.021617293357849,-9.109534859657288,,,,,,,,,,,,,,,,,-3.880744695663452,-17.99738335609436,,,-33.82875919342041,-28.862975597381592,-22.19490957260132,-27.421693325042725,-2.838504195213318,-15.26018500328064,False,False,,,False,False,False,False,,,,,,,,,,,,,,,,,False,False,,,False,False,False,False,True,False,13.0,28.0,,,28.0,30.0,13.0,28.0,,,,,,,,,,,,,,,,,13.0,28.0,,,28.0,30.0,13.0,28.0,13.0,28.0,728.0,,739.0,,,,,,,,,730.0,,700.0,738.0,-19.17329227924347,-19.17329227924347,18.314164876937866,0.859127402305603,,,-0.18311309814453125,-7.364898681640625,-11.808393597602844,18.312158465385437,8.108905792236328,-5.226783752441406,-6.0879175662994385,-4.482776641845703,-0.8611338138580322,,,,,,,,,,,,,,,,,,,19.356405377388,-0.18311309814453125,-1.4748686368648822,1.408781913610605,0.06608672325427715,1.0,0.993393450297287,0.997734157292278,0.9888243194334889,0.9999992600175744,0.9999959697608379,0.004340706994991006,0.0,0.0,0.0
smollm2-360m,toolshed,toolshed-0003-s1-readonly_target-3,-38.47540545463562,-19.561290502548218,,,-15.559967398643494,-22.849886894226074,-3.0521416664123535,-14.044531226158142,,,,,,,,,,,,,,,,,-7.172782897949219,-19.93448495864868,,,-22.194902420043945,-33.828758239746094,-50.85101890563965,-27.42171287536621,-3.694170355796814,-15.795005440711975,False,False,,,False,False,False,False,,,,,,,,,,,,,,,,,False,False,,,False,False,False,False,True,False,27.0,28.0,,,13.0,28.0,27.0,28.0,,,,,,,,,,,,,,,,,27.0,28.0,,,13.0,28.0,27.0,28.0,27.0,28.0,729.0,,760.0,,,,,,,,,744.0,,700.0,752.0,-47.798877239227295,-47.798877239227295,43.67823600769043,4.120641231536865,,,0.6420286893844604,-12.375613451004028,-35.42326378822327,13.377181649208069,7.860422372817993,23.429306030273438,-10.992389559745789,18.914114952087402,-34.421695590019226,,,,,,,,,,,,,,,,,,,47.156848549842834,0.6420286893844604,-1.770328786638048,1.6177124447292752,0.1526163419087728,1.0,3.568426178619486e-13,0.9999794710020811,6.1052611237057874e-09,0.9999971314530031,0.9999944451583425,0.9999794710017242,0.0,0.0,0.0
smollm2-360m,toolshed,toolshed-0004-s0-tool_typo-0,-12.847569942474365,-16.139519214630127,,,-15.320971488952637,-25.262834548950195,-3.5631529688835144,-8.674282729625702,,,,,,,,,,,,,,,,,-5.163732409477234,-5.241366505622864,,,-12.459749221801758,-27.956523895263672,-14.036538124084473,-10.001302719116211,-6.285740494728088,-8.87365210056305,False,False,,,False,False,False,False,,,,,,,,,,,,,,,,,False,False,,,False,False,False,False,False,False,13.0,13.0,,,15.0,15.0,13.0,13.0,,,,,,,,,,,,,,,,,13.0,13.0,,,15.0,15.0,13.0,13.0,13.0,13.0,651.0,,670.0,,,,,,,,,655.0,,625.0,653.0,-10.473385155200958,-10.473385155200958,8.872805714607239,1.6005794405937195,,,2.722587525844574,-1.1889681816101074,-9.28441697359085,1.327019989490509,-6.138216495513916,4.035235404968262,-5.1111297607421875,-3.2919492721557617,-9.14636516571045,,,,,,,,,,,,,,,,,,,7.750797629356384,2.722587525844574,-0.8056450119385352,0.6825235165082492,0.12312149543028611,1.0,0.016026764885244835,0.9939991321098794,0.9641515883917059,0.5193987818912765,0.9300795274317445,0.9779723672246347,0.0,0.0,0.0
smollm2-360m,toolshed,toolshed-0004-s1-arg_typo-2,-18.019906163215637,-5.1706331968307495,,,-3.4306520521640778,-20.75413703918457,-3.109564930200577,-1.8617666065692902,,,,,,,,,,,,,,,,,-6.17693567276001,-17.265583992004395,,,-12.080814361572266,-19.76575756072998,-15.764542579650879,-7.006338119506836,-3.5140974521636963,-10.357452630996704,False,False,,,False,False,False,False,,,,,,,,,,,,,,,,,False,False,,,False,False,False,False,False,False,29.0,29.0,,,16.0,29.0,29.0,29.0,,,,,,,,,,,,,,,,,29.0,29.0,,,16.0,29.0,29.0,29.0,29.0,29.0,689.0,,723.0,,,,,,,,,705.0,,659.0,716.0,-12.654977649450302,-12.654977649450302,9.58760690689087,3.067370742559433,,,0.4045325219631195,2.2553635835647583,-14.91034123301506,5.144571512937546,1.8357049226760864,8.758204460144043,1.2477983236312866,12.849272966384888,-7.510406136512756,,,,,,,,,,,,,,,,,,,12.250445127487183,0.4045325219631195,-0.4363785396362173,0.3306071347203748,0.10577140491584251,1.0,0.00015616484991595937,0.19201129774822012,2.628031175944968e-06,0.9999847153821411,0.9989346172231727,0.19185513289830416,0.0,0.0,0.0
smollm2-360m,toolshed,toolshed-0004-s1-date_format-4,-23.989976167678833,-4.7056615352630615,,,-4.734543323516846,-23.441392421722412,-1.8356844186782837,-5.684215068817139,,,,,,,,,,,,,,,,,-5.853683829307556,-10.318605422973633,,,-12.08082389831543,-19.76576805114746,-28.296114921569824,-7.006348609924316,-4.142484068870544,-5.634222984313965,False,False,,,False,False,True,False,,,,,,,,,,,,,,,,,False,False,,,False,False,False,False,False,False,21.0,29.0,,,16.0,29.0,21.0,29.0,,,,,,,,,,,,,,,,,21.0,29.0,,,16.0,29.0,21.0,29.0,21.0,29.0,688.0,,719.0,,,,,,,,,697.0,,659.0,699.0,-26.46043050289154,-26.46043050289154,22.442431092262268,4.0179994106292725,,,2.3067996501922607,-4.306138753890991,-22.15429174900055,1.3221335411071777,2.300687074661255,21.289766311645508,-3.848530650138855,19.28431463241577,-25.138296961784363,,,,,,,,,,,,,,,,,,,24.15363085269928,2.3067996501922607,-1.2600205001376925,1.0686871948696317,0.19133330526806058,1.0,5.639790224393685e-10,0.9290251971354397,4.216271473081351e-09,0.9886252751729872,0.8163391308269041,0.9290251965714608,0.0,1.0,0.0
smollm2-360m,toolshed,toolshed-0005-s0-tool_typo-1,-11.800184965133667,-11.573681592941284,,,-8.997000217437744,-14.726309299468994,-1.2653875350952148,-3.8596794605255127,,,,,,,,,,,,,,,,,-3.7843633890151978,-7.45551061630249,,,-16.41180694103241,-13.321946024894714,-13.737553477287292,-7.455388903617859,-4.4001001715660095,-8.487337589263916,False,False,,,False,False,True,False,,,,,,,,,,,,,,,,,False,False,,,False,False,False,False,False,False,21.0,21.0,,,15.0,21.0,21.0,21.0,,,,,,,,,,,,,,,,,21.0,21.0,,,15.0,21.0,21.0,21.0,21.0,21.0,636.0,,663.0,,,,,,,,,648.0,,610.0,646.0,-12.472165942192078,-12.472165942192078,9.953190088272095,2.518975853919983,,,3.1347126364707947,-1.9373685121536255,-10.534797430038452,3.595709443092346,-4.118292689323425,6.282164573669434,-2.594291925430298,0.2265033721923828,-8.876456499099731,,,,,,,,,,,,,,,,,,,9.337453305721283,3.1347126364707947,-0.5939126639139085,0.47396143277486164,0.11995123113904681,1.0,0.0018603627034557283,0.9301123692468994,0.44361501464131337,0.9751842338349653,0.9834915620584006,0.9282520065434438,0.0,1.0,0.0
smollm2-360m,toolshed,toolshed-0005-s0-type_swap-3,-15.800341367721558,-10.232523202896118,,,-9.82416981458664,-15.198866546154022,-1.3001487851142883,-4.871578395366669,,,,,,,,,,,,,,,,,-4.007388710975647,-7.279354095458984,,,-16.411816716194153,-13.737565159797668,-14.175463795661926,-7.455392956733704,-10.295976042747498,-12.120204329490662,False,False,,,False,False,True,False,,,,,,,,,,,,,,,,,False,False,,,False,False,False,False,False,False,21.0,21.0,,,15.0,21.0,21.0,21.0,,,,,,,,,,,,,,,,,21.0,21.0,,,15.0,21.0,21.0,21.0,21.0,21.0,639.0,,663.0,,,,,,,,,648.0,,610.0,653.0,-12.875315010547638,-12.875315010547638,10.16807508468628,2.7072399258613586,,,8.99582725763321,1.6248775720596313,-14.50019258260727,2.583814561367035,-2.7771302461624146,6.720070838928223,-3.5714296102523804,5.5678181648254395,-10.291500449180603,,,,,,,,,,,,,,,,,,,3.8794877529144287,8.99582725763321,-0.6131102385975066,0.4841940516517276,0.12891618694577897,1.0,0.001202598785059758,0.9724644835871139,0.0038042755688627366,0.9634544359533957,0.8610727148220776,0.9712618848020541,0.0,1.0,0.0
smollm2-360m,toolshed,toolshed-0005-s1-readonly_target-3,-29.27541708946228,-15.127870321273804,,,-17.512998938560486,-24.873793601989746,-2.8233630061149597,-15.527079939842224,,,,,,,,,,,,,,,,,-5.756115674972534,-20.495827198028564,,,-22.97233247756958,-26.46687412261963,-42.79363679885864,-21.786903858184814,-4.203067898750305,-17.8791846036911,False,False,,,False,False,True,False,,,,,,,,,,,,,,,,,False,False,,,False,False,False,False,False,False,22.0,22.0,,,12.0,22.0,22.0,22.0,,,,,,,,,,,,,,,,,22.0,22.0,,,12.0,22.0,22.0,22.0,22.0,22.0,682.0,,708.0,,,,,,,,,692.0,,653.0,699.0,-39.97027379274368,-39.97027379274368,37.03752112388611,2.9327526688575745,,,1.3797048926353455,-13.518219709396362,-26.45205408334732,6.25982391834259,6.659033536911011,21.006732940673828,-12.703716933727264,14.147546768188477,-33.71044987440109,,,,,,,,,,,,,,,,,,,38.59056890010834,1.3797048926353455,-1.8168306269428947,1.6835236874493686,0.13330693949352612,1.0,5.727972298399206e-10,0.9999965427141704,7.174608281975829e-07,0.9999996031517694,0.9999988504245464,0.9999965421413731,0.0,1.0,0.0
smollm2-360m,toolshed,toolshed-0006-s0-tool_typo-0,-10.848997592926025,-11.496530055999756,,,-17.148263931274414,-22.5807523727417,-6.622906684875488,-4.690933167934418,,,,,,,,,,,,,,,,,-6.154119968414307,-5.818048596382141,,,-22.481057167053223,-27.14726448059082,-15.989973068237305,-11.382210493087769,-6.705657005310059,-6.455685973167419,False,False,,,False,False,False,False,,,,,,,,,,,,,,,,,False,False,,,False,False,False,False,False,False,12.0,11.0,,,13.0,11.0,12.0,11.0,,,,,,,,,,,,,,,,,12.0,11.0,,,13.0,11.0,12.0,11.0,12.0,11.0,640.0,,658.0,,,,,,,,,642.0,,613.0,640.0,-9.367066383361816,-9.367066383361816,9.835853099822998,-0.46878671646118164,,,0.08275032043457031,-5.140975475311279,-4.226090908050537,6.691277325153351,-0.1143195629119873,4.607762575149536,1.9319735169410706,-0.6475324630737305,-2.6757890582084656,,,,,,,,,,,,,,,,,,,9.284316062927246,0.08275032043457031,-0.7805888652801514,0.8196544249852499,-0.03906555970509847,1.0,0.00987545994211962,0.12653187080282122,0.6564541936338721,0.4167641022856295,0.4378306291040438,0.1166564108607016,0.0,0.0,0.0
smollm2-360m,toolshed,toolshed-0006-s1-tool_typo-0,-8.54075002670288,-8.09663200378418,,,-10.30716872215271,-19.884464025497437,-2.3769699335098267,-2.8085930347442627,,,,,,,,,,,,,,,,,-4.48602694272995,-6.578470230102539,,,-12.235061883926392,-25.83267331123352,-14.777136087417603,-8.211756944656372,-4.799667328596115,-7.451477766036987,False,False,,,False,False,True,False,,,,,,,,,,,,,,,,,False,False,,,False,False,False,False,False,False,13.0,13.0,,,15.0,15.0,13.0,13.0,,,,,,,,,,,,,,,,,13.0,13.0,,,15.0,15.0,13.0,13.0,13.0,13.0,694.0,,713.0,,,,,,,,,698.0,,668.0,696.0,-12.400166153907776,-12.400166153907776,10.291109144687653,2.1090570092201233,,,2.4226973950862885,-6.236386060714722,-6.163780093193054,5.403163909912109,0.11512494087219238,6.5653791427612305,-0.43162310123443604,0.44411802291870117,-6.9970022439956665,,,,,,,,,,,,,,,,,,,9.977468758821487,2.4226973950862885,-0.9538589349159827,0.7916237803605887,0.1622351545553941,1.0,0.001381621785600213,0.6061289888587917,0.3907601654667568,0.8901665338495429,0.9341224882032862,0.6047473670731915,0.0,1.0,0.0
smollm2-360m,toolshed,toolshed-0006-s2-name_for_email-3,-22.866074800491333,-20.273261308670044,,,-8.310523986816406,-12.892898082733154,-7.9611101150512695,-7.141811370849609,,,,,,,,,,,,,,,,,-14.023187637329102,-18.76081657409668,,,-23.51807689666748,-31.625014305114746,-27.19504451751709,-26.595410346984863,-6.591326951980591,-10.105007648468018,False,False,,,False,False,False,False,,,,,,,,,,,,,,,,,False,False,,,False,False,False,False,False,False,26.0,32.0,,,22.0,32.0,26.0,32.0,,,,,,,,,,,,,,,,,26.0,32.0,,,22.0,32.0,26.0,32.0,26.0,32.0,729.0,,763.0,,,,,,,,,744.0,,701.0,746.0,-19.23393440246582,-19.23393440246582,13.171856880187988,6.062077522277832,,,-1.3697831630706787,-4.328969717025757,-14.904964685440063,19.453598976135254,6.322149038314819,0.5996341705322266,0.8192987442016602,2.592813491821289,0.2196645736694336,,,,,,,,,,,,,,,,,,,20.6037175655365,-1.3697831630706787,-0.7397667077871469,0.5066098800072303,0.23315682777991661,1.0,0.023607332371353283,0.25117909514763065,0.06960236634789323,0.9913166700277376,0.9710745299181859,0.22757176277627736,0.0,0.0,0.0
smollm2-360m,toolshed,toolshed-0007-s1-arg_typo-1,-7.605163812637329,-6.6569530963897705,,,-7.9873223304748535,-13.756093263626099,-2.5796995162963867,-3.0277891159057617,,,,,,,,,,,,,,,,,-6.493483304977417,-7.298865556716919,,,-5.264523029327393,-19.74532413482666,-7.824499607086182,-6.220903396606445,-3.1379289031028748,-6.485127925872803,False,False,,,False,False,True,False,,,,,,,,,,,,,,,,,False,False,,,False,False,False,False,False,False,11.0,13.0,,,13.0,13.0,11.0,13.0,,,,,,,,,,,,,,,,,11.0,13.0,,,13.0,13.0,11.0,13.0,11.0,13.0,732.0,,750.0,,,,,,,,,731.0,,703.0,733.0,-5.244800090789795,-5.244800090789795,1.3310163021087646,3.9137837886810303,,,0.558229386806488,-0.21933579444885254,-5.025464296340942,3.1931142807006836,-0.4360496997833252,1.6035962104797363,-0.448089599609375,0.9482107162475586,-2.0516858100891113,,,,,,,,,,,,,,,,,,,4.686570703983307,0.558229386806488,-0.47680000825361774,0.1210014820098877,0.35579852624373004,1.0,0.052892148996628245,0.6085154219617522,0.2792448037200147,0.6911246181831232,0.9660129944071042,0.555623272965124,0.0,1.0,0.0
smollm2-360m,toolshed,toolshed-0007-s1-hallucinated_entity-2,-17.089306354522705,-6.3941144943237305,,,-8.513722658157349,-17.826725006103516,-6.090470314025879,-8.229642391204834,,,,,,,,,,,,,,,,,-6.540648937225342,-7.772770166397095,,,-5.264521956443787,-7.824490547180176,-19.745322704315186,-6.220895767211914,-2.6768544912338257,-6.172768831253052,False,False,,,False,False,False,False,,,,,,,,,,,,,,,,,False,False,,,False,False,False,False,False,False,13.0,13.0,,,13.0,11.0,13.0,13.0,,,,,,,,,,,,,,,,,13.0,13.0,,,13.0,11.0,13.0,13.0,13.0,13.0,729.0,,753.0,,,,,,,,,733.0,,703.0,735.0,-13.654852390289307,-13.654852390289307,13.204673767089844,0.4501786231994629,,,-3.4136158227920532,-2.6560163497924805,-10.998836040496826,-2.00874662399292,-0.1732187271118164,13.524426937103271,-2.139172077178955,10.695191860198975,-15.663599014282227,,,,,,,,,,,,,,,,,,,17.06846821308136,-3.4136158227920532,-1.050373260791485,1.015744135929988,0.03462912486149715,1.0,3.517564938043251e-07,0.8289171566120096,2.2653084970075103e-05,0.7741896233303551,0.9705712960435185,0.8289168048555158,0.0,0.0,0.0
smollm2-360m,toolshed,toolshed-0008-s1-arg_typo-2,-19.634894967079163,-13.7788645029068,,,-6.243614226579666,-14.834808349609375,-3.2535798847675323,-4.993754416704178,,,,,,,,,,,,,,,,,-4.6786869764328,-8.68448257446289,,,-6.09769070148468,-22.164072513580322,-18.18831503391266,-11.878839135169983,-2.567561686038971,-6.904311299324036,False,False,,,False,False,False,False,,,,,,,,,,,,,,,,,False,False,,,False,False,False,False,False,False,44.0,44.0,,,31.0,44.0,44.0,44.0,,,,,,,,,,,,,,,,,44.0,44.0,,,31.0,44.0,44.0,44.0,44.0,44.0,715.0,,764.0,,,,,,,,,747.0,,686.0,749.0,-14.934735149145126,-14.934735149145126,13.509628057479858,1.425107091665268,,,-0.6860181987285614,1.446579933166504,-16.38131508231163,6.885084718465805,-1.9000253677368164,6.309475898742676,-1.7401745319366455,5.856030464172363,-8.049650430679321,,,,,,,,,,,,,,,,,,,15.620753347873688,-0.6860181987285614,-0.3394257988442074,0.3070370013063604,0.032388797537847,1.0,5.594590255641725e-06,0.8158038707513654,0.002854413291567729,0.9821158705297208,0.9870898801797242,0.8157982761611098,0.0,0.0,0.0
smollm2-360m,toolshed,toolshed-0008-s1-drop_arg-0,-4.233094751834869,-13.619533836841583,,,-22.502411603927612,-16.643782377243042,-2.475826859474182,-11.5146005153656,,,,,,,,,,,,,,,,,-4.109664440155029,-14.24475359916687,,,-22.164061784744263,-18.188311874866486,-6.097681820392609,-11.878821671009064,-2.482158601284027,-10.415586709976196,True,False,,,False,False,False,False,,,,,,,,,,,,,,,,,False,False,,,False,False,False,False,False,False,31.0,44.0,,,44.0,44.0,31.0,44.0,,,,,,,,,,,,,,,,,31.0,44.0,,,44.0,44.0,31.0,44.0,31.0,44.0,714.0,,745.0,,,,,,,,,734.0,,686.0,736.0,-3.6218549609184265,-3.6218549609184265,1.9880173802375793,1.6338375806808472,,,0.006331741809844971,-1.8645870685577393,-1.7572678923606873,0.36422115564346313,-1.7407121658325195,-5.781139850616455,-9.038773655891418,-9.386439085006714,-3.2576338052749634,,,,,,,,,,,,,,,,,,,3.6155232191085815,0.006331741809844971,-0.1168340309973686,0.06412959291088965,0.05270443808647894,1.0,0.9969186104120455,0.9998805929511076,0.9999161535103332,0.9999603384685574,0.9996415733780273,0.0029619825390621024,0.0,0.0,1.0
smollm2-360m,toolshed,toolshed-0008-s1-type_swap-3,-15.38369596004486,-13.435970664024353,,,-2.2762613892555237,-12.754018306732178,-2.7826871275901794,-3.017408072948456,,,,,,,,,,,,,,,,,-4.373471260070801,-9.967755317687988,,,-6.097681820392609,-22.164061784744263,-14.161568939685822,-11.878821671009064,-2.454733371734619,-6.248130679130554,False,False,,,False,False,True,False,,,,,,,,,,,,,,,,,False,False,,,False,False,False,False,False,False,44.0,44.0,,,31.0,44.0,44.0,44.0,,,,,,,,,,,,,,,,,44.0,44.0,,,31.0,44.0,44.0,44.0,44.0,44.0,715.0,,766.0,,,,,,,,,747.0,,686.0,749.0,-11.378881812095642,-11.378881812095642,9.78809767961502,1.5907841324806213,,,-0.3279537558555603,1.2221270203590393,-12.601008832454681,8.861413598060608,-1.5571489930152893,2.282747268676758,-0.23472094535827637,1.9477252960205078,-2.517468214035034,,,,,,,,,,,,,,,,,,,11.706835567951202,-0.3279537558555603,-0.25861095027490094,0.22245676544579593,0.036154184829105034,1.0,0.0003136347845425795,0.28983929123127417,0.12480160339977431,0.99629471914958,0.9779769680551966,0.28952565644673156,0.0,1.0,0.0
smollm2-360m,toolshed,toolshed-0009-s0-hallucinated_entity-2,-14.836845874786377,-10.152377128601074,,,-15.434213399887085,-19.87707495689392,-4.586496353149414,-9.68968653678894,,,,,,,,,,,,,,,,,-3.4219781160354614,-6.964352488517761,,,-10.954868793487549,-13.854048728942871,-16.358020782470703,-7.4248175621032715,-2.2773434817790985,-8.31571626663208,False,False,,,False,False,False,False,,,,,,,,,,,,,,,,,True,False,,,False,False,False,False,True,False,10.0,9.0,,,8.0,11.0,10.0,9.0,,,,,,,,,,,,,,,,,10.0,9.0,,,8.0,11.0,10.0,9.0,10.0,9.0,638.0,,653.0,,,,,,,,,638.0,,611.0,668.0,-11.771524429321289,-11.771524429321289,12.936042666435242,-1.1645182371139526,,,-2.3091528713703156,-1.5211749076843262,-10.250349521636963,-2.264868974685669,-2.7275595664978027,8.933203220367432,-5.103190183639526,4.684468746185303,-14.036393404006958,,,,,,,,,,,,,,,,,,,14.080677300691605,-2.3091528713703156,-1.177152442932129,1.2936042666435241,-0.11645182371139526,1.0,0.00012796164465860908,0.9939399426661241,0.009153087902200357,0.9718696977505858,0.9976202393928547,0.9938119810214655,0.0,0.0,0.0
smollm2-360m,toolshed,toolshed-0009-s1-drop_arg-0,-14.677679061889648,-19.369319915771484,,,-19.652246475219727,-16.57050383090973,-3.0687872171401978,-8.426441311836243,,,,,,,,,,,,,,,,,-3.9447011947631836,-17.419819116592407,,,-34.01031494140625,-29.138036727905273,-22.666324615478516,-27.460420608520508,-2.997025430202484,-16.245896100997925,False,False,,,False,False,False,False,,,,,,,,,,,,,,,,,False,False,,,False,False,False,False,False,False,13.0,26.0,,,26.0,28.0,13.0,26.0,,,,,,,,,,,,,,,,,13.0,26.0,,,26.0,28.0,13.0,26.0,13.0,26.0,725.0,,736.0,,,,,,,,,727.0,,697.0,735.0,-19.597537398338318,-19.597537398338318,18.721623420715332,0.8759139776229858,,,-0.07176178693771362,-7.988645553588867,-11.60889184474945,19.033979296684265,8.091100692749023,-4.794095993041992,-5.357654094696045,-4.691640853881836,-0.5635581016540527,,,,,,,,,,,,,,,,,,,19.66929918527603,-0.07176178693771362,-1.5075028767952552,1.440124878516564,0.06737799827869122,1.0,0.9902589266817593,0.9953087333825931,0.9909117296956829,0.9999985945026434,0.9999982376676603,0.00504980670083377,0.0,0.0,0.0
smollm2-360m,toolshed,toolshed-0009-s1-readonly_target-3,-36.9626088142395,-19.849138736724854,,,-16.336507081985474,-22.952651023864746,-3.1053311824798584,-14.462012529373169,,,,,,,,,,,,,,,,,-6.421366214752197,-17.977584838867188,,,-22.66632080078125,-34.010329246520996,-50.60114860534668,-27.46042823791504,-3.0639654397964478,-16.726587891578674,False,False,,,False,False,False,False,,,,,,,,,,,,,,,,,False,False,,,False,False,False,False,True,False,25.0,26.0,,,13.0,26.0,25.0,26.0,,,,,,,,,,,,,,,,,25.0,26.0,,,13.0,26.0,25.0,26.0,25.0,26.0,726.0,,755.0,,,,,,,,,739.0,,697.0,747.0,-47.49581742286682,-47.49581742286682,44.17978239059448,3.316035032272339,,,-0.041365742683410645,-13.638539791107178,-33.857277631759644,12.99841570854187,7.6112895011901855,23.14072036743164,-11.35668134689331,17.11347007751465,-34.49740171432495,,,,,,,,,,,,,,,,,,,47.53718316555023,-0.041365742683410645,-1.8998326969146728,1.7671912956237792,0.13264140129089355,1.0,7.31935606463025e-13,0.9999865128679633,3.695850225221153e-08,0.9999904237855973,0.9999988348067642,0.9999865128672313,0.0,0.0,0.0
smollm2-360m,toolshed,toolshed-0010-s1-date_format-3,-16.064599633216858,-4.806014657020569,,,-4.701747238636017,-22.501503944396973,-1.6397636532783508,-5.216412842273712,,,,,,,,,,,,,,,,,-6.048007130622864,-11.135525226593018,,,-11.449158430099487,-19.475661277770996,-19.749098539352417,-6.429168939590454,-3.334120362997055,-6.960930347442627,False,False,,,False,False,True,False,,,,,,,,,,,,,,,,,False,False,,,False,False,False,False,False,False,29.0,29.0,,,16.0,29.0,29.0,29.0,,,,,,,,,,,,,,,,,29.0,29.0,,,16.0,29.0,29.0,29.0,29.0,29.0,688.0,,735.0,,,,,,,,,705.0,,659.0,715.0,-18.109334886074066,-18.109334886074066,13.701091408729553,4.408243477344513,,,1.6943567097187042,-3.684498906135559,-14.424835979938507,1.212756097316742,1.6231542825698853,13.319929599761963,-3.5766491889953613,11.258584976196289,-16.896578788757324,,,,,,,,,,,,,,,,,,,16.414978176355362,1.6943567097187042,-0.6244598236577265,0.472451427887226,0.15200839577050046,1.0,1.630675429154096e-06,0.9304367836937454,1.2895941967854488e-05,0.9938645536056969,0.9740883664319033,0.9304351530183163,0.0,1.0,0.0
smollm2-360m,toolshed,toolshed-0010-s1-tool_typo-1,-6.957739591598511,-7.203291416168213,,,-5.075636088848114,-13.535242736339569,-2.0264309644699097,-1.2982941567897797,,,,,,,,,,,,,,,,,-7.2446528673172,-5.604121446609497,,,-11.44916319847107,-14.053047895431519,-19.475640296936035,-6.429165601730347,-6.746875286102295,-2.46985399723053,False,False,,,False,False,False,True,,,,,,,,,,,,,,,,,False,False,,,False,False,False,False,False,False,29.0,29.0,,,16.0,29.0,29.0,29.0,,,,,,,,,,,,,,,,,29.0,29.0,,,16.0,29.0,29.0,29.0,29.0,29.0,686.0,,722.0,,,,,,,,,705.0,,659.0,703.0,-17.449209332466125,-17.449209332466125,12.230987429618835,5.21822190284729,,,4.720444321632385,-12.517900705337524,-4.931308627128601,5.130871444940567,-0.7741258144378662,13.046474695205688,0.72813680768013,-0.24555182456970215,-12.318337887525558,,,,,,,,,,,,,,,,,,,12.72876501083374,4.720444321632385,-0.6016968735333147,0.4217581872282357,0.17993868630507898,1.0,2.142483295854048e-06,0.32065417987764094,0.5610813522247096,0.16239276504670283,0.013693832273732373,0.3206520373943451,0.0,0.0,0.0
smollm2-360m,toolshed,toolshed-0011-s0-hallucinated_entity-4,-21.303478479385376,-11.292980432510376,,,-5.872062921524048,-21.406759023666382,-1.86768040060997,-9.885925054550171,,,,,,,,,,,,,,,,,-4.133248448371887,-7.311708927154541,,,-16.0869300365448,-14.150548696517944,-17.882047414779663,-7.542927026748657,-8.502204418182373,-10.954399108886719,False,False,,,False,False,True,False,,,,,,,,,,,,,,,,,False,False,,,False,False,False,False,False,False,21.0,21.0,,,15.0,21.0,21.0,21.0,,,,,,,,,,,,,,,,,21.0,21.0,,,15.0,21.0,21.0,21.0,21.0,21.0,638.0,,661.0,,,,,,,,,648.0,,610.0,653.0,-16.014367014169693,-16.014367014169693,13.748798966407776,2.265568047761917,,,6.634524017572403,3.421431064605713,-19.435798078775406,-2.3429980278015137,-3.7500534057617188,10.339120388031006,-8.0182446539402,10.010498046875,-18.357365041971207,,,,,,,,,,,,,,,,,,,9.37984299659729,6.634524017572403,-0.762588905436652,0.6547047126860845,0.10788419275056749,1.0,3.2291832065746076e-05,0.9817734284893966,4.492379394241519e-05,0.9600156123792528,0.9207217962393343,0.9817411366573309,0.0,1.0,0.0
smollm2-360m,toolshed,toolshed-0011-s0-type_swap-3,-16.092174530029297,-10.883862018585205,,,-9.92700719833374,-15.157594203948975,-1.3628383874893188,-5.054901599884033,,,,,,,,,,,,,,,,,-4.342652976512909,-7.482847452163696,,,-16.086918830871582,-14.150543212890625,-13.748433113098145,-7.542924404144287,-9.765297770500183,-11.62175166606903,False,False,,,False,False,True,False,,,,,,,,,,,,,,,,,False,False,,,False,False,False,False,False,False,21.0,21.0,,,15.0,21.0,21.0,21.0,,,,,,,,,,,,,,,,,21.0,21.0,,,15.0,21.0,21.0,21.0,21.0,21.0,639.0,,663.0,,,,,,,,,648.0,,610.0,653.0,-12.385594725608826,-12.385594725608826,9.405780136585236,2.97981458902359,,,8.402459383010864,2.3437414169311523,-14.729336142539978,2.488022804260254,-3.340937614440918,6.205508708953857,-3.6920632123947144,5.208312511444092,-9.897571921348572,,,,,,,,,,,,,,,,,,,3.9831353425979614,8.402459383010864,-0.5897902250289917,0.44789429221834454,0.14189593281064714,1.0,0.002011116150671855,0.9755028069986227,0.0054411301124972535,0.9585206135154648,0.8648830850354824,0.9734916908479508,0.0,1.0,0.0
smollm2-360m,toolshed,toolshed-0011-s1-arg_typo-2,-20.32300043106079,-17.001959323883057,,,-4.394419491291046,-15.384230136871338,-2.638761579990387,-4.032424747943878,,,,,,,,,,,,,,,,,-5.029605150222778,-12.245346307754517,,,-23.07468843460083,-25.503189086914062,-23.135000705718994,-20.782164096832275,-4.706535339355469,-12.993314981460571,False,False,,,False,False,True,False,,,,,,,,,,,,,,,,,False,False,,,False,False,False,False,False,False,24.0,22.0,,,12.0,22.0,24.0,22.0,,,,,,,,,,,,,,,,,24.0,22.0,,,12.0,22.0,24.0,22.0,24.0,22.0,682.0,,713.0,,,,,,,,,694.0,,653.0,701.0,-20.496239125728607,-20.496239125728607,18.105395555496216,2.3908435702323914,,,2.067773759365082,-2.812000274658203,-17.684238851070404,16.749739348888397,3.7802047729492188,2.3528366088867188,-1.3936631679534912,3.3210411071777344,-3.74649977684021,,,,,,,,,,,,,,,,,,,18.428465366363525,2.067773759365082,-0.8540099635720253,0.754391481479009,0.09961848209301631,1.0,0.07891928673360314,0.7037490791971877,0.034856367261693236,0.9992656140229728,0.9997482392772759,0.6248297924635845,0.0,1.0,0.0
smollm2-360m,toolshed,toolshed-0012-s0-hallucinated_entity-2,-21.855353355407715,-9.282843828201294,,,-6.893860340118408,-14.097182273864746,-4.538309097290039,-2.856204390525818,,,,,,,,,,,,,,,,,-4.325919032096863,-6.771704912185669,,,-15.661149978637695,-20.190170288085938,-25.03469753265381,-11.028352499008179,-3.5542825758457184,-7.935427665710449,False,False,,,False,False,False,False,,,,,,,,,,,,,,,,,False,False,,,False,False,False,False,False,False,11.0,12.0,,,13.0,14.0,11.0,12.0,,,,,,,,,,,,,,,,,11.0,12.0,,,13.0,14.0,11.0,12.0,11.0,12.0,640.0,,663.0,,,,,,,,,642.0,,614.0,670.0,-20.49638843536377,-20.49638843536377,20.708778500556946,-0.21239006519317627,,,-0.9840265214443207,-3.1793441772460938,-17.317044258117676,8.17214810848236,1.7455086708068848,14.00634503364563,1.6821047067642212,12.572509527206421,-12.324240326881409,,,,,,,,,,,,,,,,,,,21.48041495680809,-0.9840265214443207,-1.8633080395785244,1.8826162273233586,-0.019308187744834206,1.0,8.182235018811783e-07,0.15451717273344787,3.4659874304732838e-06,0.920252733695289,0.9876435674576249,0.154516354509946,0.0,0.0,0.0
smollm2-360m,toolshed,toolshed-0012-s1-arg_typo-1,-8.13623571395874,-4.3241236209869385,,,-10.144096851348877,-26.469797611236572,-2.4073712825775146,-3.1987411975860596,,,,,,,,,,,,,,,,,-4.064674973487854,-9.780436515808105,,,-14.0556058883667,-26.13697910308838,-10.89919137954712,-6.977018356323242,-4.118602395057678,-11.521873474121094,False,False,,,False,False,True,False,,,,,,,,,,,,,,,,,False,False,,,False,False,False,False,False,False,15.0,13.0,,,13.0,15.0,15.0,13.0,,,,,,,,,,,,,,,,,15.0,13.0,,,13.0,15.0,15.0,13.0,15.0,13.0,700.0,,722.0,,,,,,,,,703.0,,671.0,708.0,-8.491820096969604,-8.491820096969604,6.834516406059265,1.6573036909103394,,,1.7112311124801636,-2.762955665588379,-5.728864431381226,3.7782771587371826,2.6528947353363037,3.922173023223877,-0.7913699150085449,3.8121120929718018,-4.713542938232422,,,,,,,,,,,,,,,,,,,6.780588984489441,1.7112311124801636,-0.5661213397979736,0.4556344270706177,0.11048691272735596,1.0,0.019397639826000325,0.6879187749495101,0.021623537785701995,0.9967171711416799,0.9993911143959088,0.6685211351235099,0.0,1.0,0.0
smollm2-360m,toolshed,toolshed-0012-s2-name_for_email-3,-25.4394371509552,-24.160945177078247,,,-9.992505073547363,-15.96025276184082,-6.793905258178711,-8.88340950012207,,,,,,,,,,,,,,,,,-10.844157695770264,-19.271239757537842,,,-21.655832767486572,-29.10320520401001,-26.596237659454346,-25.054007053375244,-6.621607303619385,-12.52170181274414,False,False,,,False,False,False,False,,,,,,,,,,,,,,,,,False,False,,,False,False,False,False,False,False,26.0,31.0,,,22.0,31.0,26.0,31.0,,,,,,,,,,,,,,,,,26.0,31.0,,,22.0,31.0,26.0,31.0,26.0,31.0,731.0,,766.0,,,,,,,,,746.0,,703.0,749.0,-19.802332401275635,-19.802332401275635,15.752079963684082,4.050252437591553,,,-0.17229795455932617,-1.1568005084991455,-18.64553189277649,16.170597553253174,0.8930618762969971,1.5422306060791016,-2.0895042419433594,1.2784919738769531,-3.631734848022461,,,,,,,,,,,,,,,,,,,19.97463035583496,-0.17229795455932617,-0.7616281692798321,0.6058492293724647,0.1557789399073674,1.0,0.006868916194906243,0.858610625534994,0.21780703232316678,0.9997811887117255,0.9972682967147295,0.8517417093400877,0.0,0.0,0.0
smollm2-360m,toolshed,toolshed-0013-s1-arg_typo-1,-7.2566978931427,-5.471966981887817,,,-7.862741708755493,-13.177063345909119,-2.267948269844055,-2.9022793769836426,,,,,,,,,,,,,,,,,-6.4715646505355835,-7.162764072418213,,,-4.302099645137787,-18.510167360305786,-7.1842029094696045,-4.797744274139404,-2.826874762773514,-6.009223222732544,False,False,,,False,False,True,False,,,,,,,,,,,,,,,,,False,False,,,False,False,False,False,False,False,11.0,13.0,,,13.0,13.0,11.0,13.0,,,,,,,,,,,,,,,,,11.0,13.0,,,13.0,13.0,11.0,13.0,11.0,13.0,733.0,,751.0,,,,,,,,,732.0,,704.0,734.0,-4.916254639625549,-4.916254639625549,0.712638258934021,4.203616380691528,,,0.5589264929294586,0.0724949836730957,-4.988749623298645,1.8954648971557617,-0.6742227077484131,2.3864586353302,-0.6343311071395874,1.7847309112548828,-3.0207897424697876,,,,,,,,,,,,,,,,,,,4.357328146696091,0.5589264929294586,-0.44693223996595904,0.06478529626672919,0.38214694369922986,1.0,0.033639784564994946,0.6518796312852325,0.14371994486201753,0.6662336909865686,0.9601645883748857,0.6182398467202376,0.0,1.0,0.0
smollm2-360m,toolshed,toolshed-0014-s1-arg_typo-2,-13.640812397003174,-6.828170299530029,,,-6.213179558515549,-14.436986446380615,-3.3841921985149384,-4.937767952680588,,,,,,,,,,,,,,,,,-4.037617206573486,-7.9367356300354,,,-5.200949549674988,-18.14950132369995,-13.490054488182068,-6.328860640525818,-2.3589730262756348,-6.657465934753418,False,False,,,False,False,False,False,,,,,,,,,,,,,,,,,False,False,,,False,False,False,False,False,False,44.0,44.0,,,31.0,44.0,44.0,44.0,,,,,,,,,,,,,,,,,44.0,44.0,,,31.0,44.0,44.0,44.0,44.0,44.0,710.0,,759.0,,,,,,,,,742.0,,681.0,744.0,-10.10586228966713,-10.10586228966713,9.452437281608582,0.653425008058548,,,-1.0252191722393036,0.15075790882110596,-10.256620198488235,1.39109268784523,-0.4993096590042114,7.16119384765625,-1.5535757541656494,6.8126420974731445,-8.7147696018219,,,,,,,,,,,,,,,,,,,11.131081461906433,-1.0252191722393036,-0.22967868840152567,0.21482812003655868,0.014850568364966999,1.0,0.00018976312531745449,0.7870428393948213,0.001098575128612563,0.980142543280809,0.9865931623423463,0.7868530762695038,0.0,0.0,0.0
smollm2-360m,toolshed,toolshed-0014-s1-date_format-4,-15.826577186584473,-6.649301528930664,,,-9.18207561969757,-17.98251724243164,-2.526935338973999,-8.280899167060852,,,,,,,,,,,,,,,,,-3.8001315593719482,-12.116222381591797,,,-5.2009387612342834,-18.14950466156006,-16.43400102853775,-6.328857004642487,-2.1563126742839813,-10.455188274383545,False,False,,,False,False,True,False,,,,,,,,,,,,,,,,,False,False,,,False,False,False,False,False,False,44.0,44.0,,,31.0,44.0,44.0,44.0,,,,,,,,,,,,,,,,,44.0,44.0,,,31.0,44.0,44.0,44.0,44.0,44.0,709.0,,771.0,,,,,,,,,742.0,,681.0,744.0,-13.907065689563751,-13.907065689563751,12.633869469165802,1.2731962203979492,,,-0.3706226646900177,-0.6074238419532776,-13.299641847610474,-1.9520421624183655,-0.3204445242881775,10.105144023895264,-5.753963828086853,9.177275657653809,-15.859107851982117,,,,,,,,,,,,,,,,,,,14.277688354253769,-0.3706226646900177,-0.3160696747628125,0.2871333970264955,0.028936277736317028,1.0,9.994158704732342e-06,0.9955620122616683,0.00010335106014715045,0.9997555098026056,0.9997512654677009,0.9955520181029636,0.0,1.0,0.0
smollm2-360m,toolshed,toolshed-0014-s1-hallucinated_entity-5,-21.350702047348022,-6.738355875015259,,,-6.489456534385681,-19.7005558013916,-6.905979037284851,-11.239560961723328,,,,,,,,,,,,,,,,,-3.6161131262779236,-7.90134859085083,,,-5.2009387612342834,-18.14950466156006,-21.402796804904938,-6.328857004642487,-2.241720050573349,-6.412569284439087,False,False,,,False,False,False,False,,,,,,,,,,,,,,,,,False,False,,,False,False,False,False,False,False,45.0,44.0,,,31.0,44.0,45.0,44.0,,,,,,,,,,,,,,,,,45.0,44.0,,,31.0,44.0,45.0,44.0,45.0,44.0,708.0,,777.0,,,,,,,,,743.0,,681.0,745.0,-14.496817767620087,-14.496817767620087,17.786683678627014,-3.2898659110069275,,,-4.664258986711502,-0.05209475755691528,-14.444723010063171,-4.910703957080841,-0.4094988703727722,15.073939800262451,-4.333581924438477,14.612346172332764,-19.407521724700928,,,,,,,,,,,,,,,,,,,19.16107675433159,-4.664258986711502,-0.32215150594711306,0.39525963730282254,-0.0731081313557095,1.0,6.94752254131817e-08,0.3952879505250896,4.50752863072691e-07,0.9864166689099753,0.984795599798831,0.3952878810498642,0.0,0.0,0.0
smollm2-360m,toolshed,toolshed-0015-s1-drop_arg-0,-15.179386138916016,-19.887258529663086,,,-19.894843101501465,-16.99254536628723,-2.8894708156585693,-8.955424070358276,,,,,,,,,,,,,,,,,-4.253835439682007,-17.585520029067993,,,-32.56333255767822,-28.144115924835205,-22.30443048477173,-26.534332752227783,-2.9531038105487823,-15.665461301803589,False,False,,,False,False,False,False,,,,,,,,,,,,,,,,,False,False,,,False,False,False,False,False,False,13.0,27.0,,,27.0,29.0,13.0,27.0,,,,,,,,,,,,,,,,,13.0,27.0,,,27.0,29.0,13.0,27.0,13.0,27.0,728.0,,739.0,,,,,,,,,730.0,,700.0,738.0,-19.41495966911316,-19.41495966911316,18.05059504508972,1.3643646240234375,,,0.06363299489021301,-7.125044345855713,-12.289915323257446,17.578908681869507,6.647074222564697,-4.229902267456055,-6.065953254699707,-4.70787239074707,-1.8360509872436523,,,,,,,,,,,,,,,,,,,19.351326674222946,0.06363299489021301,-1.4934584360856276,1.3885073111607478,0.1049511249248798,1.0,0.9828023207858442,0.9976840399660927,0.9910567469019904,0.9999983777333364,0.9999969863557732,0.014881719180248498,0.0,0.0,0.0
smollm2-360m,toolshed,toolshed-0016-s0-tool_typo-0,-14.973018169403076,-25.258038997650146,,,-15.134977340698242,-19.454849243164062,-3.466634213924408,-9.210166215896606,,,,,,,,,,,,,,,,,-9.622162342071533,-8.779089450836182,,,-21.28312873840332,-41.753963470458984,-16.09282875061035,-18.238550186157227,-5.541886210441589,-7.8852167427539825,False,False,,,False,False,False,False,,,,,,,,,,,,,,,,,False,False,,,False,False,False,False,False,False,12.0,12.0,,,14.0,15.0,12.0,12.0,,,,,,,,,,,,,,,,,12.0,12.0,,,14.0,15.0,12.0,12.0,12.0,12.0,649.0,,667.0,,,,,,,,,652.0,,623.0,650.0,-12.626194536685944,-12.626194536685944,6.470666408538818,6.155528128147125,,,2.0752519965171814,-1.1198105812072754,-11.506383955478668,9.02838397026062,-7.01948881149292,-2.145721435546875,-5.7435320019721985,-10.28502082824707,-3.5978105664253235,,,,,,,,,,,,,,,,,,,10.550942540168762,2.0752519965171814,-1.052182878057162,0.5392222007115682,0.5129606773455938,1.0,0.8908257848681825,0.99679817642285,0.999965860482318,0.30088799254919896,0.9124026407145599,0.10597239155466742,0.0,0.0,0.0
smollm2-360m,toolshed,toolshed-0016-s1-arg_typo-2,-13.738933324813843,-5.409308433532715,,,-2.149285465478897,-19.432174682617188,-2.8988716900348663,-1.9622997343540192,,,,,,,,,,,,,,,,,-8.069291353225708,-16.92428684234619,,,-9.230859279632568,-18.229110717773438,-13.442122459411621,-5.384127140045166,-3.098369061946869,-7.945955753326416,False,False,,,False,False,False,True,,,,,,,,,,,,,,,,,False,False,,,False,False,False,False,False,False,28.0,28.0,,,15.0,28.0,28.0,28.0,,,,,,,,,,,,,,,,,28.0,28.0,,,15.0,28.0,28.0,28.0,28.0,28.0,685.0,,718.0,,,,,,,,,700.0,,655.0,711.0,-10.543250769376755,-10.543250769376755,5.372831106185913,5.170419663190842,,,0.19949737191200256,0.2968108654022217,-10.840061634778976,3.421827405691147,-0.025181293487548828,8.057995319366455,0.9365719556808472,8.329624891281128,-7.121423363685608,,,,,,,,,,,,,,,,,,,10.343753397464752,0.19949737191200256,-0.3765446703348841,0.19188682522092546,0.18465784511395864,1.0,0.00030984682914001827,0.17644946574775844,0.0002412043340174166,0.9998573530906072,0.9922138078732241,0.17613961891861843,0.0,0.0,0.0
smollm2-360m,toolshed,toolshed-0016-s1-tool_typo-1,-7.445556879043579,-7.016419887542725,,,-4.454695820808411,-13.72922146320343,-1.7226776778697968,-1.359358698129654,,,,,,,,,,,,,,,,,-8.12932300567627,-6.6129584312438965,,,-9.230860948562622,-13.442126989364624,-18.229120016098022,-5.384127378463745,-6.193437099456787,-2.484833300113678,False,False,,,False,False,False,True,,,,,,,,,,,,,,,,,False,False,,,False,False,False,False,False,False,28.0,28.0,,,15.0,28.0,28.0,28.0,,,,,,,,,,,,,,,,,28.0,28.0,,,15.0,28.0,28.0,28.0,28.0,28.0,682.0,,717.0,,,,,,,,,700.0,,655.0,698.0,-16.506442338228226,-16.506442338228226,10.099797010421753,6.406645327806473,,,4.47075942158699,-10.783563137054443,-5.722879201173782,4.024768680334091,-1.6322925090789795,12.844992637634277,0.3633189797401428,0.4291369915008545,-12.481673657894135,,,,,,,,,,,,,,,,,,,12.035682916641235,4.47075942158699,-0.5895157977938652,0.3607070360864912,0.22880876170737402,1.0,2.583333938103106e-06,0.399490503588854,0.39433242884739345,0.17999747825829857,0.02392527301765532,0.3994879202549159,0.0,0.0,0.0
smollm2-360m,toolshed,toolshed-0017-s0-drop_arg-0,-19.353505849838257,-11.19290280342102,,,-15.89823591709137,-14.524737000465393,-2.588088274002075,-4.575343489646912,,,,,,,,,,,,,,,,,-3.22035413980484,-6.303616523742676,,,-14.581819534301758,-15.898943901062012,-18.03708553314209,-8.298831939697266,-7.128211975097656,-10.096907615661621,False,False,,,False,False,True,False,,,,,,,,,,,,,,,,,False,False,,,False,False,False,False,False,False,15.0,21.0,,,21.0,21.0,15.0,21.0,,,,,,,,,,,,,,,,,15.0,21.0,,,21.0,21.0,15.0,21.0,15.0,21.0,638.0,,653.0,,,,,,,,,642.0,,610.0,647.0,-15.448997259140015,-15.448997259140015,14.81673139333725,0.6322658658027649,,,4.540123701095581,1.316420316696167,-16.76541757583618,3.723488450050354,-2.894070863723755,9.738253593444824,-1.9872552156448364,8.160603046417236,-11.72550880908966,,,,,,,,,,,,,,,,,,,10.908873558044434,4.540123701095581,-1.0299331506093343,0.98778209288915,0.04215105772018433,1.0,5.884063658232166e-05,0.8794461049085122,0.00028560846297454013,0.9561970307161424,0.9511396951950423,0.8793872642719298,0.0,1.0,0.0
smollm2-360m,toolshed,toolshed-0017-s0-type_swap-3,-17.804407358169556,-11.45021367073059,,,-8.673224985599518,-14.357711374759674,-1.3464385271072388,-3.827050507068634,,,,,,,,,,,,,,,,,-3.385568767786026,-6.393791675567627,,,-18.03709840774536,-14.581824779510498,-16.398844242095947,-8.29884386062622,-9.311689257621765,-10.333351016044617,False,False,,,False,False,True,False,,,,,,,,,,,,,,,,,False,False,,,False,False,False,False,False,False,21.0,21.0,,,15.0,21.0,21.0,21.0,,,,,,,,,,,,,,,,,21.0,21.0,,,15.0,21.0,21.0,21.0,21.0,21.0,639.0,,663.0,,,,,,,,,648.0,,610.0,653.0,-15.052405714988708,-15.052405714988708,13.013275474309921,2.0391302406787872,,,7.965250730514526,1.4055631160736084,-16.457968831062317,4.471793353557587,-3.15136981010437,8.100000381469727,-2.4806119799613953,6.354193687438965,-10.580612361431122,,,,,,,,,,,,,,,,,,,7.087154984474182,7.965250730514526,-0.7167812245232719,0.6196797844909486,0.0971014400323232,1.0,0.0003028635315569714,0.9222098380264174,0.001736416775450729,0.9529442309106378,0.7352961634468831,0.9219069744948605,0.0,1.0,0.0
smollm2-360m,toolshed,toolshed-0017-s1-drop_arg-0,-14.157386302947998,-15.389742374420166,,,-15.022816181182861,-14.60455858707428,-2.838762044906616,-6.467640519142151,,,,,,,,,,,,,,,,,-2.959151029586792,-12.061001062393188,,,-25.959542274475098,-23.220088005065918,-21.99855899810791,-21.205676078796387,-2.513030305504799,-10.852180242538452,False,False,,,False,False,False,False,,,,,,,,,,,,,,,,,True,False,,,False,False,False,False,False,False,12.0,23.0,,,23.0,25.0,12.0,23.0,,,,,,,,,,,,,,,,,12.0,23.0,,,23.0,25.0,12.0,23.0,12.0,23.0,682.0,,692.0,,,,,,,,,683.0,,654.0,690.0,-19.159796953201294,-19.159796953201294,19.039407968521118,0.12038898468017578,,,-0.3257317394018173,-7.841172695159912,-11.318624258041382,14.738035559654236,5.815933704376221,0.7928829193115234,-3.6288784742355347,-1.232356071472168,-4.421761393547058,,,,,,,,,,,,,,,,,,,19.48552869260311,-0.3257317394018173,-1.596649746100108,1.5866173307100933,0.010032415390014648,1.0,0.2838021655670918,0.9741283049372161,0.77423067582955,0.9998885530077584,0.9997610816948409,0.6903261393701243,0.0,0.0,0.0
smollm2-360m,toolshed,toolshed-0018-s2-arg_typo-2,-31.344249486923218,-24.777278661727905,,,-8.189921498298645,-13.684187531471252,-4.9763065576553345,-8.932188153266907,,,,,,,,,,,,,,,,,-10.637481689453125,-15.26999568939209,,,-32.4121356010437,-38.95167303085327,-35.18019437789917,-31.109559535980225,-4.794877767562866,-8.567993640899658,False,False,,,False,False,False,False,,,,,,,,,,,,,,,,,False,False,,,False,False,False,False,False,False,34.0,33.0,,,22.0,33.0,34.0,33.0,,,,,,,,,,,,,,,,,34.0,33.0,,,22.0,33.0,34.0,33.0,34.0,33.0,737.0,,777.0,,,,,,,,,759.0,,708.0,768.0,-30.203887820243835,-30.203887820243835,24.542712688446045,5.6611751317977905,,,-0.18142879009246826,-3.835944890975952,-26.367942929267883,22.177371382713318,6.332280874252319,4.070634841918945,-3.9558815956115723,6.5669708251953125,-8.026516437530518,,,,,,,,,,,,,,,,,,,30.385316610336304,-0.18142879009246826,-0.8883496417718775,0.7218444908366484,0.16650515093522913,1.0,0.013237169427301243,0.9438253519388612,0.001404075938245355,0.9903634992808026,0.9775358854015501,0.93058818251156,0.0,0.0,0.0
smollm2-360m,toolshed,toolshed-0018-s2-name_for_email-3,-24.621244311332703,-24.39424502849579,,,-16.63867712020874,-22.16521406173706,-7.6608569622039795,-15.45698881149292,,,,,,,,,,,,,,,,,-12.19660758972168,-19.388179779052734,,,-32.412121295928955,-38.951672077178955,-30.806217670440674,-31.10954713821411,-5.042586803436279,-11.933244943618774,False,False,,,False,False,False,False,,,,,,,,,,,,,,,,,False,False,,,False,False,False,False,False,False,28.0,33.0,,,22.0,33.0,28.0,33.0,,,,,,,,,,,,,,,,,28.0,33.0,,,22.0,33.0,28.0,33.0,28.0,33.0,736.0,,773.0,,,,,,,,,753.0,,708.0,757.0,-23.145360708236694,-23.145360708236694,18.609610080718994,4.5357506275177,,,-2.6182701587677,-6.184973359107971,-16.960387349128723,15.652558326721191,6.715302109718323,-0.3033294677734375,-7.79613184928894,0.22699928283691406,-7.492802381515503,,,,,,,,,,,,,,,,,,,25.763630867004395,-2.6182701587677,-0.8266200252941677,0.6646289314542498,0.16199109383991786,1.0,0.5156356319909995,0.9994622865762369,0.44349261703729614,0.9992476619575771,0.9989837896026629,0.48382665458523744,0.0,0.0,0.0
smollm2-360m,toolshed,toolshed-0018-s2-tool_typo-1,-29.861649751663208,-29.815913438796997,,,-5.746351003646851,-9.839863538742065,-5.608947038650513,-3.4113311767578125,,,,,,,,,,,,,,,,,-13.462446212768555,-18.087617874145508,,,-32.412121295928955,-35.18017816543579,-38.951672077178955,-31.10954713821411,-4.695300340652466,-9.26616096496582,False,False,,,False,False,False,False,,,,,,,,,,,,,,,,,False,False,,,False,False,False,False,False,False,33.0,33.0,,,22.0,34.0,33.0,33.0,,,,,,,,,,,,,,,,,33.0,33.0,,,22.0,34.0,33.0,33.0,33.0,33.0,734.0,,773.0,,,,,,,,,758.0,,708.0,756.0,-33.34272503852844,-33.34272503852844,25.4892258644104,7.853499174118042,,,-0.9136466979980469,-9.090022325515747,-24.252702713012695,27.6982159614563,1.2936336994171143,7.842124938964844,2.1976158618927,0.04573631286621094,-5.6445090770721436,,,,,,,,,,,,,,,,,,,34.25637173652649,-0.9136466979980469,-1.0103856072281345,0.7724007837700121,0.2379848234581225,1.0,0.0003046895748582969,0.09183006834489597,0.48856791452683346,0.9902931737702108,0.9897569565208575,0.09152537877003768,0.0,0.0,0.0
smollm2-360m,toolshed,toolshed-0019-s0-tool_typo-0,-11.491755962371826,-7.741997241973877,,,-10.355398178100586,-15.806068420410156,-4.9794957637786865,-2.5118305683135986,,,,,,,,,,,,,,,,,-5.434204578399658,-3.4779703617095947,,,-16.180853605270386,-16.4353129863739,-10.713590383529663,-5.988213777542114,-6.526552438735962,-3.7367873191833496,False,False,,,False,False,False,True,,,,,,,,,,,,,,,,,False,False,,,False,False,False,False,False,False,17.0,17.0,,,17.0,17.0,17.0,17.0,,,,,,,,,,,,,,,,,17.0,17.0,,,17.0,17.0,17.0,17.0,17.0,17.0,638.0,,661.0,,,,,,,,,646.0,,612.0,644.0,-5.734094619750977,-5.734094619750977,5.279385805130005,0.4547088146209717,,,1.5470566749572754,0.7781655788421631,-6.51226019859314,3.4763832092285156,-1.7537834644317627,4.725376605987549,2.467665195465088,3.749758720397949,-2.257711410522461,,,,,,,,,,,,,,,,,,,4.187037944793701,1.5470566749572754,-0.3372996835147633,0.31055210618411794,0.026747577330645395,1.0,0.00878885544945892,0.07812791420679724,0.022982787118300672,0.12387516990164964,0.057879761905565943,0.06933905875733831,0.0,0.0,0.0
smollm2-360m,toolshed,toolshed-0019-s1-arg_typo-1,-7.425470352172852,-5.692440509796143,,,-7.818540811538696,-12.893763542175293,-2.1999223828315735,-2.725938081741333,,,,,,,,,,,,,,,,,-6.41640830039978,-7.143946647644043,,,-4.331982791423798,-18.290318250656128,-7.246483564376831,-4.89769172668457,-2.8734148144721985,-6.054545164108276,False,False,,,False,False,True,False,,,,,,,,,,,,,,,,,False,False,,,False,False,False,False,False,False,11.0,13.0,,,13.0,13.0,11.0,13.0,,,,,,,,,,,,,,,,,11.0,13.0,,,13.0,13.0,11.0,13.0,11.0,13.0,733.0,,751.0,,,,,,,,,732.0,,704.0,734.0,-5.046561181545258,-5.046561181545258,0.8300752639770508,4.216485917568207,,,0.673492431640625,0.1789867877960205,-5.225547969341278,2.1717536449432373,-0.7947487831115723,2.3487918376922607,-0.5260156989097595,1.733029842376709,-2.8748075366020203,,,,,,,,,,,,,,,,,,,4.373068749904633,0.673492431640625,-0.458778289231387,0.07546138763427734,0.3833169015971097,1.0,0.03343080681823391,0.627113700937369,0.1502004398445096,0.6742648475520892,0.9601179712947713,0.593682894119135,0.0,1.0,0.0
smollm2-360m,toolshed,toolshed-0019-s1-hallucinated_entity-2,-15.277955055236816,-5.614382028579712,,,-4.060744285583496,-11.970510959625244,-5.0841145515441895,-3.1861629337072372,,,,,,,,,,,,,,,,,-6.591267347335815,-7.795559406280518,,,-4.331990659236908,-7.246488094329834,-18.290322303771973,-4.897693872451782,-2.3700779527425766,-5.972671985626221,False,False,,,False,False,False,False,,,,,,,,,,,,,,,,,False,False,,,False,False,False,False,False,False,13.0,13.0,,,13.0,11.0,13.0,13.0,,,,,,,,,,,,,,,,,13.0,13.0,,,13.0,11.0,13.0,13.0,13.0,13.0,730.0,,754.0,,,,,,,,,734.0,,704.0,736.0,-13.206207752227783,-13.206207752227783,11.699054956436157,1.507152795791626,,,-2.714036598801613,-3.0123672485351562,-10.193840503692627,1.711530938744545,-0.7166881561279297,13.39262843132019,1.8979516178369522,9.663573026657104,-11.494676813483238,,,,,,,,,,,,,,,,,,,15.920244351029396,-2.714036598801613,-1.0158621347867525,0.8999273043412429,0.11593483044550969,1.0,5.344057629334346e-07,0.0956407727999672,6.355298556438861e-05,0.7692874367770653,0.9734700824715014,0.09564023839420427,0.0,0.0,0.0
smollm2-360m,toolshed,toolshed-0020-s0-tool_typo-0,-9.707707166671753,-11.121973991394043,,,-13.823340654373169,-19.88576912879944,-5.155693292617798,-2.850579559803009,,,,,,,,,,,,,,,,,-6.908989429473877,-5.729822874069214,,,-21.79645347595215,-29.168813705444336,-16.9925274848938,-12.60554313659668,-6.822224378585815,-5.485275387763977,False,False,,,False,False,False,False,,,,,,,,,,,,,,,,,False,False,,,False,False,False,False,False,False,14.0,13.0,,,15.0,11.0,14.0,13.0,,,,,,,,,,,,,,,,,14.0,13.0,,,15.0,11.0,14.0,13.0,14.0,13.0,656.0,,676.0,,,,,,,,,660.0,,629.0,658.0,-11.836834192276001,-11.836834192276001,10.083538055419922,1.753296136856079,,,1.6665310859680176,-7.284820318222046,-4.552013874053955,9.75496357679367,1.4835691452026367,4.386984348297119,2.305113732814789,-1.41426682472229,-2.0818706154823303,,,,,,,,,,,,,,,,,,,10.170303106307983,1.6665310859680176,-0.845488156591143,0.7202527182442802,0.1252354383468628,1.0,0.012284136319665013,0.09069890971324016,0.8044380617406636,0.23520208488213862,0.20801224365794255,0.07841477339357514,0.0,0.0,0.0
smollm2-360m,toolshed,toolshed-0020-s1-hallucinated_entity-5,-20.40030574798584,-6.973949432373047,,,-6.385576248168945,-19.42559242248535,-3.7940940856933594,-9.74026107788086,,,,,,,,,,,,,,,,,-4.3060784339904785,-9.826661586761475,,,-5.439451813697815,-17.169721126556396,-21.3642498254776,-5.909671425819397,-2.4155841171741486,-8.113790512084961,False,False,,,False,False,False,False,,,,,,,,,,,,,,,,,False,False,,,False,False,False,False,False,False,45.0,45.0,,,31.0,45.0,45.0,45.0,,,,,,,,,,,,,,,,,45.0,45.0,,,31.0,45.0,45.0,45.0,45.0,45.0,716.0,,786.0,,,,,,,,,751.0,,689.0,753.0,-17.57015573978424,-17.57015573978424,17.05817139148712,0.5119843482971191,,,-1.3785099685192108,-0.9639440774917603,-16.60621166229248,-3.8305896520614624,-1.06427800655365,15.454578399658203,-5.9461669921875,13.426356315612793,-21.400745391845703,,,,,,,,,,,,,,,,,,,18.94866570830345,-1.3785099685192108,-0.3904479053285387,0.3790704753663805,0.011377429962158203,1.0,7.466698655697929e-08,0.928052764099461,1.4757299763950443e-06,0.9960124515985165,0.9966592259981444,0.9280526894324744,0.0,0.0,0.0
smollm2-360m,toolshed,toolshed-0020-s1-type_swap-3,-12.040364027023315,-6.780079126358032,,,-2.3440717458724976,-12.623023509979248,-3.0236982107162476,-2.948193669319153,,,,,,,,,,,,,,,,,-4.664174258708954,-8.25348448753357,,,-5.439454138278961,-17.16970157623291,-10.866876661777496,-5.90967470407486,-2.686521291732788,-6.026924133300781,False,False,,,False,False,True,False,,,,,,,,,,,,,,,,,False,False,,,False,False,False,False,False,False,45.0,45.0,,,31.0,45.0,45.0,45.0,,,,,,,,,,,,,,,,,45.0,45.0,,,31.0,45.0,45.0,45.0,45.0,45.0,718.0,,770.0,,,,,,,,,751.0,,689.0,753.0,-7.843178451061249,-7.843178451061249,6.2027024030685425,1.6404760479927063,,,-0.3371769189834595,1.173487365245819,-9.016665816307068,2.961481034755707,-0.8704044222831726,4.957201957702637,0.07550454139709473,5.260284900665283,-4.881697416305542,,,,,,,,,,,,,,,,,,,8.180355370044708,-0.3371769189834595,-0.17429285446802775,0.13783783117930096,0.03645502328872681,1.0,0.0026971687356376374,0.24681385179376447,0.0051669883516037894,0.973124847599337,0.9657891548773866,0.24411668305812684,0.0,1.0,0.0
smollm2-360m,toolshed,toolshed-0021-s0-hallucinated_entity-2,-14.102065086364746,-16.912996292114258,,,-18.052741646766663,-22.19878923892975,-4.608578562736511,-12.486887574195862,,,,,,,,,,,,,,,,,-3.1442384719848633,-13.882729768753052,,,-15.02963924407959,-16.33429527282715,-13.5887451171875,-12.53386402130127,-2.3698951303958893,-14.178044080734253,False,False,,,False,False,False,False,,,,,,,,,,,,,,,,,True,False,,,False,False,False,False,True,False,10.0,9.0,,,8.0,11.0,10.0,9.0,,,,,,,,,,,,,,,,,10.0,9.0,,,8.0,11.0,10.0,9.0,10.0,9.0,638.0,,653.0,,,,,,,,,638.0,,611.0,668.0,-8.980166554450989,-8.980166554450989,10.444506645202637,-1.464340090751648,,,-2.238683432340622,0.5133199691772461,-9.493486523628235,0.046976447105407715,-4.379132270812988,1.0548810958862305,-7.878309011459351,-2.8109312057495117,-8.933190107345581,,,,,,,,,,,,,,,,,,,11.21884998679161,-2.238683432340622,-0.8980166554450989,1.0444506645202636,-0.1464340090751648,1.0,0.2396608707498152,0.9996197987916347,0.9432636753973027,0.9999783068277585,0.9999925564032662,0.7599589280418194,0.0,0.0,0.0
smollm2-360m,toolshed,toolshed-0021-s1-drop_arg-0,-13.596395492553711,-16.406458854675293,,,-17.510496616363525,-15.09224545955658,-3.315592408180237,-6.751901030540466,,,,,,,,,,,,,,,,,-3.7477986812591553,-13.60337519645691,,,-31.293424129486084,-25.87287664413452,-20.271499156951904,-24.189067363739014,-2.907836139202118,-13.196811199188232,False,False,,,False,False,False,False,,,,,,,,,,,,,,,,,False,False,,,False,False,False,False,False,False,13.0,26.0,,,26.0,28.0,13.0,26.0,,,,,,,,,,,,,,,,,13.0,26.0,,,26.0,28.0,13.0,26.0,13.0,26.0,730.0,,741.0,,,,,,,,,732.0,,702.0,740.0,-16.955906748771667,-16.955906748771667,16.52370047569275,0.43220627307891846,,,-0.4077562689781189,-6.675103664398193,-10.280803084373474,17.437166333198547,7.782608509063721,-3.9175682067871094,-3.4363086223602295,-2.810063362121582,0.4812595844268799,,,,,,,,,,,,,,,,,,,17.363663017749786,-0.4077562689781189,-1.3043005191362822,1.2710538827455962,0.033246636390686035,1.0,0.9769455352885136,0.968812348410544,0.943217212866845,0.9999475488851407,0.9999659952067504,-0.0081331868779696,0.0,0.0,0.0
smollm2-360m,toolshed,toolshed-0021-s1-readonly_target-3,-34.324403285980225,-17.299252033233643,,,-13.050798654556274,-20.5725736618042,-3.084288239479065,-11.09311032295227,,,,,,,,,,,,,,,,,-5.3091301918029785,-15.840470552444458,,,-20.271506309509277,-31.293437957763672,-47.065707206726074,-24.18908977508545,-3.4546574354171753,-12.720007181167603,False,False,,,False,False,False,False,,,,,,,,,,,,,,,,,False,False,,,False,False,False,False,True,False,25.0,26.0,,,13.0,26.0,25.0,26.0,,,,,,,,,,,,,,,,,25.0,26.0,,,13.0,26.0,25.0,26.0,25.0,26.0,731.0,,760.0,,,,,,,,,744.0,,702.0,752.0,-43.98141896724701,-43.98141896724701,41.756577014923096,2.2248419523239136,,,0.37036919593811035,-12.74130392074585,-31.24011504650116,13.095979452133179,6.889837741851807,22.876617431640625,-8.008822083473206,17.025151252746582,-30.88543951511383,,,,,,,,,,,,,,,,,,,43.6110497713089,0.37036919593811035,-1.7592567586898804,1.6702630805969239,0.08899367809295654,1.0,2.2639482510403174e-12,0.9996206562853444,4.0371114589257456e-08,0.9999733138818467,0.9999053613297401,0.9996206562830804,0.0,0.0,0.0
smollm2-360m,toolshed,toolshed-0022-s0-hallucinated_entity-2,-28.893325805664062,-13.72081708908081,,,-4.540577709674835,-11.23292064666748,-7.399772644042969,-2.9605869501829147,,,,,,,,,,,,,,,,,-6.673976898193359,-8.396685361862183,,,-14.054961204528809,-12.2788667678833,-26.72133731842041,-9.876403331756592,-4.198579579591751,-9.374051809310913,False,False,,,False,False,False,False,,,,,,,,,,,,,,,,,False,False,,,False,False,False,False,False,False,15.0,12.0,,,12.0,14.0,15.0,12.0,,,,,,,,,,,,,,,,,15.0,12.0,,,12.0,14.0,15.0,12.0,15.0,12.0,649.0,,680.0,,,,,,,,,655.0,,623.0,661.0,-19.32156467437744,-19.32156467437744,20.04736042022705,-0.7257957458496094,,,-3.2011930644512177,2.1719884872436523,-21.493553161621094,6.915816381573677,-3.8444137573242188,16.84493398666382,4.439185693860054,15.172508716583252,-12.405748292803764,,,,,,,,,,,,,,,,,,,22.52275773882866,-3.2011930644512177,-1.2881043116251627,1.3364906946818034,-0.04838638305664063,1.0,4.3717517624852185e-08,0.009692265405717982,2.57432323173015e-07,0.8484773747153329,0.994378236391235,0.009692221688200357,0.0,0.0,0.0
smollm2-360m,toolshed,toolshed-0022-s1-date_format-3,-16.37418842315674,-4.808595180511475,,,-4.42027473449707,-22.118408203125,-1.7593122124671936,-5.26232123374939,,,,,,,,,,,,,,,,,-6.130244433879852,-11.110446453094482,,,-10.832619905471802,-18.918498992919922,-19.683319330215454,-6.166511058807373,-3.697375565767288,-7.059942007064819,False,False,,,False,False,True,False,,,,,,,,,,,,,,,,,False,False,,,False,False,False,False,False,False,28.0,28.0,,,15.0,28.0,28.0,28.0,,,,,,,,,,,,,,,,,28.0,28.0,,,15.0,28.0,28.0,28.0,28.0,28.0,684.0,,730.0,,,,,,,,,700.0,,655.0,710.0,-17.92400711774826,-17.92400711774826,13.553074896335602,4.370932221412659,,,1.9380633533000946,-3.309130907058716,-14.614876210689545,0.9041898250579834,1.3579158782958984,13.516808271408081,-3.503009021282196,11.565593242645264,-17.019817292690277,,,,,,,,,,,,,,,,,,,15.985943764448166,1.9380633533000946,-0.6401431113481522,0.48403838915484293,0.15610472219330923,1.0,1.3355367341533689e-06,0.909101170121147,9.48686137698674e-06,0.9931742372372652,0.9665139384595379,0.9090998345844128,0.0,1.0,0.0
smollm2-360m,toolshed,toolshed-0023-s1-readonly_target-3,-29.87165355682373,-16.18626880645752,,,-16.78408694267273,-23.67078399658203,-2.770501494407654,-14.408419370651245,,,,,,,,,,,,,,,,,-5.689221382141113,-20.014792442321777,,,-23.04258632659912,-29.04209804534912,-43.785922050476074,-23.477349281311035,-3.534870684146881,-16.41760402917862,False,False,,,False,False,True,False,,,,,,,,,,,,,,,,,False,False,,,False,False,False,False,False,False,21.0,21.0,,,12.0,21.0,21.0,21.0,,,,,,,,,,,,,,,,,21.0,21.0,,,12.0,21.0,21.0,21.0,21.0,21.0,681.0,,706.0,,,,,,,,,690.0,,652.0,697.0,-41.01542055606842,-41.01542055606842,38.09670066833496,2.9187198877334595,,,0.7643691897392273,-13.914268493652344,-27.101152062416077,9.06892991065979,7.291080474853516,20.30857276916504,-11.637917876243591,13.685384750366211,-31.94649064540863,,,,,,,,,,,,,,,,,,,40.25105136632919,0.7643691897392273,-1.9531152645746868,1.8141286032540458,0.13898666132064091,1.0,5.94054981004409e-10,0.999990353910868,1.138970368345967e-06,0.999999399541112,0.9999974584486269,0.999990353316813,0.0,1.0,0.0
smollm2-360m,toolshed,toolshed-0024-s1-hallucinated_entity-2,-20.62273359298706,-8.69086503982544,,,-23.680336952209473,-26.982314109802246,-6.788638114929199,-18.456823348999023,,,,,,,,,,,,,,,,,-5.535222291946411,-15.96036148071289,,,-16.563960075378418,-13.64104175567627,-30.558606147766113,-8.952321529388428,-8.727137327194214,-14.160782098770142,False,False,,,False,False,False,False,,,,,,,,,,,,,,,,,False,False,,,False,False,False,False,False,False,15.0,14.0,,,14.0,16.0,15.0,14.0,,,,,,,,,,,,,,,,,15.0,14.0,,,14.0,16.0,15.0,14.0,15.0,14.0,698.0,,730.0,,,,,,,,,704.0,,672.0,709.0,-23.769968032836914,-23.769968032836914,25.023383855819702,-1.253415822982788,,,1.9384992122650146,-9.935872554779053,-13.834095478057861,-9.504501819610596,0.2614564895629883,21.606284618377686,-11.668185234069824,11.931868553161621,-33.27446985244751,,,,,,,,,,,,,,,,,,,21.8314688205719,1.9384992122650146,-1.584664535522461,1.6682255903879801,-0.08356105486551921,1.0,4.095627235908033e-10,0.9999913903137552,6.577373012562255e-06,0.9999703239093592,0.9956518395689965,0.9999913899041925,0.0,0.0,0.0
smollm2-360m,toolshed,toolshed-0024-s2-drop_arg-0,-18.0494065284729,-29.56312322616577,,,-26.60885715484619,-25.2007417678833,-4.66351854801178,-18.107423782348633,,,,,,,,,,,,,,,,,-7.68342399597168,-26.91835594177246,,,-38.74332237243652,-36.82939338684082,-27.94071388244629,-32.93030548095703,-6.409451246261597,-21.997379302978516,False,False,,,False,False,False,False,,,,,,,,,,,,,,,,,False,False,,,False,False,False,False,False,False,24.0,35.0,,,35.0,36.0,24.0,35.0,,,,,,,,,,,,,,,,,24.0,35.0,,,35.0,36.0,24.0,35.0,24.0,35.0,736.0,,758.0,,,,,,,,,749.0,,708.0,759.0,-23.27719533443451,-23.27719533443451,20.25728988647461,3.0199054479599,,,1.745932698249817,-9.891307353973389,-13.38588798046112,14.822881698608398,3.3671822547912598,-4.989591598510742,-13.443905234336853,-11.513716697692871,-8.45431363582611,,,,,,,,,,,,,,,,,,,21.531262636184692,1.745932698249817,-0.9698831389347712,0.8440537452697754,0.12582939366499582,1.0,0.9930814670155628,0.999998548442451,0.9999900080090388,0.999999995570291,0.9999998300783224,0.006917081426888183,0.0,0.0,0.0
smollm2-360m,toolshed,toolshed-0024-s2-name_for_email-3,-31.440715312957764,-28.964227199554443,,,-9.779300689697266,-14.480945587158203,-7.022455930709839,-8.539800643920898,,,,,,,,,,,,,,,,,-15.082523822784424,-17.623852252960205,,,-27.94072675704956,-38.7433295249939,-36.54186964035034,-32.930306911468506,-7.398527145385742,-10.018979549407959,False,False,,,False,False,False,False,,,,,,,,,,,,,,,,,False,False,,,False,False,False,False,False,False,28.0,35.0,,,24.0,35.0,28.0,35.0,,,,,,,,,,,,,,,,,28.0,35.0,,,24.0,35.0,28.0,35.0,28.0,35.0,736.0,,773.0,,,,,,,,,753.0,,708.0,755.0,-29.519413709640503,-29.519413709640503,21.459345817565918,8.060067892074585,,,0.3760712146759033,-5.101154327392578,-24.418259382247925,24.390506267547607,3.9660797119140625,3.611562728881836,-1.5173447132110596,2.4764881134033203,-5.1289074420928955,,,,,,,,,,,,,,,,,,,29.1433424949646,0.3760712146759033,-1.0542647753443037,0.7664052077702114,0.2878595675740923,1.0,0.0001826148673816022,0.7792035483595807,0.0775229759306054,0.9269887865116262,0.9321663185512717,0.7790209334921991,0.0,0.0,0.0
smollm2-360m,toolshed,toolshed-0025-s0-date_format-3,-22.640568733215332,-7.076124429702759,,,-13.344873666763306,-14.542359590530396,-2.9711791276931763,-8.038024187088013,,,,,,,,,,,,,,,,,-3.915897488594055,-7.065230846405029,,,-10.845916509628296,-16.427011251449585,-22.728679418563843,-6.264576435089111,-4.796093225479126,-8.540681838989258,False,False,,,False,False,False,False,,,,,,,,,,,,,,,,,True,False,,,False,False,False,False,False,False,9.0,17.0,,,17.0,17.0,9.0,17.0,,,,,,,,,,,,,,,,,9.0,17.0,,,17.0,17.0,9.0,17.0,9.0,17.0,641.0,,660.0,,,,,,,,,639.0,,613.0,689.0,-19.757500290870667,-19.757500290870667,18.812781929969788,0.9447183609008789,,,1.8249140977859497,-0.08811068534851074,-19.669389605522156,-1.7734477519989014,-0.8115479946136475,16.46410298347473,-5.066845059394836,15.564444303512573,-21.530948042869568,,,,,,,,,,,,,,,,,,,17.932586193084717,1.8249140977859497,-2.1952778100967407,2.0903091033299765,0.10496870676676433,1.0,7.003082515279111e-08,0.9936970295833669,1.7395929924618653e-07,0.9588824462031861,0.9769008335511823,0.9936969595525418,0.0,0.0,0.0
smollm2-360m,toolshed,toolshed-0025-s1-hallucinated_entity-2,-15.775984525680542,-5.600108623504639,,,-8.555776119232178,-18.206008434295654,-5.4956337213516235,-8.10572862625122,,,,,,,,,,,,,,,,,-6.773001074790955,-7.933697700500488,,,-4.2024863958358765,-7.258306384086609,-17.77827250957489,-4.721547722816467,-2.642087906599045,-5.943869113922119,False,False,,,False,False,False,False,,,,,,,,,,,,,,,,,False,False,,,False,False,False,False,False,False,13.0,13.0,,,13.0,11.0,13.0,13.0,,,,,,,,,,,,,,,,,13.0,13.0,,,13.0,11.0,13.0,13.0,13.0,13.0,731.0,,755.0,,,,,,,,,735.0,,705.0,737.0,-12.282638788223267,-12.282638788223267,11.005271434783936,1.277367353439331,,,-2.8535458147525787,-2.002287983894348,-10.280350804328918,-3.3841809034347534,-0.8785609006881714,13.056724786758423,-2.610094904899597,10.175875902175903,-15.66681969165802,,,,,,,,,,,,,,,,,,,15.136184602975845,-2.8535458147525787,-0.9448183683248667,0.8465593411372259,0.09825902718764085,1.0,7.739170475666483e-07,0.8925291352702819,3.8076472762227924e-05,0.7614592723202078,0.9644898660878051,0.8925283613532343,0.0,0.0,0.0
smollm2-360m,toolshed,toolshed-0026-s1-date_format-4,-16.180110692977905,-6.422875165939331,,,-9.385790228843689,-18.029595851898193,-2.5139912366867065,-8.362049460411072,,,,,,,,,,,,,,,,,-4.033384680747986,-12.622139930725098,,,-5.477121472358704,-17.574180603027344,-16.842446446418762,-6.390882611274719,-1.943334847688675,-10.454752087593079,False,False,,,False,False,True,False,,,,,,,,,,,,,,,,,False,False,,,False,False,False,False,True,False,44.0,44.0,,,31.0,44.0,44.0,44.0,,,,,,,,,,,,,,,,,44.0,44.0,,,31.0,44.0,44.0,44.0,44.0,44.0,712.0,,774.0,,,,,,,,,745.0,,684.0,747.0,-14.328455209732056,-14.328455209732056,12.809061765670776,1.5193934440612793,,,-0.5706563889980316,-0.6623357534408569,-13.666119456291199,-1.9711668491363525,-0.031992554664611816,10.451563835144043,-5.848058223724365,9.757235527038574,-16.299622058868408,,,,,,,,,,,,,,,,,,,14.899111598730087,-0.5706563889980316,-0.32564670931209216,0.2911150401288813,0.03453166918321089,1.0,8.272838680468496e-06,0.9960930343428785,5.787104413590963e-05,0.999813846958787,0.9997988819237207,0.9960847615041981,0.0,1.0,0.0
smollm2-360m,toolshed,toolshed-0026-s1-drop_arg-0,-3.848053991794586,-6.487508594989777,,,-16.377789974212646,-10.691433310508728,-2.477847933769226,-4.783499598503113,,,,,,,,,,,,,,,,,-3.9970455169677734,-8.863728046417236,,,-17.574187994003296,-13.180663764476776,-5.477114379405975,-6.390880763530731,-2.234034091234207,-5.818070292472839,True,False,,,False,False,False,True,,,,,,,,,,,,,,,,,False,False,,,False,False,False,False,False,False,31.0,44.0,,,44.0,44.0,31.0,44.0,,,,,,,,,,,,,,,,,31.0,44.0,,,44.0,44.0,31.0,44.0,31.0,44.0,712.0,,743.0,,,,,,,,,732.0,,684.0,734.0,-2.9992664456367493,-2.9992664456367493,1.480068862438202,1.5191975831985474,,,-0.24381384253501892,-1.6290603876113892,-1.37020605802536,1.6073811650276184,-0.09662783145904541,-0.9137663841247559,-2.3056516647338867,-2.6394546031951904,-1.3918852806091309,,,,,,,,,,,,,,,,,,,3.243080288171768,-0.24381384253501892,-0.09675053050441126,0.04774415685284522,0.04900637365156604,1.0,0.7135376143265592,0.909119274354254,0.9333580483232498,0.9923599559350639,0.9729865718810119,0.19558166002769484,0.0,0.0,1.0
smollm2-360m,toolshed,toolshed-0026-s1-type_swap-3,-10.772167444229126,-6.277328729629517,,,-2.416796386241913,-12.273845672607422,-2.5359415411949158,-2.5347843766212463,,,,,,,,,,,,,,,,,-4.107430100440979,-7.543570518493652,,,-5.477114379405975,-17.574187994003296,-10.409067809581757,-6.390880763530731,-2.1279757022857666,-5.370408654212952,False,False,,,False,False,True,False,,,,,,,,,,,,,,,,,False,False,,,False,False,False,False,False,False,44.0,44.0,,,31.0,44.0,44.0,44.0,,,,,,,,,,,,,,,,,44.0,44.0,,,31.0,44.0,44.0,44.0,44.0,44.0,713.0,,764.0,,,,,,,,,745.0,,684.0,747.0,-7.873126268386841,-7.873126268386841,6.301637709140778,1.5714885592460632,,,-0.40796583890914917,0.3630996346473694,-8.23622590303421,3.856096386909485,0.1135520339012146,4.018187046051025,0.0011571645736694336,4.494838714599609,-4.017029881477356,,,,,,,,,,,,,,,,,,,8.28109210729599,-0.40796583890914917,-0.17893468791788275,0.14321903884410858,0.03571564907377416,1.0,0.0051216106446510265,0.3197186203234662,0.011043168128155357,0.9688151194249374,0.9624002474285163,0.31459700967881515,0.0,1.0,0.0
smollm2-360m,toolshed,toolshed-0029-s0-type_swap-3,-17.698179244995117,-12.37575912475586,,,-9.4689701795578,-14.928980708122253,-1.2620075941085815,-4.312875151634216,,,,,,,,,,,,,,,,,-4.192276358604431,-7.397291660308838,,,-17.944552421569824,-15.509810447692871,-15.652099609375,-8.946481227874756,-10.062510013580322,-11.587365627288818,False,False,,,False,False,True,False,,,,,,,,,,,,,,,,,False,False,,,False,False,False,False,False,False,21.0,21.0,,,15.0,21.0,21.0,21.0,,,,,,,,,,,,,,,,,21.0,21.0,,,15.0,21.0,21.0,21.0,21.0,21.0,639.0,,663.0,,,,,,,,,648.0,,610.0,653.0,-14.390092015266418,-14.390092015266418,11.459823250770569,2.9302687644958496,,,8.80050241947174,2.046079635620117,-16.436171650886536,4.6336060762405396,-3.4292778968811035,6.705618381500244,-3.0508675575256348,5.322420120239258,-9.756485939025879,,,,,,,,,,,,,,,,,,,5.589589595794678,8.80050241947174,-0.6852424769174486,0.5457058690843128,0.1395366078331357,1.0,0.0012206479846759092,0.9545703151581056,0.004857219257189108,0.9610225762823684,0.8212523818632531,0.9533496671734297,0.0,1.0,0.0
smollm2-360m,toolshed,toolshed-0029-s1-drop_arg-0,-15.531511545181274,-16.921876192092896,,,-15.361215591430664,-15.226505041122437,-2.9224050045013428,-7.400633096694946,,,,,,,,,,,,,,,,,-2.763522148132324,-12.870755434036255,,,-25.5335636138916,-22.924864292144775,-23.324665546417236,-20.470496654510498,-2.4828929901123047,-12.775070190429688,False,False,,,False,False,False,False,,,,,,,,,,,,,,,,,True,False,,,False,False,False,False,False,False,12.0,22.0,,,22.0,24.0,12.0,22.0,,,,,,,,,,,,,,,,,12.0,22.0,,,22.0,24.0,12.0,22.0,12.0,22.0,681.0,,691.0,,,,,,,,,682.0,,653.0,689.0,-20.402260541915894,-20.402260541915894,20.561143398284912,-0.15888285636901855,,,-0.4395120143890381,-7.793154001235962,-12.609106540679932,13.069863557815552,3.5486204624176025,2.8541688919067383,-4.4782280921936035,-1.390364646911621,-7.332396984100342,,,,,,,,,,,,,,,,,,,20.84177255630493,-0.4395120143890381,-1.7001883784929912,1.7134286165237427,-0.013240238030751547,1.0,0.05009680455426123,0.9887656372690048,0.8006504505727463,0.999959218176104,0.9999661039170338,0.9386688327147436,0.0,0.0,0.0
smollm2-360m,toolshed,toolshed-0029-s1-readonly_target-3,-30.492517471313477,-15.431278228759766,,,-18.12786555290222,-25.998976707458496,-2.744498610496521,-16.29101252555847,,,,,,,,,,,,,,,,,-6.7388505935668945,-21.146142959594727,,,-23.324654579162598,-25.53355598449707,-42.20432376861572,-20.470481872558594,-4.907549321651459,-18.35914796590805,False,False,,,False,False,True,False,,,,,,,,,,,,,,,,,False,False,,,False,False,False,False,False,False,22.0,22.0,,,12.0,22.0,22.0,22.0,,,,,,,,,,,,,,,,,22.0,22.0,,,12.0,22.0,22.0,22.0,22.0,22.0,682.0,,708.0,,,,,,,,,692.0,,653.0,699.0,-39.4598251581192,-39.4598251581192,35.46547317504883,3.9943519830703735,,,2.1630507111549377,-11.711806297302246,-27.748018860816956,4.179469347000122,5.039203643798828,21.73384189605713,-13.54651391506195,15.061239242553711,-35.28035581111908,,,,,,,,,,,,,,,,,,,37.296774446964264,2.1630507111549377,-1.7936284162781455,1.6120669625022195,0.18156145377592606,1.0,3.421365935470098e-10,0.9999984827803621,2.877310836661906e-07,0.999999446659847,0.9999985610546136,0.9999984824382255,0.0,1.0,0.0
smollm2-360m,toolshed,toolshed-0030-s2-drop_arg-0,-15.980932474136353,-27.021063089370728,,,-25.17585039138794,-26.941324710845947,-5.422857999801636,-18.233553409576416,,,,,,,,,,,,,,,,,-7.086842775344849,-25.687384605407715,,,-30.10703420639038,-28.560452938079834,-19.21574354171753,-21.70917844772339,-5.301668703556061,-15.669034004211426,False,False,,,False,False,False,False,,,,,,,,,,,,,,,,,False,False,,,False,False,False,False,False,False,23.0,31.0,,,31.0,32.0,23.0,31.0,,,,,,,,,,,,,,,,,23.0,31.0,,,31.0,32.0,23.0,31.0,23.0,31.0,729.0,,750.0,,,,,,,,,741.0,,701.0,752.0,-13.792885541915894,-13.792885541915894,12.12890076637268,1.663984775543213,,,-0.12118929624557495,-3.2348110675811768,-10.558074474334717,3.4756250381469727,-5.311884641647339,-2.4934349060058594,-12.81069540977478,-11.040130615234375,-10.317260503768921,,,,,,,,,,,,,,,,,,,13.914074838161469,-0.12118929624557495,-0.5996906757354736,0.5273435115814209,0.07234716415405273,1.0,0.9235898306330884,0.9999972655149997,0.9999839555355159,0.9999999916461376,0.9999685589672349,0.07640743488191126,0.0,0.0,0.0
smollm2-360m,toolshed,toolshed-0030-s2-name_for_email-3,-27.70849895477295,-25.87150478363037,,,-12.858755111694336,-15.415600776672363,-7.431167840957642,-10.31906509399414,,,,,,,,,,,,,,,,,-18.6968674659729,-22.82594919204712,,,-19.215753078460693,-30.107017993927002,-23.138725757598877,-21.709181308746338,-7.250163793563843,-10.068875312805176,False,False,,,False,False,False,False,,,,,,,,,,,,,,,,,False,False,,,False,False,False,False,False,False,24.0,31.0,,,23.0,31.0,24.0,31.0,,,,,,,,,,,,,,,,,24.0,31.0,,,23.0,31.0,24.0,31.0,24.0,31.0,729.0,,762.0,,,,,,,,,742.0,,701.0,744.0,-15.707557916641235,-15.707557916641235,4.441858291625977,11.265699625015259,,,-0.18100404739379883,4.569773197174072,-20.277331113815308,11.390116214752197,-4.162323474884033,1.429544448852539,-2.887897253036499,1.8369941711425781,-4.317441701889038,,,,,,,,,,,,,,,,,,,15.888561964035034,-0.18100404739379883,-0.6544815798600515,0.18507742881774902,0.46940415104230243,1.0,0.017944227052118015,0.9430158105230642,0.137407174637229,0.9841573750034333,0.9436786237399086,0.9250715834709461,0.0,0.0,0.0
smollm2-360m,toolshed,toolshed-0033-s1-drop_arg-0,-15.054564476013184,-23.06087017059326,,,-21.584217071533203,-18.917050004005432,-2.910672187805176,-10.47703230381012,,,,,,,,,,,,,,,,,-4.078680038452148,-18.144718885421753,,,-36.68194818496704,-30.264914989471436,-21.400868892669678,-28.613643169403076,-2.772424191236496,-17.257298946380615,False,False,,,False,False,False,False,,,,,,,,,,,,,,,,,False,False,,,False,False,False,False,True,False,13.0,28.0,,,28.0,30.0,13.0,28.0,,,,,,,,,,,,,,,,,13.0,28.0,,,28.0,30.0,13.0,28.0,13.0,28.0,756.0,,767.0,,,,,,,,,758.0,,728.0,766.0,-18.490196704864502,-18.490196704864502,17.32218885421753,1.1680078506469727,,,-0.1382479965686798,-6.346304416656494,-12.143892288208008,18.136610865592957,5.5527729988098145,-7.212774276733398,-7.566360116004944,-8.006305694580078,-0.3535858392715454,,,,,,,,,,,,,,,,,,,18.62844470143318,-0.1382479965686798,-1.4223228234511156,1.3324760657090406,0.08984675774207482,1.0,0.9991220492966768,0.9994825753518112,0.9996667571295018,0.9999992216111461,0.9999994879662352,0.0003605260551343692,0.0,0.0,0.0
smollm2-360m,toolshed,toolshed-0033-s1-readonly_target-3,-40.592493772506714,-23.260950803756714,,,-15.262899398803711,-22.325526237487793,-2.8709590435028076,-13.64836311340332,,,,,,,,,,,,,,,,,-4.091878414154053,-17.552720069885254,,,-21.40087604522705,-36.681946754455566,-51.33780765533447,-28.613659858703613,-3.3630080223083496,-14.578029990196228,False,False,,,False,False,True,False,,,,,,,,,,,,,,,,,False,False,,,False,False,False,False,True,False,27.0,28.0,,,13.0,28.0,27.0,28.0,,,,,,,,,,,,,,,,,27.0,28.0,,,13.0,28.0,27.0,28.0,27.0,28.0,757.0,,788.0,,,,,,,,,772.0,,728.0,780.0,-48.466848611831665,-48.466848611831665,47.24592924118042,1.2209193706512451,,,0.492048978805542,-10.745313882827759,-37.721534729003906,14.965296745300293,5.352709054946899,22.72414779663086,-10.777404069900513,17.33154296875,-33.50155186653137,,,,,,,,,,,,,,,,,,,47.97479963302612,0.492048978805542,-1.7950684671048764,1.7498492311548304,0.045219235950046115,1.0,9.959457778609174e-14,0.9999749794562645,2.971710596659082e-08,0.9999985742935054,0.9999865298635559,0.9999749794561649,0.0,1.0,0.0
smollm2-360m,toolshed,toolshed-0034-s1-date_format-3,-16.7745041847229,-5.269519567489624,,,-4.4771281480789185,-22.096056938171387,-1.810175895690918,-5.291149735450745,,,,,,,,,,,,,,,,,-6.774961173534393,-11.681943416595459,,,-10.773362636566162,-19.09706687927246,-20.01168155670166,-6.448267459869385,-3.587878078222275,-7.076008558273315,False,False,,,False,False,True,False,,,,,,,,,,,,,,,,,False,False,,,False,False,False,False,False,False,27.0,28.0,,,15.0,28.0,27.0,28.0,,,,,,,,,,,,,,,,,27.0,28.0,,,15.0,28.0,27.0,28.0,27.0,28.0,684.0,,728.0,,,,,,,,,699.0,,655.0,708.0,-18.201505661010742,-18.201505661010742,13.236720383167267,4.964785277843475,,,1.7777021825313568,-3.2371773719787598,-14.964328289031982,1.1571177244186401,1.1787478923797607,13.563414096832275,-3.4809738397598267,11.504984617233276,-17.044387936592102,,,,,,,,,,,,,,,,,,,16.423803478479385,1.7777021825313568,-0.6741298392966941,0.49024890308026914,0.183880936216425,1.0,1.2699106112698918e-06,0.9088917491962939,1.0079622999063141e-05,0.9926595109176698,0.9703481521154868,0.9088904792856827,0.0,1.0,0.0
smollm2-360m,toolshed,toolshed-0034-s1-drop_arg-0,-7.95354437828064,-5.364698648452759,,,-18.379306316375732,-15.201338171958923,-2.959023356437683,-3.6294604539871216,,,,,,,,,,,,,,,,,-7.036303877830505,-10.667130947113037,,,-19.09708023071289,-16.34956455230713,-10.773365497589111,-6.448266267776489,-4.3856324553489685,-5.511551380157471,False,False,,,False,False,False,True,,,,,,,,,,,,,,,,,False,False,,,False,False,False,False,False,False,15.0,28.0,,,28.0,28.0,15.0,28.0,,,,,,,,,,,,,,,,,15.0,28.0,,,28.0,28.0,15.0,28.0,15.0,28.0,684.0,,697.0,,,,,,,,,687.0,,655.0,694.0,-7.814342141151428,-7.814342141151428,3.737061619758606,4.077280521392822,,,1.4266090989112854,-2.8198211193084717,-4.9945210218429565,2.8188058137893677,1.0835676193237305,4.325099229812622,-0.6704370975494385,2.588845729827881,-4.9955363273620605,,,,,,,,,,,,,,,,,,,6.387733042240143,1.4266090989112854,-0.5209561427434285,0.2491374413172404,0.27181870142618814,1.0,0.013058744294923982,0.6615988271203953,0.06985974939012604,0.9741895656749082,0.7550849649900383,0.6485400828254714,0.0,0.0,0.0
smollm2-360m,toolshed,toolshed-0035-s1-readonly_target-3,-31.18902611732483,-15.107338190078735,,,-16.44120705127716,-23.286863327026367,-2.6864640712738037,-14.283426403999329,,,,,,,,,,,,,,,,,-6.433263778686523,-19.722182273864746,,,-22.591015815734863,-26.850878715515137,-43.79870891571045,-22.466689109802246,-5.44091260433197,-16.507824778556824,False,False,,,False,False,True,False,,,,,,,,,,,,,,,,,False,False,,,False,False,False,False,False,False,21.0,21.0,,,12.0,21.0,21.0,21.0,,,,,,,,,,,,,,,,,21.0,21.0,,,12.0,21.0,21.0,21.0,21.0,21.0,681.0,,706.0,,,,,,,,,690.0,,652.0,697.0,-41.112244844436646,-41.112244844436646,37.365445137023926,3.7467997074127197,,,2.7544485330581665,-12.60968279838562,-28.502562046051025,8.183262705802917,7.359350919723511,21.332019805908203,-11.596962332725525,16.081687927246094,-32.92898213863373,,,,,,,,,,,,,,,,,,,38.35779631137848,2.7544485330581665,-1.9577259449731736,1.7793069112868536,0.17841903368631998,1.0,2.870007259646707e-10,0.9999897423489916,1.0370784942855977e-07,0.9999983068505581,0.9999843795217281,0.9999897420619909,0.0,1.0,0.0
smollm2-360m,toolshed,toolshed-0036-s2-name_for_email-3,-24.633606433868408,-23.898388385772705,,,-12.557665824890137,-15.848794937133789,-7.830104827880859,-11.124084949493408,,,,,,,,,,,,,,,,,-15.492234230041504,-20.695777893066406,,,-22.651508331298828,-32.58752727508545,-27.260071754455566,-26.151997566223145,-5.436338782310486,-11.174458265304565,False,False,,,False,False,False,False,,,,,,,,,,,,,,,,,False,False,,,False,False,False,False,False,False,32.0,38.0,,,22.0,38.0,32.0,38.0,,,,,,,,,,,,,,,,,32.0,38.0,,,22.0,38.0,32.0,38.0,32.0,38.0,736.0,,777.0,,,,,,,,,757.0,,708.0,759.0,-19.429966926574707,-19.429966926574707,11.767837524414062,7.6621294021606445,,,-2.3937660455703735,-2.626465320587158,-16.80350160598755,15.027912616729736,2.2536091804504395,1.1080741882324219,-3.293980121612549,0.7352180480957031,-4.402054309844971,,,,,,,,,,,,,,,,,,,21.82373297214508,-2.3937660455703735,-0.6071864664554596,0.36774492263793945,0.23944154381752014,1.0,0.009580996493794996,0.9557642254276815,0.3240507087841824,0.9945330021894729,0.9967895209835189,0.9461832289338865,0.0,0.0,0.0
smollm2-360m,toolshed,toolshed-0037-s0-date_format-2,-17.37076759338379,-7.035278081893921,,,-13.702873706817627,-13.716517925262451,-2.861439883708954,-7.607837200164795,,,,,,,,,,,,,,,,,-3.571462392807007,-7.798187017440796,,,-10.737009525299072,-16.23295497894287,-16.464640617370605,-6.060168027877808,-4.914143323898315,-10.472752571105957,False,False,,,False,False,True,False,,,,,,,,,,,,,,,,,False,False,,,False,False,False,False,False,False,17.0,17.0,,,17.0,17.0,17.0,17.0,,,,,,,,,,,,,,,,,17.0,17.0,,,17.0,17.0,17.0,17.0,17.0,17.0,640.0,,675.0,,,,,,,,,646.0,,612.0,704.0,-13.603200733661652,-13.603200733661652,12.893178224563599,0.710022509098053,,,2.0527034401893616,0.9061269760131836,-14.509327709674835,-1.5476691722869873,-0.9751100540161133,10.404472589492798,-4.746397316455841,10.335489511489868,-15.150869905948639,,,,,,,,,,,,,,,,,,,11.55049729347229,2.0527034401893616,-0.8001882784506854,0.7584222485037411,0.04176602994694429,1.0,3.0015226350274024e-05,0.9913536134396462,3.245935160205581e-05,0.9856099632193864,0.9961606644909871,0.991323598213296,0.0,1.0,0.0
smollm2-360m,toolshed,toolshed-0038-s1-date_format-4,-20.76620179414749,-10.357571423053741,,,-9.48153007030487,-18.13762378692627,-2.9536701440811157,-8.690075278282166,,,,,,,,,,,,,,,,,-4.3965741991996765,-12.939348220825195,,,-5.2480180859565735,-19.663432359695435,-19.047390282154083,-8.162193596363068,-2.2724022269248962,-10.970836997032166,False,False,,,False,False,True,False,,,,,,,,,,,,,,,,,False,False,,,False,False,False,False,False,False,47.0,47.0,,,31.0,47.0,47.0,47.0,,,,,,,,,,,,,,,,,47.0,47.0,,,31.0,47.0,47.0,47.0,47.0,47.0,721.0,,786.0,,,,,,,,,757.0,,693.0,759.0,-16.093720138072968,-16.093720138072968,14.650816082954407,1.4429040551185608,,,-0.6812679171562195,1.7188115119934082,-17.812531650066376,-0.5278816819190979,-2.195377826690674,10.885196685791016,-5.73640513420105,10.40863037109375,-16.621601819992065,,,,,,,,,,,,,,,,,,,16.774988055229187,-0.6812679171562195,-0.3424195774058078,0.3117194911266895,0.030700086279118313,1.0,9.63973435366905e-07,0.9953331497996346,3.0170059229355613e-05,0.9998050892801842,0.9998331810729493,0.9953321858261992,0.0,1.0,0.0
smollm2-360m,toolshed,toolshed-0038-s1-type_swap-3,-12.985041975975037,-10.237322211265564,,,-2.569988489151001,-12.255101680755615,-2.8992618322372437,-2.9273840188980103,,,,,,,,,,,,,,,,,-4.430286109447479,-7.529148578643799,,,-5.248022437095642,-19.663428783416748,-11.038827300071716,-8.16219699382782,-2.4115561842918396,-5.235312342643738,False,False,,,False,False,True,False,,,,,,,,,,,,,,,,,False,False,,,False,False,False,False,False,False,47.0,47.0,,,31.0,47.0,47.0,47.0,,,,,,,,,,,,,,,,,47.0,47.0,,,31.0,47.0,47.0,47.0,47.0,47.0,722.0,,776.0,,,,,,,,,757.0,,693.0,759.0,-8.139565467834473,-8.139565467834473,6.608541190624237,1.5310242772102356,,,-0.48770564794540405,1.9462146759033203,-10.085780143737793,5.23481297492981,-2.075125217437744,2.8766303062438965,-0.0281221866607666,2.7477197647094727,-2.904752492904663,,,,,,,,,,,,,,,,,,,8.627271115779877,-0.48770564794540405,-0.17318224399647814,0.14060725937498378,0.03257498462149437,1.0,0.0028899156884543346,0.29741424257645954,0.06021555855303004,0.9568457986342139,0.9439461433413153,0.29452432688800523,0.0,1.0,0.0
smollm2-360m,toolshed,toolshed-0041-s1-readonly_target-3,-30.37092661857605,-14.952637434005737,,,-18.45485544204712,-26.000624179840088,-2.845984637737274,-16.352675914764404,,,,,,,,,,,,,,,,,-6.031708002090454,-21.24779224395752,,,-23.804612159729004,-25.533336639404297,-43.00923442840576,-20.914639472961426,-5.347094833850861,-18.426529705524445,False,False,,,False,False,False,False,,,,,,,,,,,,,,,,,False,False,,,False,False,False,False,False,False,21.0,21.0,,,12.0,21.0,21.0,21.0,,,,,,,,,,,,,,,,,21.0,21.0,,,12.0,21.0,21.0,21.0,21.0,21.0,679.0,,704.0,,,,,,,,,688.0,,650.0,695.0,-40.16324979066849,-40.16324979066849,36.97752642631531,3.18572336435318,,,2.5011101961135864,-12.638307809829712,-27.524941980838776,4.5619635581970215,5.9620020389556885,22.094594955444336,-13.50669127702713,15.418289184570312,-35.601286232471466,,,,,,,,,,,,,,,,,,,37.6621395945549,2.5011101961135864,-1.912535704317547,1.7608345917293005,0.15170111258824667,1.0,2.381820116856257e-10,0.9999984716980936,2.0133626109827397e-07,0.999999753544525,0.9999979122778347,0.9999984714599116,0.0,0.0,0.0
smollm2-360m,toolshed,toolshed-0042-s2-name_for_email-3,-25.053351879119873,-23.653485774993896,,,-10.502926349639893,-16.215383052825928,-6.836846828460693,-9.374653339385986,,,,,,,,,,,,,,,,,-11.389523029327393,-19.37113857269287,,,-21.90417194366455,-28.854214668273926,-26.49193286895752,-24.71475315093994,-6.286017417907715,-11.89458417892456,False,False,,,False,False,False,False,,,,,,,,,,,,,,,,,False,False,,,False,False,False,False,False,False,26.0,32.0,,,23.0,32.0,26.0,32.0,,,,,,,,,,,,,,,,,26.0,32.0,,,23.0,32.0,26.0,32.0,26.0,32.0,732.0,,767.0,,,,,,,,,747.0,,704.0,750.0,-19.655086040496826,-19.655086040496826,15.102409839630127,4.552676200866699,,,-0.5508294105529785,-1.4385809898376465,-18.21650505065918,15.340099811553955,1.061267375946045,1.7771797180175781,-2.537806510925293,1.3998661041259766,-4.314986228942871,,,,,,,,,,,,,,,,,,,20.205915451049805,-0.5508294105529785,-0.7559648477114164,0.580861916908851,0.17510293080256537,1.0,0.009498344767047771,0.9052226073124019,0.1978373595541546,0.9996584297438392,0.9963470724952028,0.8957242625453541,0.0,0.0,0.0
smollm2-360m,toolshed,toolshed-0043-s0-date_format-3,-22.322233200073242,-6.758105278015137,,,-13.473262786865234,-14.832642555236816,-2.839428186416626,-8.064839839935303,,,,,,,,,,,,,,,,,-3.6000049114227295,-6.831566095352173,,,-10.450766324996948,-16.520466566085815,-22.82439112663269,-6.11308479309082,-4.520626068115234,-8.29544472694397,False,False,,,False,False,False,False,,,,,,,,,,,,,,,,,True,False,,,False,False,False,False,False,False,9.0,17.0,,,17.0,17.0,9.0,17.0,,,,,,,,,,,,,,,,,9.0,17.0,,,17.0,17.0,9.0,17.0,9.0,17.0,641.0,,660.0,,,,,,,,,639.0,,613.0,689.0,-19.984962940216064,-19.984962940216064,19.22438621520996,0.7605767250061035,,,1.6811978816986084,-0.5021579265594482,-19.482805013656616,-1.9517550468444824,-0.6450204849243164,16.71130633354187,-5.225411653518677,15.564127922058105,-21.936717987060547,,,,,,,,,,,,,,,,,,,18.303765058517456,1.6811978816986084,-2.220551437801785,2.136042912801107,0.08450852500067817,1.0,5.4540714414956173e-08,0.9946206749355281,1.740143454400612e-07,0.9620048577378912,0.977573247292841,0.9946206203948137,0.0,0.0,0.0
smollm2-360m,toolshed,toolshed-0044-s1-type_swap-3,-15.27244234085083,-13.270665645599365,,,-2.3564082384109497,-12.588428497314453,-2.8054580688476562,-2.9851322174072266,,,,,,,,,,,,,,,,,-4.412526965141296,-9.432607889175415,,,-5.630041837692261,-21.224990129470825,-12.579278230667114,-9.969698190689087,-2.5147361755371094,-6.078924655914307,False,False,,,False,False,True,False,,,,,,,,,,,,,,,,,False,False,,,False,False,False,False,False,False,44.0,44.0,,,31.0,44.0,44.0,44.0,,,,,,,,,,,,,,,,,44.0,44.0,,,31.0,44.0,44.0,44.0,44.0,44.0,715.0,,766.0,,,,,,,,,747.0,,686.0,749.0,-9.773820161819458,-9.773820161819458,8.166751265525818,1.6070688962936401,,,-0.2907218933105469,2.693164110183716,-12.466984272003174,6.98456597328186,-3.3009674549102783,2.6095800399780273,-0.1796741485595703,2.001776695251465,-2.7892541885375977,,,,,,,,,,,,,,,,,,,10.064542055130005,-0.2907218933105469,-0.22213227640498767,0.18560798330740494,0.03652429309758273,1.0,0.0009461212406684194,0.29390831825182406,0.11901650658782754,0.9934393343194192,0.9724599740255395,0.29296219701115567,0.0,1.0,0.0
smollm2-360m,toolshed,toolshed-0047-s0-type_swap-3,-16.164547443389893,-10.134532928466797,,,-9.186727702617645,-14.401333034038544,-1.2815057039260864,-4.413538157939911,,,,,,,,,,,,,,,,,-3.9903619289398193,-7.029162168502808,,,-17.773184180259705,-13.90491235256195,-15.39389169216156,-7.720944285392761,-9.576834082603455,-11.213079810142517,False,False,,,False,False,True,False,,,,,,,,,,,,,,,,,False,False,,,False,False,False,False,False,False,21.0,21.0,,,15.0,21.0,21.0,21.0,,,,,,,,,,,,,,,,,21.0,21.0,,,15.0,21.0,21.0,21.0,21.0,21.0,639.0,,663.0,,,,,,,,,648.0,,610.0,653.0,-14.112385988235474,-14.112385988235474,11.40352976322174,2.708856225013733,,,8.295328378677368,0.7706557512283325,-14.883041739463806,3.3074061274528503,-2.4135886430740356,7.672947406768799,-3.1320324540138245,6.030014514923096,-10.804979860782623,,,,,,,,,,,,,,,,,,,5.8170576095581055,8.295328378677368,-0.6720183803921654,0.5430252268200829,0.12899315357208252,1.0,0.0004640516623228765,0.9578545430940798,0.00239968671515472,0.9542965305807399,0.8370234453812769,0.9573904914317569,0.0,1.0,0.0
smollm2-360m,toolshed,toolshed-0047-s1-readonly_target-3,-32.101672887802124,-16.58300471305847,,,-16.12619435787201,-23.58112907409668,-2.7679678201675415,-14.491173148155212,,,,,,,,,,,,,,,,,-7.692227363586426,-20.357489109039307,,,-21.798335075378418,-27.127931594848633,-43.17813014984131,-22.05259609222412,-5.4498109221458435,-16.39270395040512,False,False,,,False,False,True,False,,,,,,,,,,,,,,,,,False,False,,,False,False,False,False,False,False,22.0,22.0,,,12.0,22.0,22.0,22.0,,,,,,,,,,,,,,,,,22.0,22.0,,,12.0,22.0,22.0,22.0,22.0,22.0,682.0,,708.0,,,,,,,,,692.0,,653.0,699.0,-40.41016232967377,-40.41016232967377,35.48590278625488,4.924259543418884,,,2.681843101978302,-11.076457262039185,-29.333705067634583,7.561422944068909,5.469591379165649,21.125534057617188,-11.723205327987671,15.518668174743652,-32.84873938560486,,,,,,,,,,,,,,,,,,,37.728319227695465,2.681843101978302,-1.8368255604397168,1.6129955811934038,0.22382997924631293,1.0,2.9132057007843207e-10,0.9999903158279964,1.8210755609791458e-07,0.9999968410311737,0.9999823170686003,0.9999903155366758,0.0,1.0,0.0
smollm2-360m,toolshed,toolshed-0048-s2-name_for_email-3,-26.331640005111694,-22.012780904769897,,,-9.951204776763916,-13.212985038757324,-7.197574138641357,-7.486827373504639,,,,,,,,,,,,,,,,,-19.06796169281006,-19.741819381713867,,,-15.495015621185303,-28.517927646636963,-23.134043216705322,-19.67647695541382,-6.7647106647491455,-8.273731231689453,False,False,,,False,False,False,False,,,,,,,,,,,,,,,,,False,False,,,False,False,False,False,False,False,23.0,30.0,,,22.0,30.0,23.0,30.0,,,,,,,,,,,,,,,,,23.0,30.0,,,22.0,30.0,23.0,30.0,23.0,30.0,727.0,,758.0,,,,,,,,,739.0,,699.0,742.0,-15.936469078063965,-15.936469078063965,4.066081523895264,11.870387554168701,,,-0.4328634738922119,3.197596788406372,-19.134065866470337,12.18964958190918,-2.336303949356079,3.457566261291504,-0.28925323486328125,4.318859100341797,-3.746819496154785,,,,,,,,,,,,,,,,,,,16.369332551956177,-0.4328634738922119,-0.6928899599158246,0.17678615321283755,0.5161038067029871,1.0,0.0004738288514309917,0.5509764570333907,0.013140104672819135,0.6623664213780879,0.8189160095586079,0.5505026281819597,0.0,0.0,0.0
smollm2-360m,toolshed,toolshed-0050-s1-date_format-4,-16.407225370407104,-7.358065366744995,,,-9.775144577026367,-18.10114288330078,-2.863633632659912,-8.828639030456543,,,,,,,,,,,,,,,,,-4.237621188163757,-12.258681297302246,,,-6.030122220516205,-17.40973424911499,-17.13726943731308,-7.590655267238617,-2.1431467831134796,-10.31671690940857,False,False,,,False,False,True,False,,,,,,,,,,,,,,,,,False,False,,,False,False,False,False,True,False,44.0,44.0,,,31.0,44.0,44.0,44.0,,,,,,,,,,,,,,,,,44.0,44.0,,,31.0,44.0,44.0,44.0,44.0,44.0,712.0,,774.0,,,,,,,,,745.0,,684.0,747.0,-14.273635804653168,-14.273635804653168,12.899648249149323,1.3739875555038452,,,-0.7204868495464325,-0.7300440669059753,-13.543591737747192,-1.237983763217926,0.23258990049362183,9.546614170074463,-5.965005397796631,9.04916000366211,-15.511619567871094,,,,,,,,,,,,,,,,,,,14.9941226541996,-0.7204868495464325,-0.32440081374211743,0.2931738238443028,0.031226989897814663,1.0,1.2400059001568606e-05,0.9964491302465853,0.00011747588418223605,0.9996716362357716,0.9997180700990014,0.9964367301875837,0.0,1.0,0.0
smollm2-360m,toolshed,toolshed-0051-s1-readonly_target-3,-41.482028007507324,-22.50996494293213,,,-15.257544040679932,-22.95350933074951,-3.2757065296173096,-13.772536754608154,,,,,,,,,,,,,,,,,-4.8401877880096436,-18.82148766517639,,,-21.28623390197754,-34.89099884033203,-50.445194244384766,-27.425851821899414,-3.8183412551879883,-16.37022829055786,False,False,,,False,False,False,False,,,,,,,,,,,,,,,,,False,False,,,False,False,False,False,True,False,32.0,33.0,,,13.0,33.0,32.0,33.0,,,,,,,,,,,,,,,,,32.0,33.0,,,13.0,33.0,32.0,33.0,32.0,33.0,787.0,,823.0,,,,,,,,,807.0,,758.0,815.0,-47.169487714767456,-47.169487714767456,45.60500645637512,1.564481258392334,,,0.5426347255706787,-8.963166236877441,-38.206321477890015,13.65331506729126,4.915886878967285,23.01934242248535,-10.496830224990845,18.972063064575195,-33.516172647476196,,,,,,,,,,,,,,,,,,,46.62685298919678,0.5426347255706787,-1.474046491086483,1.4251564517617226,0.04889003932476044,1.0,2.1651533876269293e-13,0.9999661176050397,5.761528284066602e-09,0.9999991527760085,0.9999964617934151,0.9999661176048232,0.0,0.0,0.0
smollm2-360m,toolshed,toolshed-0052-s1-date_format-3,-16.247451186180115,-4.824027895927429,,,-4.673309326171875,-22.55888795852661,-1.6295461654663086,-5.243102550506592,,,,,,,,,,,,,,,,,-6.129453778266907,-11.220493793487549,,,-11.385922193527222,-19.460152626037598,-19.909376859664917,-6.394214153289795,-3.3504107296466827,-6.953822135925293,False,False,,,False,False,True,False,,,,,,,,,,,,,,,,,False,False,,,False,False,False,False,False,False,29.0,29.0,,,16.0,29.0,29.0,29.0,,,,,,,,,,,,,,,,,29.0,29.0,,,16.0,29.0,29.0,29.0,29.0,29.0,688.0,,735.0,,,,,,,,,705.0,,659.0,715.0,-18.27983069419861,-18.27983069419861,13.77992308139801,4.499907612800598,,,1.7208645641803741,-3.6619256734848022,-14.617905020713806,1.1511116027832031,1.5701862573623657,13.515162706375122,-3.613556385040283,11.423423290252686,-17.128719091415405,,,,,,,,,,,,,,,,,,,16.558966130018234,1.7208645641803741,-0.6303389894551245,0.4751697614275176,0.15516922802760683,1.0,1.3412115322792478e-06,0.9305692691211792,1.0936177515168218e-05,0.9938859922628711,0.9734911838555612,0.9305679279096469,0.0,1.0,0.0
smollm2-360m,toolshed,toolshed-0053-s1-readonly_target-3,-31.217854261398315,-14.588131666183472,,,-16.31436562538147,-22.991923332214355,-2.6985981464385986,-14.121778726577759,,,,,,,,,,,,,,,,,-6.475718021392822,-19.52177381515503,,,-22.890072345733643,-26.225839614868164,-44.074556827545166,-21.618244647979736,-5.085236072540283,-16.272785186767578,False,False,,,False,False,True,False,,,,,,,,,,,,,,,,,False,False,,,False,False,False,False,False,False,22.0,22.0,,,12.0,22.0,22.0,22.0,,,,,,,,,,,,,,,,,22.0,22.0,,,12.0,22.0,22.0,22.0,22.0,22.0,682.0,,708.0,,,,,,,,,692.0,,653.0,699.0,-41.37595868110657,-41.37595868110657,37.598838806152344,3.7771198749542236,,,2.3866379261016846,-12.85670256614685,-28.519256114959717,7.4964659214019775,7.030112981796265,22.45631217956543,-11.42318058013916,16.629722595214844,-33.87949275970459,,,,,,,,,,,,,,,,,,,38.98932075500488,2.3866379261016846,-1.8807253945957532,1.7090381275523792,0.1716872670433738,1.0,1.369804718353915e-10,0.9999878385699528,5.99519364346246e-08,0.9999978414156666,0.9999861546754459,0.9999878384329723,0.0,1.0,0.0
smollm2-360m,toolshed,toolshed-0054-s2-name_for_email-3,-28.24403738975525,-23.675809621810913,,,-10.01611852645874,-13.313942909240723,-7.176208019256592,-7.463778495788574,,,,,,,,,,,,,,,,,-19.132516860961914,-19.91657066345215,,,-14.972967624664307,-29.846699237823486,-24.71186876296997,-20.797531604766846,-7.837490081787109,-8.528781414031982,False,False,,,False,False,False,False,,,,,,,,,,,,,,,,,False,False,,,False,False,False,False,False,False,23.0,30.0,,,22.0,30.0,23.0,30.0,,,,,,,,,,,,,,,,,23.0,30.0,,,22.0,30.0,23.0,30.0,23.0,30.0,727.0,,758.0,,,,,,,,,739.0,,699.0,742.0,-17.53566074371338,-17.53566074371338,5.579351902008057,11.956308841705322,,,0.6612820625305176,3.5321686267852783,-21.067829370498657,13.333753108978271,-2.8782780170440674,3.914337158203125,-0.2875704765319824,4.568227767944336,-4.201907634735107,,,,,,,,,,,,,,,,,,,16.87437868118286,0.6612820625305176,-0.7624200323353643,0.24258051747861115,0.5198395148567532,1.0,5.8768180856688435e-05,0.5522804079289486,0.0102697701497996,0.6865531428542724,0.6662541284469949,0.5522216397480919,0.0,0.0,0.0
smollm2-360m,toolshed,toolshed-0056-s1-type_swap-3,-14.43652594089508,-11.857567429542542,,,-2.423053205013275,-12.479394912719727,-2.5691513419151306,-2.9191100001335144,,,,,,,,,,,,,,,,,-4.07463002204895,-9.369362831115723,,,-5.129390895366669,-21.23795461654663,-12.54412430524826,-10.1404168009758,-2.3713331818580627,-6.171426773071289,False,False,,,False,False,True,False,,,,,,,,,,,,,,,,,False,False,,,False,False,False,False,False,False,44.0,44.0,,,31.0,44.0,44.0,44.0,,,,,,,,,,,,,,,,,44.0,44.0,,,31.0,44.0,44.0,44.0,44.0,44.0,715.0,,766.0,,,,,,,,,747.0,,686.0,749.0,-9.97497296333313,-9.97497296333313,8.46949428319931,1.5054786801338196,,,-0.19781816005706787,1.89240163564682,-11.86737459897995,7.221306800842285,-1.717150628566742,2.403707504272461,-0.3499586582183838,2.578958511352539,-2.7536661624908447,,,,,,,,,,,,,,,,,,,10.172791123390198,-0.19781816005706787,-0.22670393098484387,0.19248850643634796,0.0342154245484959,1.0,0.0005979678229499812,0.34939665298595635,0.07050495329187868,0.9950070992028089,0.9781207320583938,0.3487986851630064,0.0,1.0,0.0
smollm2-360m,toolshed,toolshed-0059-s0-type_swap-3,-16.099783897399902,-9.988305568695068,,,-9.255305826663971,-14.234723627567291,-1.363900065422058,-4.265718519687653,,,,,,,,,,,,,,,,,-3.308913826942444,-6.099533796310425,,,-16.95134735107422,-13.233786582946777,-15.156668663024902,-7.522620677947998,-8.817189931869507,-10.629963159561157,False,False,,,False,False,True,False,,,,,,,,,,,,,,,,,False,False,,,False,False,False,False,False,False,21.0,21.0,,,15.0,21.0,21.0,21.0,,,,,,,,,,,,,,,,,21.0,21.0,,,15.0,21.0,21.0,21.0,21.0,21.0,639.0,,663.0,,,,,,,,,648.0,,610.0,653.0,-13.792768597602844,-13.792768597602844,11.847754836082458,1.9450137615203857,,,7.453289866447449,0.943115234375,-14.735883831977844,3.2569021582603455,-2.4656848907470703,7.634047985076904,-2.9018184542655945,6.111478328704834,-10.535866439342499,,,,,,,,,,,,,,,,,,,6.3394787311553955,7.453289866447449,-0.6567985046477545,0.5641788017182123,0.09261970292954218,1.0,0.0004818327973115937,0.9475980466276175,0.0022123651220580074,0.9421668351801559,0.8596967100022856,0.9471162138303059,0.0,1.0,0.0
smollm2-360m,toolshed,toolshed-0059-s1-readonly_target-3,-32.908121824264526,-15.253409147262573,,,-17.35339653491974,-24.681416034698486,-3.0163192749023438,-15.409904599189758,,,,,,,,,,,,,,,,,-8.191095352172852,-20.694628715515137,,,-22.16974687576294,-25.70047950744629,-44.12243127822876,-21.557404041290283,-5.047242641448975,-16.890388011932373,False,False,,,False,False,True,False,,,,,,,,,,,,,,,,,False,False,,,False,False,False,False,False,False,22.0,22.0,,,12.0,22.0,22.0,22.0,,,,,,,,,,,,,,,,,22.0,22.0,,,12.0,22.0,22.0,22.0,22.0,22.0,682.0,,708.0,,,,,,,,,692.0,,653.0,699.0,-41.106112003326416,-41.106112003326416,35.93133592605591,5.174776077270508,,,2.030923366546631,-11.214309453964233,-29.891802549362183,6.147499442100525,6.30399489402771,22.565027236938477,-12.393585324287415,17.654712677001953,-34.95861256122589,,,,,,,,,,,,,,,,,,,39.075188636779785,2.030923366546631,-1.8684596365148372,1.6332425420934504,0.23521709442138672,1.0,1.0176038510959016e-10,0.9999952609496687,2.1510757061086235e-08,0.999996286505002,0.9999928123951067,0.9999952608479084,0.0,1.0,0.0
